validation_csv_offset,label,nonlabel_source_csv_string_sha256,rendered_flow_block_sha256,prediction,correct
324,DDoS_UDP,506e196d53ebe46003e9ed7b2ef737b96643fbd3a7bf2c60c88d51b59da162d2,b540bf75dadbd7c5238c5262318b91913a77b802e0e4fee19cd34ead5ff1725e,DDoS_ICMP,0
340,Ransomware,62951f00b75268c4a09d7ce5567d2babee70f4e44bf9621b29e3ec042c851b89,1434fcebad8f8960c3567e6a15fc98f1d41ae291d936cebc3ac16a1a2fbebe68,Ransomware,1
384,Fingerprinting,decfcbf128129b357d98bf3e88b41e8a6f90d080cb3ccdf13c6083acb6674774,0c9b8ee6d7462f93ca1089c93bac8ac8e610de7b1e2e6ea1cc85817e83a18a12,Fingerprinting,1
637,DDoS_UDP,84b5c9092a80f40460570da2065b68f3d3faf4eca0d72046b021d1ed6c976a36,aab49a25942e0bacff5eb15d0d1b4dce55563b58781ba49eef9c37e5740d0659,DDoS_UDP,1
706,Vulnerability_scanner,145c17cc8153ddbf1016dd3c49398900bd303b4e47338cc3a4ec23bc6cdf0b05,87462904a8a5f352c4ed7c97d2589ef77de4980944e3c10c8f8a92fe21f07089,Vulnerability_scanner,1
720,SQL_injection,f62e8818fb44a28068b5e145f4758f6b3dc20cc8d2d481c5b0519cc94a3939a6,624a0ff73137fb19dc698327995dbff9386796391f0ed39ba5af2ef1003ab365,SQL_injection,1
828,DDoS_HTTP,7217ad4c4d04a27fb3e7c163ee346ced336d43e8bd7b624cbef68461820c1f2c,b5b767e029cb144d1e9393ef0be5f2269639be3767011f977955513b2b0770a3,Password,0
838,DDoS_HTTP,14606392996bfb9e3674c5c8cd9ac6745984c2e60d0caa7b78b37438de2be231,fe739c08a3358011835ff4649b108fc3078346b974e5e3f68c533b547eb4ff9c,DDoS_HTTP,1
845,Normal,fe9fd90d0481d85fa2bec67112b0416ae80587e8ebbdf4102d2f83ba32a221d2,563b22fc98758ac7b488c08a1cafaceb86cbe1b6b4c6418240768cc949d50e5e,Normal,1
878,Vulnerability_scanner,f39d2a5aaca81813881d35246928bed2c072ef7a4fce82d909c6bdf93d7ab82f,3bd6ae577326a293cb08c32857d76aea06f7a5fb540fb4f63ebe3e9bddd6a1f8,Vulnerability_scanner,1
894,Password,adc6b86b6d40b74e13d4b4f30dec6d8eaec9c5149474320ef07d47352c29d0d4,c25e2cd083ebd329595f2e5bc7445976a314371fff85fc77b1e03a44985d5d28,Password,1
921,Password,02cd80601013e857eacb892e3260e4638b1f27f3443e3efac8a0ac388f5a7d20,1a7af34fb49011f5c70bfa008dc9efe6102cce370038958f56cd6e34d1823d1c,Password,1
1013,DDoS_TCP,25cc6effa8db930eb30e8fb8723a3ced49d3cc784570da5d582589a7e52c8829,dfbaae012abf4a383c1aec9cf44d43efdaa0ba51070a59404c62571ea9ecd325,DDoS_TCP,1
1023,DDoS_TCP,061bb57727ca27aed007c666108a24d8e3265583c8a6a27278e4c22a6bbd5885,925d70aa0794405a94b1aa6593ec0e3a06f8fbf000a9a490f57e2cce861085cb,DDoS_TCP,1
1139,Backdoor,6fe7d7b4d1357a74c392b63011ca16381f67cf8e092d441869f9c4d5fb33cc3e,0933c84d988408d1b471343f886067272d6630a78b20f78b07c320f83b12b08b,Backdoor,1
1225,Port_Scanning,4fae905c1fe489933f359c214f8ea1e65fef5a5c91e34baa1d6ff3bb6768b1e6,101455d87bd7f9601a31d6f0e43cb5e13c8378f0db5f0d671b0e95d7e937291b,Port_Scanning,1
1437,DDoS_ICMP,a3051831c98f0eda01e2a0fef658a10cace41b4685ba9bacd27709638293dd39,ec0a909ed47a8dd5b8ac193e66a13b5a35acc972ba119472e5dadedb456e2bef,DDoS_ICMP,1
1441,MITM,bae42f1c3f3e5950c0743d0d59f28114d7ed491ee31a25135a6d1499d6732e14,30a4cdbdeb117e033080216cfb416bfe482ec31c27d733981afeee213a506e0c,MITM,1
1589,Uploading,b88e2652ea5f21817521f308718233c28fad65a61ced2dcc66c16f18890c17d3,b5914135ac1f615a16c3fcaf29ad7b95a37ba96d8f5f201a3835b8648ebc1c23,XSS,0
1903,Backdoor,5bbe7985c3824e096e211d1241372640c98e82505ec81280f9a00400f1fec9d2,1cff1a1148d0e4ab078982bc06106b1a4149d1ab42c1341078d0dd3d7b403cdd,Backdoor,1
1908,Port_Scanning,aa11ca012aa0648581bea2bac80c3abe8c3003ef4ab3e50c07e33ccec59afc63,8fe2c148e61d9b32cd5f74af2ba0d9c80212fda58b76f17dbe563caee9a3fd86,Port_Scanning,1
1951,DDoS_UDP,c058243dba0d2268a5d0fe8c77d7fb74a369a4bf0efc702da11d663119bf4a7d,8a90ec1c7958295de9e45c97f752b7564754c21bff7a49d058a64e33909e6cfb,DDoS_UDP,1
2020,Backdoor,56d3d6dc51f350fd622231658798d3f96a9199087c49ea3a4cdc3e0e1de9cc67,1cff1a1148d0e4ab078982bc06106b1a4149d1ab42c1341078d0dd3d7b403cdd,Backdoor,1
2074,DDoS_ICMP,e5fbff826611073e19f60e264926a3dcd92ff34ebf4c243beadd7c3b598c70c3,ec650c7d2847faabe6d9be6985aee0e1e4c59bae31a77f4bb5d89cc413953947,DDoS_ICMP,1
2353,SQL_injection,a991b5a6bd075f0e3c76544d5513c6d41c5fa14a37ea8fcff76d85612f46e0bf,2e53fff615142790d6f0cbebf6420f0a8e6b0c1b8573a2e8b6372ebb3d05a53f,SQL_injection,1
2391,Backdoor,f347ac4cca0b9b3628c2effcff18120bba57d137434bc06e0ff29132a743b02e,c2a82d36602d597a55320fd53d18d48f3fe46e52528f525af2d66e6481273e53,Backdoor,1
2448,Port_Scanning,15635a9e3aa4305c92091559bfd1898d039e5eeacd6a7a5c324f09a01bd25c44,121dfe72e4c937fc801f3820827c8e1ad5f2729454c9a341079475f153e36a1f,Port_Scanning,1
2481,DDoS_UDP,acf8be04711768c3a4a488f4a3e98c4e7ca013e72867586ebd4fd13bd9f00ce6,6aa6683dc014c06dadc41e1a499ea91cfe896f84c785eb6108ed3739247df8f1,DDoS_UDP,1
2497,Password,c8d0fcd00af8b9e486093c5477ecfa3f4655d08a3ccb04a429d60806d73ea66e,eeca47907120c2710e2fa0240d999520915a076c2107bff67d483980cf6f1d49,Password,1
2751,Vulnerability_scanner,bcd7f82920c50c221e7c261029fc23c817eb68d83f6bb22800654d25b87c7d42,430d0bca8fb7260ecc9cc6950d57336789d2c8ab02354ed11adcab808701603e,Vulnerability_scanner,1
2777,DDoS_TCP,5070bfff74dfb2481fd92875661313ac7833ee42499e368e4c6f5a4928339441,e612d425c93ec1335670e7734f991b77946ca0c8db005f0df7c53e6052c9b652,DDoS_TCP,1
2871,DDoS_HTTP,fe139a78f302aa6738df5acadfb9deea26720cbcc4fcc35e5d25c0f40a3758fa,3e0c004daaf597f293546707aa3ed189d7c7e6028d6c9dbd27912341ad119420,DDoS_HTTP,1
3334,XSS,f4f9934a968263f9f1395c1e8fd74ebe94c1f1f6ebb13b7b30687f60c4f3dca1,6adc27876f9a8ada088858db630b5bac710c05d1ec4343f2092fd7ca6aad7e8f,XSS,1
3399,SQL_injection,8957cd17896aa5e45fd18070909ea26f6bdcb808c3abe5563c316d9458e7a5f2,4956546dbd20bb8a1df1136a8196d22fcaac63772228ec3f194af4fce888e5bc,SQL_injection,1
3489,DDoS_UDP,dcfa643df75cf0301f7d8534f0dec665608adc0c6112d3acab1c714bee038589,324aa3ebf07180310b3f62bc6fcb6861e8e3308baeee82b6e1631e3efed5378e,DDoS_UDP,1
3621,DDoS_UDP,279f33e79df8307970d2acfd900a9602f5e29f90a03b981a358fc23d52be5c58,6235a84b75503136e7623dad2297b1cc35cf9a472c4bd88b3a54a962adb894a8,DDoS_UDP,1
3773,Normal,36422faaf652476f07ce3bdf0158974cc56350690e9f117cbdaa7f0d8bcc6efa,9b3307edd834a0fa5420818ed6f790b59ffdabef45c9643621ced0006ae17397,Normal,1
3940,MITM,2c16fbcdf9ae764396db726e85d88d51220c895d6cd2d13557118654b1435d79,f16f93b86149b5877d6393eab597213a591e2c77ae1c20e329fcee0d15aabffc,MITM,1
4237,XSS,884e04c82734aa5841daa5f32356595379be4aa0151f11a566b0024361efb986,879ed7519790c35a61a8ca67b8216da7a5945da4efa3bdc3153a3b4e09e9597f,XSS,1
4377,Uploading,b4b9c3e00b60a3de2246f3ec865c61bd07962f3e276fa8da8d7e9ce1a1d220c9,730ce3723586ab3ac62ad9ddb72dafd7fe6e0c74c718d484082b758de77fd4cb,Uploading,1
4378,DDoS_HTTP,1dd01271bf0f474c83a0741edd8347986568ff5e1e8887c992deacbbcb80a980,58de75ccb23d05e7a6a413be8e3fafae4e2c0dd5543099edcea51258449185e9,DDoS_HTTP,1
4504,DDoS_TCP,7d64ce9ee619d72e0c2524d7e87e7dc2938395d0cd973b07d91d5f25b528bbb7,ae7844d7b2e58b7b149e22e80aefb62660eca60992636d3c37a914b493871161,DDoS_TCP,1
4521,Vulnerability_scanner,ad0f8b281df022f2d749e9c8b1a569076ba08858d90792586a3f85d1e937aca4,90d4af4aa67f16aaf508927216efa9f6a499db88b086c38099cbe7bd5c4d5ee9,Vulnerability_scanner,1
4553,Password,ab1d37aa4f9ab9aace9e82a2767b9a4d4565a7721bda8a1f32e0864c5a591006,0e651235a8daec7256a2f65f7891328ae249a77f1d6358e62704e2cd11874211,Password,1
4694,DDoS_ICMP,3240a4e2444f5102f0a466f7fb1e2e90e58733e81a6b9e11383ef7055adf3561,efd605461996e216347474f128fe8ceb972ac5fbe87699428eab2b841951aa9f,DDoS_ICMP,1
4797,Ransomware,343c5c9cba49d94005892193b3d7a1745956263bbf2c77f0cf367762399bbdf1,238218b039283f5a45ee0d38f4ad7e90ea8db0b682a1f59d4cc6831d5db1ceda,Ransomware,1
4838,Ransomware,6f748cf254ba974979e2503359ce80d1dc90d2c75d3eaa05bd82260e94bcf888,8b8769b55133d61bc6ab7eb3ee94ef210ee970dc3d028235e3e664094e54a086,Ransomware,1
5143,DDoS_ICMP,d8269d748dd5f9f430c52ace35bb1dd167a7250d28a2f68dd571d3d07e86e973,2427e03f055988c261ca7b33a1c3ac2e608641c08c51c9c8edb6d1a9fef994fc,DDoS_ICMP,1
5173,Normal,981d8ad2b2168625ac8569d036435240dd38a8aaf5814075bda80556d49d554a,a0367d944438b1a4fb152bd731e933d6831f49c0836878a5db0d6db80716c7fb,Normal,1
5397,Fingerprinting,b1f5d1ba73570f021bda3821bb12e91ca35feddc31acccc6a6bedc1b46e3b238,d1b3986d54cb74365ed210c66939fb7e1a26786b7909e662216d41a17ac480f6,Fingerprinting,1
5398,XSS,470ff165f881ecbfea1ddcff56bb7dd7bd1ce3de453a26300199f920b77b547d,736485e27a278ddcc5fcc99282a343011ccdf982264c89e6afe3e6e924a2e5a9,XSS,1
5527,Uploading,4418dbb2ed4193142a1b563d170f39e23df234a5306844168b025d0ea1b6369d,3705df02389074676df802edd5f3b835bddc830ea361cb4d9b80f1bfee247a29,Uploading,1
5543,DDoS_ICMP,6d9b52e5b1870d7769dcce79ff71a57355b74d0159abe9f8d8be38a3bd2ebb02,8470e3936e2aaab9840bea89678d83c9fb7eba959fa4015a68d694ddb1910af2,DDoS_ICMP,1
5598,Ransomware,8fef4111286bb3ad136a7e60188b0a61edf5a5a4b5c7034616040587281dbddc,15d67b93aeb11dbc8f6289f3d603abf0f5e49547624ebc1efc11203638afe585,Ransomware,1
5807,XSS,797474697bab81d5c47d5f1dc7834956870d45ca6adc43a906a52cae08ae69de,0b3276f51fedcc5f54973d0bb9ca118488a71905e196640c7eb4995a1e3d6480,XSS,1
5834,Backdoor,0d080ab268abce4b6af772ef5bb190d2d40467f2ef981fc1c32216ea0a18e076,23fefaaeca8e763be2bfbd97da3fef4b979bc20753984fe1e07e3296f419b9b7,Backdoor,1
5869,MITM,0d3ff3e32c3bd33c94b592d85f2799ced94f76fe8c38ac9de9fd8f38370ad31a,89cc3112f38bc350efe19d00e845c613de608b2596c6d481137593aef6feea38,MITM,1
5925,Fingerprinting,905814aadc87b244f9159fd5bb3efedc59d16f0b815c14dc24788b0977fd8b59,0c9b8ee6d7462f93ca1089c93bac8ac8e610de7b1e2e6ea1cc85817e83a18a12,Fingerprinting,1
6029,Backdoor,88c80f7456c60fdebd9968ec0f2a469b356b80d8bcf0787c1558efeb100fb9d6,1cff1a1148d0e4ab078982bc06106b1a4149d1ab42c1341078d0dd3d7b403cdd,Backdoor,1
6382,SQL_injection,fbbef9a985cc13e98a73146b668731c70df2fe7a0e3686f620188f081fca9530,f3b2efd4dc3a7137c568bf057727dbc1dc15a39b924a2a965c7973cd6aa5e5a8,SQL_injection,1
6412,Backdoor,87b8a472209d88865e6861d51056e6e3df075d2262d3a239ec81b2a253133df3,fa6df089bd19511426edc1bae8aa476babc04f3bf650f9efe875f1dea44bd299,Backdoor,1
6503,DDoS_TCP,b18bf34c94eba06167673390cb1167d5212e56ffc31b57950581548ae070926f,5901b8de6fe8f5dc96b2cad26b9d2d411b54cc7728d11f21b04713b051664f6f,DDoS_TCP,1
6635,Backdoor,ba717d4b31e34c72e8bbb060a442983ab051cb1496a9aab7c3eb9e7bd73afc0a,1cff1a1148d0e4ab078982bc06106b1a4149d1ab42c1341078d0dd3d7b403cdd,Backdoor,1
6754,DDoS_HTTP,4e71de7f92592d04318c14b52301c1cef4d3ba10157791fe5d748466d11f6235,78ac761529599813de284d0d39f8eba428e38d708bd86726d51f57f8abc50710,DDoS_HTTP,1
6959,Password,6ff4d8c2fddef3a9c84409cbd93a793e70142e168444b97a094b5a9bd2832fe6,39b729fc45ac5a375d3ec2e5786a7cf123a591929288dae6dbecbb200ed1162e,Password,1
7008,Vulnerability_scanner,3387f5e2335167547ef81bed93c558963ef4e321e12a5e4ec8be193d15681c6f,9b8477c18253f429128890bcf5ff84974a0777d893c9e97e1794f3729b848a69,Vulnerability_scanner,1
7377,Ransomware,60066d7f53ee6f6f09033dca58e3278af0abeba471151c296507ef5abe8f3607,accc78cfe6806abee23fb6a0c23dc9f00e56f60f27e4cf1871f323ed1dfe8788,Ransomware,1
7410,DDoS_TCP,a39e9c47d71091b4fd888de3171a70581e73120de41e4f5dae2ef9b042115bf6,c0b791d541acccd041d7186e4e233dc027dc7d854225e6e8bb13dc79ef9d72ad,DDoS_TCP,1
7511,Ransomware,7075680f4eb40532b8a1b9cc5b3be7eaa51a44913d5ecc5b449a8529a743d933,8d0bcb2004f4e16217f62d305debe4a3142edc254133d5b99d18db1422ff21aa,Ransomware,1
7517,Ransomware,77c3b23ff743167c02120a6603ca94c0d9e0595405a4065e37b89cefee064e8d,15d67b93aeb11dbc8f6289f3d603abf0f5e49547624ebc1efc11203638afe585,Ransomware,1
7750,Vulnerability_scanner,9db61af10842bb87b284531196e0c83a75b7b40f5a14ef7ad110a0a2f30eadb8,17c94fc01434e9908ad3d6b3f9d659e71bc350d0d8efc6b0243bd92470dc79e0,Vulnerability_scanner,1
7816,DDoS_HTTP,2d56e1b3c6d89d967259ff25e0f6f5b8f78ba3cfb85d772b75fb5059d84d0fda,ecfb3bfae70375dc05f6352a55dc8e7ed72f5606b6cca8ade121ff655f52b2b0,DDoS_HTTP,1
7828,Normal,fb25b03d05ac3b3042e987770a411c4c5dca2a561686ef81a114fe248b333821,f52c6f2964b8bf191362f49fefeeedfbc3419c038706309771e1b73314dcd0a9,Normal,1
7830,Normal,bb1d233511926db64313b8049cb2418d8b69d0a040339bac7a7ab9557c9658d6,ffbf5805f08ef5174d3d6c8711140f1b6214975709ea5a9584cd26e69b8c52de,Normal,1
8012,Normal,fa4da5465298d7c4a30feaf1d2b4a41d8d6fc99fa4bc326180455da5279bb4ad,125f119ebc684562bd9dbef51127d396f650b757f5894344677c5133e8e7fad4,Normal,1
8062,Uploading,a67b3776dd1f1fa29b8a8f07a0725f744ae73a6244bbdee692dc52d4af4fbfa9,be986cbfa4229e4cd865961b598b045fa63eec80656e9f7a65b0cdee8f6b2217,XSS,0
8356,MITM,bae42f1c3f3e5950c0743d0d59f28114d7ed491ee31a25135a6d1499d6732e14,30a4cdbdeb117e033080216cfb416bfe482ec31c27d733981afeee213a506e0c,MITM,1
8419,Password,de24e3065890a891338cb66831c7e7145c8c6c5d5f98cef8db6b430a869bb0a0,2a1c836d1a0354e4b188ba90155cfa26d220fca3c8991d3384e3f7896073abf5,Password,1
8421,SQL_injection,482d99cdec1506b3bead638f018da7ec6cef8c630f3651dbbead6ec301b6e833,23b1e226e4345cdebe81a040bb263258b49cb572fbf334239be301002df4a16b,SQL_injection,1
8426,SQL_injection,2de10d890bd5e9a654c7b9d6273af5f22269c23b52363b500ed53322cb37f083,30bcd47e50fa24129627d84783eeba6d4730591f871f5dd84bcdcd5485a9bcf0,SQL_injection,1
8548,Port_Scanning,b1581a61fe932ec4fe73f841b7be23c2b7f313ccc476783a3a95051856d93611,8843766e2e85143c66617c49c0fd71ae9d9ca50fc40949e5bf53654af302f4fd,Port_Scanning,1
8624,DDoS_ICMP,cb998e51ba12d7ef574ba83237179f577557127c09722ac9b7d74decf11c31c3,8f78602d041f4e71fc1f48958573aae3b4e9793bd4d7b9279123f08eace4b965,DDoS_ICMP,1
8980,XSS,b6c240dfe15f34e26f40d38e5a17e5c13d87eb883d2c2809cb1b46018efb259c,62113f257d8dd79a6efbb21129a9eb90a0733fae517dddead0453f7ea5560630,XSS,1
9026,Port_Scanning,81d34c018886d5760c5dc52a94119807813899b4fd4e11c55a59ac91d9d46b7a,bd889bfec4d26dff177b333415234726c95ecf47f65ec85ce6d2f5eb66ea4e66,Port_Scanning,1
9040,Uploading,0e03000b840f1136200a0dae922f335b96b8e52aa675b231d2915ef7fa69109f,750ed61233fab2ae42a4d6c4f035672fff84525a6c86860899ecead3d8c7bba6,Uploading,1
9059,XSS,2c5237527846522e120dfa9b693cbd7a100c706b284e35a10d486b2f39da03d1,11ed616417f42d90752f52d2a94949d67f4e5220c74b94503385c5da313d4656,XSS,1
9070,XSS,1a33356d69bb2fd6d965791b6c2e59216d5235e65d79ece3c46885b57f847959,628b3da10e3f286ef7c9f0e4dbb33d5de7b71157f4982ebc51e98ae6144b70be,XSS,1
9361,Fingerprinting,caf95ae28d948886c6107df59e64bdff18845b1250c50847234ca05fa2095bc0,0c9b8ee6d7462f93ca1089c93bac8ac8e610de7b1e2e6ea1cc85817e83a18a12,Fingerprinting,1
9560,Backdoor,b3d7bb4886c7336e8f95a4dd5c4816c989aa6e42973c0821afc6b591b0390717,fa6df089bd19511426edc1bae8aa476babc04f3bf650f9efe875f1dea44bd299,Backdoor,1
9632,DDoS_UDP,0f887397d66a1b36cffce77db4f434cee5e643fb551b8f9be14d8227fe1502c3,17727fec96294b548d4d8b42c4845b34d4b101b86c8de06eea82f84ec97b5e7c,DDoS_UDP,1
9733,DDoS_UDP,8f06fa4e4352fd7f6bd0ccee9893dd55ecced53d2758117f2fe3b9414d32a0bd,2998e6830fec88877e530c18cb2c7cac160ed939e007d84e757074fd809ebded,DDoS_UDP,1
9754,Backdoor,a398c16553dbc0838fa4cddb74c38ed6370876c5de7169e4ba0431d79bee4071,80e4dbe30bb48c790a09a45c13cd33a219df29e71ff5d3fbdea0d9817146f9b4,Backdoor,1
9836,Port_Scanning,a95a70a69dd1a92e7ba57fd0b10873c6dd17f24a5cb19600edc288ad25039624,0d34b4e53aae5e6356191e9feec1348cbf60b09524dab7c0d884b44dd433a7d2,Port_Scanning,1
9915,DDoS_TCP,79d0a30243bb3f8f19dedf4acfc6968a7453cc590a6249c8e54b5439a51cd9d7,40631e634aa3f120bca05a820f9c6267f7e66590341c9eda265e0e3cfcb5a553,DDoS_TCP,1
10032,MITM,2c16fbcdf9ae764396db726e85d88d51220c895d6cd2d13557118654b1435d79,f16f93b86149b5877d6393eab597213a591e2c77ae1c20e329fcee0d15aabffc,MITM,1
10179,DDoS_HTTP,bee1176d70dd93e6e03b19eaee3e6e89cc42da01ecddf72cd9a872997f384d56,1a3bcf67e8b1f75933b0030835875ac25158d7ed7b2ae3a971f94cd98a000fb6,Uploading,0
10190,SQL_injection,e783d4c9cf36c3a5b76c99832b7fc759747c02eaae8aa7e123305e8e1be13ada,0d9e6dfa9a2b84df1f00d63146676d55e0bc42a2112c19f0c0ad3e0e59cf59ca,SQL_injection,1
10227,DDoS_TCP,9d66cc90734aaccb32966ca6326263b26f80f9a3198bbd26fec4f8e215f77bb5,c42c3686a9c2844500bf433c7a8b86ba7e07777614dbe989ec2c3931fefc9f11,DDoS_TCP,1
10239,Vulnerability_scanner,f60955d8b83a33308841db6cb30773dfd3766cfb561576a126acd7a6f9455ea1,9524e652016475240c1810ae799a2302726331344c46b780db0d74e9b6390e0d,Vulnerability_scanner,1
10280,Port_Scanning,7e29ed2a878baedd3d216e307821b0b4c4046a522e546994e72d5b16897cea8f,8046dfecaeecf84daab4a4de77dacd27b6e8af2d8f486198b94d9deccc1ffb28,Port_Scanning,1
10295,DDoS_UDP,5eca59a0c4b3053e6b07f084164c54f95d76c2023592d18ebb470291f37b59fb,9703d987a723ecff4ff49961b4967fae375798a540e64c9260a6471e3f8544e7,DDoS_UDP,1
10302,Normal,955e503ceb1ed859385fe8ad8155d00e4a12c8d6e031057faf8d2e4a60bfbb75,c12909d8860b3944d49f3ad4d5636707edb1f362e80f36e08adc199c570b01d5,Normal,1
10330,Ransomware,29ff85143b7bbc3034032e01e7cbc49181d8829c43c619aaf88017bdb567c7df,238218b039283f5a45ee0d38f4ad7e90ea8db0b682a1f59d4cc6831d5db1ceda,Ransomware,1
10334,DDoS_HTTP,19397e692373681d39f8336c209836183278ab81da4fbe3e8eccbbf67795539a,9cd4cc4eabcb25f2cd043063bd3542198e48f56de06152f09d0050562f4e0e7b,DDoS_HTTP,1
10367,Vulnerability_scanner,b7d075f744bcaa4c4cd962100becb76f58429c189cc5c53974c2e7c0ceaca542,1365b4c3cb76ea3a6802cf559f7c9e37c656ce2e6d8ccbdad6392ddeca5828ca,Vulnerability_scanner,1
10439,Vulnerability_scanner,56f07e937a4e6212c8c6325ea1a8e8833b339ee6b14d9c425b0566d065994230,6f048fe9dafc2374c9babe2f9b522c0fe6efe68e2843ae7f93deb268c99d5f33,Vulnerability_scanner,1
10594,DDoS_TCP,877158d4ae2c2a70ea4a2ce57b270ded47d630a17546acd5c32a053793803d13,a4962f3243b34cb97f43484d6ad112b58e48a9479409f6fcfc8d9395396880f2,DDoS_TCP,1
10614,XSS,6c98829bd92436973f8d112f1dd04219c9ef52fb91c720a9d9bb5a3c73386b72,4ad618ee548fbb6c75e9ec24f763d2339c9d7ecff79cb54423ebcaf2d3766822,XSS,1
10718,Vulnerability_scanner,b30df166377a58538dfba1c6df5d70b0c2187caa8986b07a46311d839b1c484f,a79fac0c7a220f8103dd3002bf16eb9c29fa898e9f0bae4e0347dc4d4e92275f,Vulnerability_scanner,1
10721,DDoS_HTTP,79a5fcde9ae4e91de5cf49d91846dd03b82452ea52a79cd8cbaa5bbeebcb87ef,b63555336e0955f2173691f31806e6a4a5ff6865bcf03b099431856e968df9c2,DDoS_HTTP,1
10742,Password,c5bfbf6b2f793f872b2b2c339638b8c530892ba41fd38ec0c23cbf501154f09a,8b711ab231991cf6ea5e10afab7791101f00e49caa3690e7f31a7fb5872ef5ca,Password,1
10770,DDoS_UDP,ab1841931f481cb1d3069c00c482aa3113be5ccb4de2f1790fa64e836133f4bd,1146d713633a90f682518611c94682c10e01c6d60e5af81156562bb4a19aff4e,DDoS_UDP,1
10783,SQL_injection,6e03f0f6ba27f57e6aa3676ccc1303a30c6c99f8d0a6057ac77747cf0bb1d05d,ca8d3150e4f8f6e9511e09fbbd59befaeb7612599bac74f5b86ea96796a85e3a,SQL_injection,1
10853,Password,1e65d160a0a20d16291a629ec9c033d11330a49be52a9b40030107c9a4d83926,ec65b5cd3d6565502e9691cf3b5ccc8a37314dc4304e9e27c7b1e97df32cf7dd,Password,1
11051,DDoS_TCP,436f6235e17c15180c7a6cd073d9de200e2958278d0f9c5973bea2b53f0d9781,479180808ea8c8d85660c3a032573b02c61aa0381dd98beab8738c73b41d0c35,DDoS_TCP,1
11057,Password,474e769b73fdad20d8dc851242348be44163539b394581027f8ddb8318440a8f,4344648aca837263d1e2d08fdc7f674981bcb43e0d168f63928c195e2470d226,DDoS_HTTP,0
11071,MITM,bae42f1c3f3e5950c0743d0d59f28114d7ed491ee31a25135a6d1499d6732e14,30a4cdbdeb117e033080216cfb416bfe482ec31c27d733981afeee213a506e0c,MITM,1
11137,Password,f37db5277b53a260773f9df33e2b3ae72dcef01ee7ce522f2417fb03d2fa567c,5f21c116dc2e4963cb6df6152cf31be722f1c8bde9be7d9a57b311cf2174c18b,XSS,0
11367,MITM,d22cdda13141a716124a7a6d66fee5b39009cecb533a43ee1b7da2fbeda32293,d1ca59a4b2348861eb2e088f5e445ef8c2c3a9548766140cec48b5647c15361a,MITM,1
11377,Password,ef68c21565b3a68f18a86c3b3d17a78b2f25075e73effc639f393c07c1fbe7ff,8dea24958ed909c35412f9f9d44d8c22b65cb2b5e09f03cc00a02022d02d027f,Password,1
11469,Ransomware,8b8cb34a8aec886f2d5d50097d0a46e9e72f0e452041fa9ca59c600008b34c00,8b8769b55133d61bc6ab7eb3ee94ef210ee970dc3d028235e3e664094e54a086,Ransomware,1
11490,DDoS_UDP,5c21ec572e4d3666c01a7d5882610c8953e700e30ed85a75448fd3970651addb,c7a3cac7bc94d091a8f51eb6828038ce9ee9e395982c92efbd4133d132f8c819,DDoS_UDP,1
11565,Fingerprinting,ef5e125aa19787df0e43af37a3938adf0ab44c3c9d7ff9919deecb086561fc5f,0c9b8ee6d7462f93ca1089c93bac8ac8e610de7b1e2e6ea1cc85817e83a18a12,Fingerprinting,1
11693,DDoS_UDP,0b440a99f4be4bde7aa6be1015151ce85222320286525d5840591bccb36a03f1,38ad3878a93667743319fdd85845d672400b93525fe79ab7250ac217e095e795,DDoS_UDP,1
11924,XSS,07663df28ee9a148eb16bbd6dd11636de7b80015d49f2c22a6a19904bf771f0c,605df6a91a141009df57d878e8a2eae98c1d09d167f894c49274cdd7664f6370,XSS,1
11940,Normal,379b82334d396ee566b17ea9ce1a98f1577b740a0ac731629de44e17a330b342,2260eca62ad641a110a59493f9a34968faeee475722dd478c0a8e7085c13249c,Normal,1
12026,DDoS_UDP,4da18f36314bbbe03523170dcf1d60d24180bab9a44eb75c4f9cb05ac57ad859,bd97615f856a15304c06c18d94d770431eaf8a12d37dced1e765e67ce2d613ac,DDoS_UDP,1
12064,Port_Scanning,4b139f4b799ad05b868c682de05efc4261ae47acfa145871bfb4e8ff371a64b7,39d0a0d52920231e7a8dbf9164de414e3085e97ab078c1aeaafa14994118c1d4,Port_Scanning,1
12091,Normal,c35c0fa2f2137edc83308c2db902b272e3ee5746484ae1955f877c9b29449e77,8ccd54163cda1c277ebb7e84b5ed8436d0e32a3669b0460992a791da0bbe05e0,Normal,1
12111,DDoS_ICMP,9bf1f66b0e7c53d9668c3f60ee1c62440ba244cf75e716e1d2c9846e2d0ab264,4bf59af11be24eda757e4d5e8ecd4b5290ad1d968d666bea1045860b2398b31a,DDoS_ICMP,1
12447,DDoS_UDP,5456fa532718f46b3ca3a3de08ff3810c487a73df4a9ba9e6fc1619944806f73,5fc8689a5d66143a89e7712160f24410192dea348fc72bb5ff0249a53e4d6416,DDoS_UDP,1
12584,DDoS_ICMP,79f60867993da8b72699da06907b229218385f453406004fa0366794213073a2,3b5a405841de221d3883746f479220e2a0e4aad60e87e0758a28ac1dceb9c3c6,DDoS_ICMP,1
12866,SQL_injection,729b5fec5c99d34fa8db9645384ac6d7db47f328acaa555e096f3dee0cd0198f,65f2e9bd9f1bcc00f1df64e11f2b0478a73fd4281e65639900fc2378ee2c55ce,SQL_injection,1
13006,Vulnerability_scanner,6a4eac28a444f06be63de81603fc7d451e07d9ce044ff5f60706acc77fe5b040,4d16b4573e0372e93d303336bc3b71d1f15795910b596def4750a252f4967376,Vulnerability_scanner,1
13021,SQL_injection,51c8f524c17abc03031e5d8b8e622ec4b0a5501d8ea783afe247be32599c50db,f79cf02788ec663cec93583e61c2983489fdff19a741e236b625124cee3942d4,SQL_injection,1
13076,XSS,a3d8b355b923ab6b090284f175211d401c206b50d65450366207376c5d567950,2493a24ee604c830dfc58f0794669aa48fe1c783e4b4d27761dcc431767870d0,XSS,1
13096,Uploading,b10f94e1db19d134dfde5545b293b68329ce2843b1e25e65046ca3c0972eff63,29e46be053f259224cf623c90a521c7ac142701cb4a25f9b4662addae671ead3,XSS,0
13104,Backdoor,3e5b1b5bdc4afc2f48e74442b3b59839a9f7765cbc9b7d7c38425532bef452cb,799635b400ddd6d31ea9d96d23a8445df6032e2bb8ead17f5cc2a379144523e2,Backdoor,1
13170,Uploading,cfc2eb99af7f3fa4226a7683e97e51f0f075b54a6432a3fb310250d9a51f1b2e,8bd9434a8ef653acbc7ec99f61e3f1361d9b96b68c31556abb70980cd814a4c5,Uploading,1
13408,SQL_injection,7fadf5f86422b6706666e26c4aed780f0410345a34b84f89ce78056791d27a03,e41aa6be0a5858d228b6330971f3d0ce4d0ea9de8bf88151910d208f52e97f5e,SQL_injection,1
13446,XSS,aed98ef6e2f12033d3af721556124b43320f5707760a7387b4b4508d7500b577,cd5863a8706abd165394b0570247ccd7e063c493c05be279eb3a0c06a00b5ddb,XSS,1
13491,Backdoor,3346d4a9d904c71f56f6d69a8eb7128a4e3f7bc85e3a561e0e9105873f50ba4e,04307f2539b50075b8af42314054493ba81d8e428dc79cb7c41e4dfc0c16cc96,Backdoor,1
13658,DDoS_HTTP,24caa7b20fb7e787f32e7086eb8997f11a87318700f022ea3bb13b842f82af4c,a32cc99d9f46e63f352e465493dd9ed03502856d7b1fc7e914e84d3aa4c5388f,DDoS_HTTP,1
13792,XSS,cdff852f2a51a0d9042dded8a9d0dd1fe50b907803fa9c0743d3804eb5d3dd75,d1bfb882928c29a5174eeff981aa4c19cc852c19f20ba126e2f4d027340f9d9d,XSS,1
13859,Ransomware,5b62522d9db9144340504d300cb4065de30682fefed85d14dd8cd92919fa16e6,15d67b93aeb11dbc8f6289f3d603abf0f5e49547624ebc1efc11203638afe585,Ransomware,1
14064,DDoS_TCP,076d768b7ae23ae1e3b64dc734f9e84971949423b1c95849f99f2e75e730efe8,1ad6df1deb05010a47c1ce6a55b7bade6ff4c04ba067cd62ca353de74459cb76,DDoS_TCP,1
14211,SQL_injection,e47911e16b760f2ab17f116707db117641923057048147f68f5192293e503f3f,18103074e3b0a833b9dfa82a86d5f4802c99686dc0398ef20503a14ca37513d4,SQL_injection,1
14231,Port_Scanning,6ffc3d252799371e2258897283bb6cc4b47b17fed3b32ed065eddcad17e3ceb9,c9936a8be422342d0aeb37c08381730a131d321dd6c3a705a2abb68478c40326,Port_Scanning,1
14450,DDoS_UDP,31518f5ec705d4e53490f86534cbed344df3bb9f69efb2bc6fac1bc1a1920579,f39e0413caa7d0b78f162996d421b3a4b53cce6bb4e3d242193afac9c8f94345,DDoS_UDP,1
14536,Password,04fecae2b6d85bf06a805af147d12199b3739fb0917868cbf7e84d25866fa32d,1e1a1dbebe73fa736b0f18adcbc64bd77708094d971dd20e17b65c4a046ee7a3,Password,1
14641,Vulnerability_scanner,41ce1825677d8f3255482c853f3d1987e51c8b43c0f504657c3a3444d1a94956,44ed8028c2ee42133590db7a7d5c0ebde6a32db58653f27eb3338f38107322ad,Vulnerability_scanner,1
14733,DDoS_ICMP,e275186c7117ac40a6c58e9a8e68d406dea1736e094ccc482960606c82a175e1,ce26790e7067c49ef201cdaf39d2eaaf9af39319bc85338a0686a3475ad343e9,DDoS_ICMP,1
14807,MITM,8a2d752fbde1bd78eab3833ee609583287133ed6f3061e08f0d0f5e25a2a0780,fdd718561723c2b10fb788ac3258670a5086d4edbe99071b96364d73d50a9867,MITM,1
14822,MITM,20c3fc776b6915b8608642333eb6395d0bd515eb59871cfbf3d7d0a5ed8ad8cd,89cc3112f38bc350efe19d00e845c613de608b2596c6d481137593aef6feea38,MITM,1
14838,Normal,616a371853af785b732381797230c4159c6ed24e421417efe0fe2e8293f2e5a7,a8ef372c08230eaaf27e1a4b73ca0e9125aab98eba4ca20c37e42807bbf2e57a,Normal,1
14862,XSS,29393de2e5ee9fccf43fa0ebdba63f0331abfe50f7ae56846943049e1ab63a5c,2897d951fb9aa03cd53c339ba90d9d5f0f65599e36e6cc8e0f84c3ec431a757a,XSS,1
14985,DDoS_ICMP,30cfc70617db2efc91f4c562974e9f6a0a188a0f9a9275497410a093bc651ab5,f61cce103794e00908ba5ab0a1562c2a1a9c65a4ad9e1c7e1f9fb719ebe83cbd,DDoS_ICMP,1
15314,Uploading,ba38d024fabe74fada4eaaba3ebf17c32d8570c9f5d56dd15c72e90b0237e56a,84641c7c8f67c7cf45b63c5f2284e9d3b612cf4ef55802b27d28404cb710376e,Uploading,1
15347,Vulnerability_scanner,294b2d1b7f3eb38f726995940c2a446efcc4bd9a7a7487d9be5885d7fba6977f,e179d82b604bbf74c7860d26d516d9d99709006ab25074a444bd4082ca2e9edb,Vulnerability_scanner,1
15473,XSS,009d0d06b91148f793b55f3ad00d055b3dc43045516426a465e5fff1e3145496,3f846d7aba87e3aef4303f72286ce5e5b11209b77ec4c48d0c0800951fce5159,XSS,1
15507,Port_Scanning,f24f36f4b8b273b1a5f806b96a207de6499b4b9f0b5561771cc7086f8e39cd75,5d58061af1a6972d61abe16665d2b20364da3dc188434c01822192ea23bbceba,Port_Scanning,1
15831,DDoS_ICMP,e936180ac263ebd6a57adf697433ed471a5a35bd6ea382359af146fb6096bdc0,9380230580e373f602c626deeb393be3b2e9630b059de27004ae22b4cf4d932c,DDoS_ICMP,1
15834,DDoS_ICMP,a2ebaabc2ba6caa3c13bea273c3822354403222473b4151e4a69c19119855364,72c0e16f09d4aa432b51092d533d370a8a16b0c051202678b6e71175ff4b8796,DDoS_ICMP,1
15994,DDoS_UDP,2967a6ff73c8b53bebdf80724cbc9c7d93917e25a5e43de2b064d5739fb20039,11249d476836c9b3d21173eb893ea5a5db7ad667c2c715e953f0bd0244168d2d,DDoS_UDP,1
16003,DDoS_TCP,01be5ada6b0e051354c5303fcb7a74ca78e877fb244e9281dfc0298f8e8d130f,c3e00ac2c34b25d174f27b5c46de0b9fb99e66535a9585cf200657b0029e5bc0,DDoS_TCP,1
16210,MITM,d22cdda13141a716124a7a6d66fee5b39009cecb533a43ee1b7da2fbeda32293,d1ca59a4b2348861eb2e088f5e445ef8c2c3a9548766140cec48b5647c15361a,MITM,1
16229,SQL_injection,e4a8eba604cf3e73f76bb4551959776afdbdb63bb691de8d27abc013b29d4bc9,e54039e2f4e21ad3364c876776e3e31debcee3a261635210057e83e7b1c8c340,SQL_injection,1
16352,Password,dfe6bf3259e7c03e7c8eef64b52acde464a11edfb765f44cd7734f2a42ebcf1c,80fa0163dc0df957c8141a00e5b7d7b44bfebd10076cb666a0cf789941391df7,Password,1
16379,Uploading,3ae25195afe4fc6e9f796663a5ba0692214f64eb42b03fb704aa6b16dad07ce6,5272891248c901d24f16d5b303c01aac2043d82a7dbddff1d2ff507459936c55,Uploading,1
16487,Backdoor,4e30c94315902867fbce937d26d713bdbca96d282eb51422894fb57d983fa190,fa6df089bd19511426edc1bae8aa476babc04f3bf650f9efe875f1dea44bd299,Backdoor,1
16649,Normal,f3a6367350f8d261ca9d2d1ad390e058a282b5c491f87986571408c6fcacbdb3,3a5e8b88af9069113039e6fff6335cb781d5ca78c45edeff0d59600f0d152604,Normal,1
16662,MITM,bae42f1c3f3e5950c0743d0d59f28114d7ed491ee31a25135a6d1499d6732e14,30a4cdbdeb117e033080216cfb416bfe482ec31c27d733981afeee213a506e0c,MITM,1
16674,Ransomware,b143371987d9a1d928361e6b04ae48d4b47ec77a5abfd121ad199c42d6e7f74d,e8f0bb058137c5a25af3cd5263c6bf16011afb4cca61e79064f75247ab567137,Ransomware,1
16784,DDoS_TCP,4f178bd3aa1964386acadac41397b59cf342c2b4cc6bb0b4652bdf75fa47496a,755641cf8a7dbbd3116ecafc801f2b1ab0020897821012f1ef8bd6e7133d9fa4,DDoS_TCP,1
16956,Fingerprinting,2c56d4df2c0086e9aa92b18f47a89abcc0fc1ca20efa50cb5d0ba3c5fbeb9906,e361ae3bbbd3c4ff174de1d64c1dbfde83e84408d4ac8f377e1306311c7a25ed,Fingerprinting,1
17111,DDoS_HTTP,032c57eab5d8352d3f3ba783af381b72c8161ff37a1ae4b6b5a66125218ae53c,9a8ea01c1e4f390b8d1b30fd700368c88602aa82d0a6f6d2c31cc240011c0ac7,DDoS_HTTP,1
17199,Ransomware,66f3cdb9fe0ab0b6b2979a43e65d85f8570af34a2ad51587db8fbfcc330d1bd2,8b8769b55133d61bc6ab7eb3ee94ef210ee970dc3d028235e3e664094e54a086,Ransomware,1
17313,Fingerprinting,3046cc1bb22e28c45afb6b2cd4f7446082a5420184628f6b114a9bb8a8ad5f82,e361ae3bbbd3c4ff174de1d64c1dbfde83e84408d4ac8f377e1306311c7a25ed,Fingerprinting,1
17437,Port_Scanning,e6a10be6b4859a58c9e196cff0df6325e95a662e706d2f1417702e0ee3eb258b,cc78195d559ec7edf31796f8b525bfa3a842f8ac6f6f0d983cba9b9f5408d1ed,Port_Scanning,1
17538,Ransomware,f28c6c3c2605bc27320ac787aefcf25fe833c8ce39847bea9e44cc70c9b8c2a9,e819a5602deff9b48826cacb706f15f364f7d61b604847f54a0a7f37d6719de2,Ransomware,1
17673,DDoS_TCP,fe8cf5868d85d9b809af6e581610840cf15544301a0f7e63fe37514ad85ffc69,cbf30338f5723bbdfa27cead9ad604559db18ec8b780a654524c1db0697c36fc,DDoS_TCP,1
17726,Password,8e54ffb0426d2fff57dedce369c432faa46621ca136942b559a2bf0194121d31,37af4ad7d4df618d45d35933594945df7ceb4ed8b1649d2cb6240791217fda58,Password,1
17830,SQL_injection,387dee931d6f7cb49fbc614ccbb30d2710df4bc93f8891317d629f99e438a007,21d560f939ed7f99d59af293746d5a8656f301a20fdf967c5ffa83be3ef306ae,SQL_injection,1
17943,Normal,674a5b65213e020579083319595659cad83c89935515f593c0934e1676ef8127,07f86067dba66fce6f70d7ef8dc19613a3eb257d994218e0a7708211e11567e4,Normal,1
18065,DDoS_UDP,85716bf4dadf83b42060a248fbf014d471074cd760c0a2644ed78d0aa5227f4f,d53e809d429969dc61a1618ae3b9a1d85e434aaa09d9a18655151fdcdaf89030,DDoS_UDP,1
18089,MITM,2c16fbcdf9ae764396db726e85d88d51220c895d6cd2d13557118654b1435d79,f16f93b86149b5877d6393eab597213a591e2c77ae1c20e329fcee0d15aabffc,MITM,1
18283,DDoS_TCP,d807254877677e3ad72d382968411151076742db89f4bafcda6a3456b0a1970e,bb96b3fd6cd9f2de23f3d8ee8ce18e2bc9cf970b8f02f2a37df5c53a0a0cc0a0,DDoS_TCP,1
18383,Uploading,4167b8795e3ebad6fdd59eec81bd78beca289c06fd4777821a5a8062ee78b457,f884c19e23c7323a522352b1c3124ab90ef0ce2704e201507b6a350af747600e,Uploading,1
18401,Ransomware,8404b073c8b1dd0d0e134fce5829ab4d3b7226d958329cd84664d7fd4178b907,238218b039283f5a45ee0d38f4ad7e90ea8db0b682a1f59d4cc6831d5db1ceda,Ransomware,1
19016,Uploading,15f6c419d18c9fdd237cbe6bb6a6a981f0db8baab0aa5c5e6a0c3cd4a1848ed8,b07b32e75238213c3f11fbec25757671f1af0dac969a58fee3c30e57feca2431,Uploading,1
19028,Ransomware,859120e95fdbe20392a8061e1b4b7d38a4081868a05c3ddf1d0c0305175b67c5,15d67b93aeb11dbc8f6289f3d603abf0f5e49547624ebc1efc11203638afe585,Ransomware,1
19053,Normal,45d0da1a9930eb99a2151522722e6fe78466eeacdea98e500c7d39493b0517f6,47cfc687503c3251813bca81f2481819c6e2867aa91068e7e5aaaede3dc44860,Port_Scanning,0
19056,Password,aa98b62b2716f2395f68dd772dbb0cf42bd19287f14e54413ac8759bbaafe386,ed9e397c60594f69556b6e2572bd32fdd28e1316b3d8a19ea2638bb187c0bd40,Password,1
19203,DDoS_ICMP,a49ff0768aaf6a40f328fde3b9b3510ccec0ca8299d48c969888d2a06a21d833,427de50d703ce6e4bf2b680b4302744eb5533594ad75fed09410f42dff5e9092,DDoS_ICMP,1
19225,Backdoor,429e7ac64ef38a271ee123118454d7ecb47542f51c1c6adba29d2a0250c07753,799635b400ddd6d31ea9d96d23a8445df6032e2bb8ead17f5cc2a379144523e2,Backdoor,1
19322,DDoS_UDP,2b0fc5cb0c38510805bb48963b99d0bbc5245645a140531292db741545269464,f4897a605b750f3c52302cd1ed7be67c435937fb5dbd906f1eb46f87c46e1489,DDoS_UDP,1
19431,Normal,097954df9e411b7a8def7f101cb41b2cf1015e70da3e25ea175a7fa3d0f8cab6,2c40eea300380b4ddaa2d0c43fa43045024d385d3c9b96e55543cf5d99ce19e8,Normal,1
19447,Uploading,8bbd1f6dec4802129a9a79d9fcf76ded804dc952a4ad2c7d2915b011469d4caf,0a08f3582f346827873117651dc47f98512845e19f75ab632b46190bd0d6474f,Uploading,1
19457,Uploading,f180f2fecc290564681869d41ecd37f9ff70f6a699769a9ddaa19b40c70ddab4,2f570ffe94c8449d664601b29aaeac657f069d04ad998009db61081b4bb41fb0,Uploading,1
19594,Normal,1656e8562610b08efdce5836dc54049f5eb4f7d4e107debaca9349b4b7a1ed42,4c6b67f6b150c304f64d89cfce15ad3c63f69b79446b24e88e742798621c3140,Normal,1
19778,Backdoor,4e7eef1e5c3eeee6942816a9225356f6c58408f30d7aa065f4ea5fe5368e7a45,1cff1a1148d0e4ab078982bc06106b1a4149d1ab42c1341078d0dd3d7b403cdd,Backdoor,1
19797,Vulnerability_scanner,98859e86e40c038c179dab35bdc8f1101cd38f2f1862297bfb5e878d993ce295,091daa57be8edce6a44011bac864c449e7d558c8a8d9498deccc3a3aa15aed23,Vulnerability_scanner,1
19884,Uploading,986ff6ae0664a5ccfd93099091f6a608e02059c1e233f6fbc79974d1b9b6e20d,b9f16bc0b73da883e774ecd5855ed8ca8146b38ed282ad9f89f31dc7bd91af47,Uploading,1
19886,Ransomware,875923199edd49dac1468771ba161b15f1718d2eaf0fc30f0d67d3ecc4ca0453,8b8769b55133d61bc6ab7eb3ee94ef210ee970dc3d028235e3e664094e54a086,Ransomware,1
20119,Normal,111bff7756e92205d1f3f3677cc34ad9056c79621272e4ee1a1bc19ea24783f7,8354ee0d389863c3d697cbfbeb286ce037de6c914097fae4e8a6288c6e4547ff,Normal,1
20175,Port_Scanning,cb273d30ae5902b8cf20b4979fb8469456df05206fa51cdfa48fa7e08f117997,dac8de5990c6416f4efd7d7527a814b67d6b395307c2bff99299596ea3d38a12,Port_Scanning,1
20188,Ransomware,dea1ef924beda2b4e924b900cbc18641274c65ad28f9f0b36deae4baae3dac41,f990a368b1b6eb34e5072d78ad3618617802d57a4ddba4ea47d9afac63bed4a4,Ransomware,1
20298,Normal,58f8128e458b0758ddb5ea9705c2d599a736121a7eb4f7e1375b5927da6c3f39,550c7d3b7558a70ebb3a20eeff475d709a75fe3128f74ed2a2abc98b8fec0d01,Normal,1
20320,MITM,15a79ebcd693ac746ed19ad3b86cc2745e883dd23bb432a2bee57c0912ad4bc0,89cc3112f38bc350efe19d00e845c613de608b2596c6d481137593aef6feea38,MITM,1
20520,Normal,a7576d25955a0c49f9346b777679117a8128bafc7639ea485a2f784656a8531d,84c2020037840c80a96da3564e425d227a3c5def563aba83dc496d7ed3d77828,Normal,1
20596,DDoS_HTTP,c990baf82b2b11ad9519ea18658eaceb006c4c40bc8f6fd2bd9c154fcef00f85,664553b4beb1b2733ce7079f57323f6734b5727ca7bd0dfc9f52042856e7a4a4,XSS,0
20823,DDoS_TCP,e755a684229e40e055f119b296410991eddbf71017418857a56fa23b4ae75eb8,b410be1c63e69e769fc50ce901cf24fdb67683f2a1fae866d2ec991bd4b35aac,DDoS_TCP,1
20845,Normal,552a9acb97e8a348cd72268472210f2e35df5cab6fd6bd363e8f176dda471ea2,8cd74bfb0eca7d373cf34f386e6ace99a293efa5eeb70b152e06520df108354e,Normal,1
20884,XSS,0d13cbc4b81474966bb88900bd14a564dceb39b267f2a957a49ec627f8b1120b,7db2967d574734e3438f2c8bf683d3b2c3e5c0966bdda6caf0edb207bd81e4a8,XSS,1
20897,Uploading,5e2fc616769c928236c5d62b4d960aeeef0403a4e9982b13c91b2834c606ca14,77737b1b83013a237ebed418c9fb00e1cb044dc002351a411e4982b612859bcc,Uploading,1
20965,Password,2f6949132dd5365d0a9a291fdec113bf5afdc319529edf6f50bc062be9d3295a,46635c99840fa088ec13488dce1cfa3e654216a519209b4819bd5ac07dd543d2,Password,1
20990,DDoS_HTTP,58ce390a62ac5f0d1986e35632817a05b2f251218da148b8c71f07ea4dc2a0b7,774e51689810c60a1253fd5ee0a8df5bc4d61c05c13c9f1aa62f5bceb9b1e674,Password,0
20994,Backdoor,63869a0f3574536f488e817ff901a343c03e64f10530d56f0ec981a5fb2db551,1cff1a1148d0e4ab078982bc06106b1a4149d1ab42c1341078d0dd3d7b403cdd,Backdoor,1
21336,Vulnerability_scanner,a76f92cf7910fbfa90295ac64b012a6eda0130d382706db54d503665baf1969c,dd48f88ca3e78a06dd570df17c6af81782b05f8c100875808e01b92fc437f486,Vulnerability_scanner,1
21362,Fingerprinting,8b82f32dbc7c1c5d18f1decdfeedd3632fe94130a8509790c32df03802306344,db5a4a14bb1a41e3c6589f81be0ce01b9581d7aa558baadb59a86949230486c8,Port_Scanning,0
21395,DDoS_UDP,7bc81defb575a35c5fbc2aad31f34c5039b5bd13ff4b262a16fb189a94741528,831588a5cdc75d7b4dd3b2ad2f3838c97336840c8a130df50e1920847cb62de2,DDoS_ICMP,0
21832,Vulnerability_scanner,eb9060c408a1e7021a996ccfe12742488dad88a10dd692be2e545cfc65743676,5c0d94fdc17fbe3f4553034c60d67657ceb74d1cd7993a7d59b96a3e596ff3ca,Vulnerability_scanner,1
22108,Backdoor,74c9a8d819be93efd5568adee8756f44a47ade2a8ddaf065eaf6f21918012e7a,17f5920b3b25a649ac56ed728c9a8ecb4fb2f5787743e0f0a4a305beb31608f7,Backdoor,1
22237,XSS,92bb2595699794b5c752ad58483da963547f5ec89c342d9766d0bc909ec6728c,fc41bdb70b0ff9757aa8fe1665ad30f5ec454f9da06ce9b82ee7b47ea2f33fb6,XSS,1
22430,Ransomware,5d242fc8a8bbd776a205f744edde3930860723af42f647a50891609d300f5c7d,238218b039283f5a45ee0d38f4ad7e90ea8db0b682a1f59d4cc6831d5db1ceda,Ransomware,1
22555,Fingerprinting,97234cd152601adec4fb10bf43a82dbaa5bf769cae62f71bcbc68f9d8fae0734,ebe157c05def267f862a2f56a59cc30daa3cad4fa35bde0174f830600709f893,Fingerprinting,1
22686,DDoS_UDP,763228fb68b0b58520f2b7c43ec561373bc6535948d1c00c8a673e4f4863bd9f,4588871b262a7bbce2606d544c9228688e6400a62eda4e7d8152abc7d881ce9d,DDoS_UDP,1
22688,SQL_injection,e8c4c8f4f6927883998536ccabdc12d232177cee9e38ad075beb5d282305adec,419767eeba55b9e28747ffc641f1152eff19abd52036838523aabe88c52ca65a,SQL_injection,1
23351,Uploading,9737d430450665bd8f071fa01143fe528f6d9774af4d726762e7df72fc412c9e,921294ba5423427ba7a5dcb3bc7d52cfdd370588ce598735840c4c019b936858,DDoS_HTTP,0
23476,Uploading,e9e290600cae24a87be16d9edad5e7b41e1dcffa3563e75197e1ac608f3b4050,1c381a80dbdedd7627211e8fd210b0b39602f6e185bbbfbc79f88f867555ddc5,Uploading,1
23871,Fingerprinting,861bc406a268b52a2e249749155d8a93c727602f295cebfcb0322f31dd9b629e,f29443f2a8ae7dd1c40c900b0a3a2ad00d6a2c50f873f1a0185960f5867411c8,Fingerprinting,1
23931,Vulnerability_scanner,a7c88970066e3c6fc943c7e795992b06f4ece41e573ea75d1e993507e4ca233b,91b364a304b46b5db4caee83df2a644f1162ed9ce0e86c37611f33655f401066,Vulnerability_scanner,1
24083,Port_Scanning,a8e9e6d92b355dc1fb16a7736b16c4f1ed82b1b7bed7913cd72c13c14aebf0cc,7c109d3b2a7f1937d214d5e8551b0b4da0c10e9069a34ffd3cd697fe4165fad4,Port_Scanning,1
24102,XSS,cb343ad9614cdae6284b485822a9492e81a06bfa87282a6d1f3d22060087f8c3,e538034a92b43aad3e7b4aa97772dd9af9d3f25066bb3dd63109e9ca392770ec,XSS,1
24186,Backdoor,f8e221454d06e73bd71eeb122858988ad9314494297144a9f99fdb9e6a1bca55,1cff1a1148d0e4ab078982bc06106b1a4149d1ab42c1341078d0dd3d7b403cdd,Backdoor,1
24213,Normal,83982bb1350bc5dc8b475e9577cb3e1da2b0c5a37655555076530e0eae576f14,91c4fc710c0f241e802cd84ca4ff01abc73705c422d4f659493d8921909835f3,Normal,1
24321,Port_Scanning,5969f3629113d087a38996557509df46e6993aff19c30f5941fc993659fd5f8c,e4cf5cb84b428880a42aa6426b010c2b2e2fd752347b7a0cbc29f7b3b787fdae,Port_Scanning,1
24352,DDoS_HTTP,d419f52d2a14de00ce12b301e4e89d1dc0e7bbcb022978541670ab94b9c4571b,b0e26406de3ccdc18d99fb47735820bb9e5c2922bfb07de9f61e357b1faedb37,XSS,0
24419,Uploading,79921c9ba8da6d7c9403252b728586c778057659e5dac6464f748bae3a4c5c70,06af76dadf72994fa938040609f93c694df63351c1624116c86562902c433780,XSS,0
24447,DDoS_HTTP,9fd50ea819ac7c1d59645c25019d930581c084f50f9390c5e2f52d7db516431e,64dc67b8f8252ad829640fdbfcea4ddd5a3e815752dd1a8cc0dedaf96e449e98,DDoS_HTTP,1
24460,Fingerprinting,16d2b399b02ddb817639127ceb3e9d7df9b893c09e3de887b2f7eb84242dc2ca,e361ae3bbbd3c4ff174de1d64c1dbfde83e84408d4ac8f377e1306311c7a25ed,Fingerprinting,1
24487,Vulnerability_scanner,59568fb787989d725808ddc9741d76af94d7dd84ec4fe1db11c553b750e2e987,fa15351492fc26ff948158a851cb0fb165dc144ac9d1a893648299b206423718,Vulnerability_scanner,1
24528,DDoS_HTTP,c7001078dfa4eea9f1d3dfb0157e4dc2b6d319d5da179c8060fdbe3802792994,d29e74093f221e57839fcf0502a0d262547858088ecf258b24b6057f610b09ce,Password,0
24631,Backdoor,2b8b7efa408641591b6e1073a05235a34383212401eb0fc6073f0556ebd4bac8,799635b400ddd6d31ea9d96d23a8445df6032e2bb8ead17f5cc2a379144523e2,Backdoor,1
24649,XSS,4bdc6953028f4f81798b8107a3c5763d22dcbc9f8149868ea8bb0438c94df555,cd480e26393c9e69cd2bc79f911562e62ce1674aa0751e947ea4d7cfc66d4409,XSS,1
24699,Backdoor,f97e7d428366889d1da943338e9de824c0bec1fd1b92740c3b55b42c1f4689e0,1cff1a1148d0e4ab078982bc06106b1a4149d1ab42c1341078d0dd3d7b403cdd,Backdoor,1
24747,Port_Scanning,e6e1e3c6ff57eb568549734f4edc9d8dbe699587582435ece68a2b1796fdd97b,f2bf6c490428b4fc00f39f0213d37eb39563d2814d1b986520054b046eba81f8,Port_Scanning,1
24773,Fingerprinting,74ac150d7d8181bed328448d3b1cac77bd1589163cb7dac937984ce1e5f03841,e361ae3bbbd3c4ff174de1d64c1dbfde83e84408d4ac8f377e1306311c7a25ed,Fingerprinting,1
24904,Vulnerability_scanner,706e6ddf54ddc995419d5b07d3988605f508238ddd0f950b33070bebc05a0e4e,13a9ec6c13dcef53e7ebf5748df8783bc00bd86f99245d7e4d4be6915f631a90,Vulnerability_scanner,1
24908,Ransomware,89f9f55130ba2424c9ec0ba9900c56035ef88fee43987b0872624610677985aa,8b8769b55133d61bc6ab7eb3ee94ef210ee970dc3d028235e3e664094e54a086,Ransomware,1
25029,DDoS_ICMP,6a361e52698ac554e07876b84af0a0fc63f2d6a53c19d32a920923c81ee60833,6ff6e48bcb032b0a1922f45e20882b946acb77d4227b1e46eac5fd2ec903d63b,DDoS_ICMP,1
25162,SQL_injection,a8cbdc616c5a98f96713428548128ce1e5fa6ca430905628c34db041f44e7dcc,a104a1688a8d2f4e4bacf5948bb3d02634abb412859f4a303ffdae2e7f5cf489,SQL_injection,1
25224,Uploading,f963638ba7da3244269b7c4cfa5333a4ac2222c95c7357d94c236ef14609fa65,d9a76a9effcb7ed1f0001724b68fb7a87cc07415f19ede2e8187ce7b0ab82302,Uploading,1
25266,Fingerprinting,6d2832ae5012dd14a20996c439e93302d1103877fbf40284d466543f62931856,3534f64053ed8de32b241e13af53bb97f8f9726acc10e2d9dc6130ee52d5de8f,Fingerprinting,1
25279,DDoS_UDP,7bb7b25f83261f79a5227dbd6e0b27bea3c5445833ed96ca4ff776c6c3abe32d,e0bd9ec161fa34ec117ab3ebb47b2e8532823c6cbe29d43149232db3b6130e34,DDoS_UDP,1
25296,MITM,bd7d37bd6553c9f5671d753545edaa322d599128708964359bf5c77c7a309e47,85e6f61f7e3cef02560e47876b6a41cea49e6f294215fc9b1a9285cf436dbfd7,MITM,1
25621,Backdoor,21a0feb24888ac30e6487d39b423369b0d0c8852dc13d0907d563945b3e3d7f8,1cff1a1148d0e4ab078982bc06106b1a4149d1ab42c1341078d0dd3d7b403cdd,Backdoor,1
25647,DDoS_TCP,398ec2757481b05ad0c8918c3219b54a26374c77dcd0f5a2c7f52c07d85b36bb,727993a49f2289d263a09af7a288c8d37ceecb663e6cfdce614046886f2f219f,DDoS_TCP,1
25675,Port_Scanning,9e0f2e302b0ea8ce59c47fbcc2c3a462ca7cf9714296157410ac7ace5c075550,18ddd13e0e999eec6f644c4e0c9bea7942226c8da74396899ea6c50003d27824,Port_Scanning,1
25733,Port_Scanning,207748d0f38f2a3085b752d624a84dcb939ecf6a58de3a2276b7c6417699c051,d26e727ded00b1a18200f97a944452f6fc7eabbdb47132c90b0927edfdf0b48f,Port_Scanning,1
25762,Backdoor,9963883d8092f5641b6382c6444c9f182c2b9fcbd5a77a54e8101570a50ab443,fa6df089bd19511426edc1bae8aa476babc04f3bf650f9efe875f1dea44bd299,Backdoor,1
25951,Backdoor,36dfdd9b07cd79abade233074649c16e9229e7cadbb247ea3f3089518ce455db,04307f2539b50075b8af42314054493ba81d8e428dc79cb7c41e4dfc0c16cc96,Backdoor,1
25975,Password,aaa095b75fd590c98429562789c05cc4cf19df83cc7f999cbc345406f0ed34da,b8f61b3b6b5c0701702e5e36f12e506e7499926e006e09351c5bbb47dd1c6d17,DDoS_HTTP,0
26009,SQL_injection,8bcadb7c3a820b04717d238990ef17f6cd920044cff3147e6f537b7fbda464f4,79ac21a2131697fcbc8e554ef8b95908e9655856f99d8d61c473057a491b3636,SQL_injection,1
26072,SQL_injection,f22e41cb48fc87f85ef26a4fd05905b398934980554f87cad06daa92dc9203ca,5c5d483c9d2d134a8dd1b84cbd28d30379b28f2b8434e206a371e28efe0a8240,SQL_injection,1
26112,XSS,4b92164dbc77b7a1a38d546fcc86f2ad9ee2397ea76a861d152014ffb318fd5c,84fdf08b97077289b599f840be329c8babdc843fe7e26e0576d5b094faf38597,XSS,1
26289,DDoS_UDP,151678554d14872ddfe6ffc99dab4785ae75c5a6cd8e6b2c903fff75c8af2308,236841534062301b854795cd5f8a1c54195d95236c31b002fcd80751bbd011e4,DDoS_UDP,1
26540,DDoS_HTTP,222a28a998fbbcf1e6635a7c47eb4393db2ffb4b402d8d51b5049cfb73cb555b,acf0c20dd09bdc306c2410875438c6939f1fef3ba20ce19867892e50a78b9efc,DDoS_HTTP,1
26598,Ransomware,0a9a44321b62d1448f2dcfaee71ea14dbba901f4c01d7cb77d998371d69ffe5f,238218b039283f5a45ee0d38f4ad7e90ea8db0b682a1f59d4cc6831d5db1ceda,Ransomware,1
26619,DDoS_HTTP,2afbf3c6a8d19ad18ee022907e1c42e486ce214f96e7c60427751112f5b2a83c,16568e8cce41ecd6a85c1259c293c1699726bf643477711805d7f62a50ed1bb7,DDoS_HTTP,1
26719,DDoS_TCP,db521883048c2a6e59dea7a6db14440a703834678d1eb28128db4f0889cb2a76,a4b6164692ca259877fa0b4d60a9b59849b0f49ee601ffed3414d7549bf8f0c5,DDoS_TCP,1
26727,DDoS_TCP,dae396ec52aa85cd89bc509c2984000e185d86abe60bc1e59c9643834aacf25e,f0823f6d1b5b0370d7eedad228fbf083476c16ece660c9126307903d93e8db1d,DDoS_TCP,1
26751,Port_Scanning,93dbdcad3a91d7cc1ee12c76d7d8afd26848f98276ca7566ad751cea1f6dbf93,42518d3f1f7c8e46372c166b80af6502f48a8b86c63df2a6cc31268d298135f0,Port_Scanning,1
26812,Uploading,d17bf11dbf612a316e51ba1be25ec01835515ff48f167b5f3f964fa14e155439,477e9c0d079888e1f0452083b472caad46db68eed10cb3ff0339d47cdba153e3,XSS,0
26892,Ransomware,7427ccb0d6e5b13f17f394dc2bf5585b0169970e97cea1ad580278e9d1602b03,15d67b93aeb11dbc8f6289f3d603abf0f5e49547624ebc1efc11203638afe585,Ransomware,1
27123,Normal,ab248e0945231dd8fc723e6f40f1dc72664fcd7896ff785c4b15981db1063bf2,6f29709f5d43edbd08eb15d860908d9f509ba9dbb1ff9681ba2be3e25781876e,Normal,1
27212,Fingerprinting,1bceef3b23cc1837eb49966abf527cc3a381a34a4d7b12d6cf73e57aa206bc1b,e8f0bb058137c5a25af3cd5263c6bf16011afb4cca61e79064f75247ab567137,Ransomware,0
27216,Port_Scanning,f937b6c08359eac1e2ad82a42f6cdf625ef2830b1c4c7d6a9d42b006a8e234e5,101455d87bd7f9601a31d6f0e43cb5e13c8378f0db5f0d671b0e95d7e937291b,Port_Scanning,1
27661,DDoS_ICMP,b82d5dac612f76820eacf2e5f95b1cc8dfac3edd8072ffe72876179839563e71,b21b86547fcbdcf7700c7eaece5a3239f607bbaa8070433413c226b8b25d5fa7,DDoS_ICMP,1
27940,DDoS_UDP,e4ea4bce0fb2f528bf7edacd7bfeff9f9e48f1ce34ed5b232ab9d4844fd968b0,5616e9331cb49a75dee8d5fd1e9461674b52686e880bc485286f18bb63955ec6,DDoS_UDP,1
27944,Password,42f055b41e2f77a12046acd7b88fccae10eedeefb96c8add75a68990f726e5e3,71c3d0984d3b944f35a9effc023950a549f6cc6a13e7dabd7f8b49e17b2f475c,Password,1
28177,MITM,d22cdda13141a716124a7a6d66fee5b39009cecb533a43ee1b7da2fbeda32293,d1ca59a4b2348861eb2e088f5e445ef8c2c3a9548766140cec48b5647c15361a,MITM,1
28198,Fingerprinting,fb70d92ab07ca3ed536d39979cc55b9fdb4b244b204aeae3740b91a7f297a62b,db5a4a14bb1a41e3c6589f81be0ce01b9581d7aa558baadb59a86949230486c8,Port_Scanning,0
28223,Backdoor,18461ebd41618e8d6aa33c36e598df6e2de4a25fd6341ce9330cd234d838ef87,1cff1a1148d0e4ab078982bc06106b1a4149d1ab42c1341078d0dd3d7b403cdd,Backdoor,1
28348,Uploading,649e451981a0c6e434929f93ac64e559ee4eb20eeea57600971c6b0f1e575581,1e2092817b99764460c51f0d6ed3c876c366b2c7bfad44ef30d4511970bfe974,Uploading,1
28487,Normal,b424a776fe316b0de9a77b1b52e8cc435921af2bbf50cc820af512dc98202bea,f566d1492d6bbafa1e0c38bc9ca5d597d9ac756c4e0553a7eb22733df7aa4542,Normal,1
28491,SQL_injection,7ae4c644ba708c22f508b158a9e090be1ec3cd096b3906a3f8063ccc6a2993b6,5f939a2ce7f8428c598417ce60a3e0bd5fdca9a3ebdb8fbc051dee93825bcb52,SQL_injection,1
28591,DDoS_UDP,472d7ec420181aeb6d33206d3a5f8336c25cf478646d2290c0b546e2837e9b9f,4465fa3779e82e4a03539b5736cf29e0567b69f50b3b432cfb2bf760f6048941,DDoS_UDP,1
28663,Backdoor,dadab116f4857454e638e7388f4265d1d9aa8bb6b0afabe05577c10a87470e70,e0f6e22973877c2d4fa08148caaf99e3e2e2e7edbc63e55d1f2d846069e1299f,Backdoor,1
28889,Ransomware,2d6bd8b40590c5c6c0651d83fa057c5c4469c518e73032babcadf25c9cd4f9a5,a49b214c0cdd317cbea6166993f0842ed25d1a70c469d020ea83d1c285bc72af,Ransomware,1
28901,XSS,1a11bf1603cd2597dff429c2cd724e6225e377cba2912af835ebd14a94a0b1ef,b7b3b98a1fa221296b4538615dc3aa2cbbc48601091eefaa29a9148650178194,Uploading,0
28930,Port_Scanning,dcede72074861172eea5cdba0f6d8d7a876b43ccc6c450a5401d1c59147849d9,5bc014bf373fd7870d8ab6cda6d8e4671e1d740613b6c8c4af7843f5b9e2b585,Port_Scanning,1
29178,Normal,3504276fc37ed30c9239f60c466820395ac5e5d16ce2c4bc77cd16725ab43ca3,92cef08f659b48ff8bcf03db1e6686fd4da44fc58effd29a1b0eda273180aaae,Normal,1
29277,Ransomware,1a05b0d313088487a60bd2a8a55dcc0df280d9769d860caf38d47dafe1c0025e,238218b039283f5a45ee0d38f4ad7e90ea8db0b682a1f59d4cc6831d5db1ceda,Ransomware,1
29282,Vulnerability_scanner,104b795f98b86cb2222cb7901ec2b4a7484f0b17246eb630594d97cffc5aea14,8bd441580bc9faa0631a6d1b080b8dd97882ac18825b1b0c8ee571498db60598,Vulnerability_scanner,1
29374,DDoS_ICMP,84e5813f6b20a794617d4b472c2c4e9f8b91b88e5b6ab6cb7536819d4071525d,bc1b09b5b066e782d7a36cbc2a928adef4151177e6e17d5ce90b9bcb5e247d36,DDoS_ICMP,1
29377,Password,0b4b2313414c86db2142ba066f052df766bb2ebb01d561d31058a2849c4b9ad1,c22d5f4d7c9dd6b2a6c3ee053a7ed90bcf740c5a63a7d056be850ce9ea874e06,Password,1
29386,Ransomware,4312cab9424ef8bba516a57c5f4ad9695d3c96746178d1d9fbd70bb2666da64e,8b8769b55133d61bc6ab7eb3ee94ef210ee970dc3d028235e3e664094e54a086,Ransomware,1
29495,DDoS_UDP,b3e3a71c9b92b654f1f2639df82334d7e5fd04b65664c0a1c4a147f91a949922,267946021c4b5e1a221dd2e0492b3f07e0d7a6341c3c33215976dcb648ea0cea,DDoS_UDP,1
29512,Password,2c2d98e7feae73d38f0baa5a6fc5fbcfe597b54b8c85a97d5cf7726f86d99dd5,398c780903e25308e234acba950226043755260ba46673a1bf8f0a4f71bf4b1e,XSS,0
29519,Vulnerability_scanner,cf35250398d2ebab46482d097e747b0f678a04dea7ad3230f07528dfb55f4cec,862cb54c3486543990b30234e478fb36f6eefa8bc9bac15c29023bef111bb204,Vulnerability_scanner,1
29528,Uploading,f818c1147adc82156c6c337806d9fd8e24c71e92b5a33d9ce3b4144dd792bea8,2dc8436f77a9aa74b522bf4fd61fd37b241f4668c6cc69293f683b1701764615,XSS,0
29532,MITM,bae42f1c3f3e5950c0743d0d59f28114d7ed491ee31a25135a6d1499d6732e14,30a4cdbdeb117e033080216cfb416bfe482ec31c27d733981afeee213a506e0c,MITM,1
29616,Backdoor,ccf31d46e8e111a42c13511745bac384daddcbe4c2795f568305027d67d87c5c,fa6df089bd19511426edc1bae8aa476babc04f3bf650f9efe875f1dea44bd299,Backdoor,1
29650,SQL_injection,94f6df8885014b019c0d7a6131d34129f2dc7976d8577b9ca16df9e1257a40ca,61b7401ecd4a5ddb51701b05b219ab40dc6f856b7055a5664b268dccc10b3369,SQL_injection,1
29687,DDoS_UDP,a4e72942e76197b1017fc0f5d939d4fbaf77d6785b4a7f9197cf8994c78e7797,60ac4d6a8b9d06554c1c61553f0f01676b97166406ccf2f91965cdfd7ff6c7b7,DDoS_UDP,1
29960,SQL_injection,c5ec23ebed3b588df87c33e3ad9a673587460238d0a9bc8d5675f48f002e8a2d,083acfca3c55c2c6d39c52a5107f18b2934d512ac49ab3db92022573644afd27,SQL_injection,1
29965,DDoS_TCP,e6060f5d8f196698ac8566302df66af19832da64e1cdb27a21eb9d3025a38903,6051f3143b1d56c1f03f93d8656a10f18384fc9b3d0caee5d8aca50b632b49ce,DDoS_TCP,1
29976,Uploading,c5cc5cd330dea0a8879c9008587a29de16054408a74c32850739cc3a459c452b,9a9be50c4b4d3af43e9d9affb5999512671978e372a9a767496de9144a27896d,Uploading,1
29982,Password,52060226735a9bafd15cc6dd8c9202f2f261e30fbcd10a52b02f46a9d04bcb3c,6064529bee593e737c5c1a074fedda2c9a3391ee45f5dba172f6628a5644d78b,Password,1
30002,Ransomware,d6b5f06307e343fa6f8bf24d1a51f0b2fc9edf773f79265091a8c469aec17a77,dcf4c96aab6f0a302033104ef42834a94bf7cee3afa08bc50cb7ba3b92047397,Ransomware,1
30090,Fingerprinting,41b02637eb11c52b4eadda0b0502418e3827e4542507818c28e5b49a069161f5,b149d0457b281130edf4c92416ccc79cbfa79c6d85acd341c8ef6f24fd891165,Fingerprinting,1
30237,Ransomware,7f0e4fc2e8c262259409c620561ac4276cd2ed503919094b7fe9e2daf3f2a99b,e8f0bb058137c5a25af3cd5263c6bf16011afb4cca61e79064f75247ab567137,Ransomware,1
30312,Normal,a7b7c145c0b4c5dcf218e39388d1d70c24b83d295446985aafe6dceb1db59f22,12b8306d2ed0c410df29dfcb3296bc52c75cefcc494fbbe0afcc4fa93b259eca,Normal,1
30390,Vulnerability_scanner,9e7f3ae328bf15a9588502fdfcf792d08f1fe326bd4da15e2cac237be9e6dd46,a55bcb31c7cef786ca10670f80c0763827ee923b2b221bdbbef3081e297fe568,Vulnerability_scanner,1
30402,Password,2a0ad9c356d80ae218b7f86399a78c29158ff855821adccc9fa6e02a4cfb68ff,b571a6a43c2a6d28885ba5b543466bb368e044bf97550e4c4f4ee8dc18b6bf9f,XSS,0
30420,DDoS_ICMP,c67a8e8fb8b0e68afae5d7dfb183cb374798edb8b21c4ea7f2a3224359db00e5,157c9eda843186bd7be2f5661fc28a1144d0ba2de84df6bc7035493bfe9a1d18,DDoS_ICMP,1
30451,Password,338e6563c3ec6b096a82f6fd5e7a44612ffbc2ca6bc7e60555ddd2c2b332ca48,73eaa57cfe0843855c33698bc6c70571cdbee3ab3ee1f1908fcb291d9e73c7f8,Password,1
30483,DDoS_HTTP,83759080330d415bc40236e7315bef7b0413e26e886951a49afffec73ee933ed,8eda4afec0e13e660ddcd18f7e1dcbc2f5e8487ab6132bde08c07c7fbfacaeb3,DDoS_HTTP,1
30492,Port_Scanning,4b58eacda7866e3607eb7848a0060be5fcf9731ae3e98bc3a21c213ec8f6955c,101455d87bd7f9601a31d6f0e43cb5e13c8378f0db5f0d671b0e95d7e937291b,Port_Scanning,1
30752,DDoS_HTTP,ff653705f031339284735b03a285605827b7ab9a51ab478eb299a483943f72da,88171d81c50d05b20074ef237ac5238945f37ca57b0c3b22f3c4e648bb7085c2,DDoS_HTTP,1
30888,SQL_injection,3e7c4268ba8576017c1e6b4c0c39f93fe834470a834920b8e5ba16c3e306572d,d039a8f3d91725e71b798243536f13e03c14387c84771b1001acd079dce6704e,SQL_injection,1
30911,Port_Scanning,aafd39c2a2c1d8bcff5973c0fa3a09afbe0e2bf91fa2ea461bb5e6bb4d77252c,db23fb75fcb22c43a516189067941aeba62a92d3417cd30a0601048942f79dd2,Port_Scanning,1
30923,SQL_injection,32b81a812c5eb7ab50de60253759eacafd293653d8d4bcc3afbcc3894b2fb019,67b6a4e440c76f9924ea390a0c4eae76f73ada2591173222f3d045e00347d0b2,SQL_injection,1
30957,Port_Scanning,0beeb8436e5418d83eddf292786ffc7e9260337bae60fe37fdfc369487f80a77,fa6497495adfb7175522507173ae1444251e755c7875cb5a01549f4ef8330ebf,Port_Scanning,1
31088,DDoS_ICMP,3fabf435c22995f6a57e468d08abfda0fbc68c1c30f9c4312bb1abb5d09ba298,b61ac6fda3cf99c85e13f53106e5a3b4f2f7d3bb774c20448bce593f051e543c,DDoS_ICMP,1
31092,DDoS_HTTP,1be2816dd5e91e9ba23adf687d763f6719a49ebf3bb2def6af47496102681034,ad784aad2976d7a65adac9a1a04601d13828582b4b0368b4eb513070ecd280bc,DDoS_HTTP,1
31095,Vulnerability_scanner,a05eea58a223ad7e6a68a4c56699f469130253a2f877662cfa7e82518c6ca621,0361f3df9ebfe369cb055111f0eaae136e8acb4c859af49e6e950f2e9acb42d0,Vulnerability_scanner,1
31243,Vulnerability_scanner,45b02f1779de387c3ae8a7215943a10052194bce08104fc21dfe82fef53f68da,62b3ac2a157c1bb1d6012b69ee79b05f9917cc32d90fe3c68bf0e7b5197302a2,Vulnerability_scanner,1
31507,DDoS_TCP,08cf06c7aad2a4d8e32ea540e1c8f01774aa462a0a86df0d74e89964cf6a2b68,9a74911c9ed199c6b814a583705e1ca4df559688522f3604c3d0416bd46a4a1f,DDoS_TCP,1
31513,DDoS_TCP,c515d55266b70c796b59b866efa62d76ec2e22058241662d0ca0da28f1cc4511,ff012e778e2ba02531efc2d412e9cae89650af35ef0c88c3daabbe90847ff951,DDoS_TCP,1
31557,DDoS_TCP,0bc92bd7b9de1831bec3b40fe16d99695a282ef864c824c0999f623c235d65b0,bdfdab691c17416c30f7add6f66671650fce35abf2b1d153f5a693f00e0a6976,DDoS_TCP,1
31633,DDoS_HTTP,87faca929a70b31434810e374468170f7bc17aaf9601def19160e0bff26cd075,18ca4ff6073f3d4b909378e3d1c65d09bf8d5a1e36fd7ff5df2cbee1d1f5137d,DDoS_HTTP,1
31644,SQL_injection,592c6aba8de7b127223ffd4f4b91b844f70bec5744e6c1eaeb666a398f28374b,616ca2d9611d9ec948567913240520c1299a2b582d2b4c7eb04a29802b7aa189,SQL_injection,1
31673,Password,d9ae2032f4e73f22afeb601d6884d1cead0fa6acd823b27b3b68256158055b6f,31cf879d628e74488d1d02ceeecca986264f89411b2268d1f1c11a991356dd5c,Password,1
31784,DDoS_HTTP,248b1d55f665b1ccff6fc5eeb3d963ed8785c45abd17fc8dcf8d876acfb6c772,4ba2d8e9c5ca4f1f8612fb7c98efc8d25f0bc1b791667260238fb406691ea7cc,DDoS_HTTP,1
31799,Normal,4218d92a0664ffc758a9b0f048145b98e76afd624508aafbd368abf9a176d25c,1a267448fb71546bec7ea886aa31cbb1870f4a800f4eacdb6901caf086670237,Normal,1
31844,MITM,c05b3a0f652a8fe6d3fe9aea720e6ee455d76bb17b1dbda17f8e6fee27ee2b19,89cc3112f38bc350efe19d00e845c613de608b2596c6d481137593aef6feea38,MITM,1
31861,SQL_injection,dca94dd4b945c30892cd9fb021b6f1ce37b66a9afc0468bdf1fc47558a24a784,3709d54345dd07f97bc8faac195e4a54050eb83780d213b3f1a742715ce12da0,SQL_injection,1
31993,Backdoor,5c5f1e4d4e10ee6c8715ec93d719e2f21bbeec2b5c27fafc6dc0e3494e8b876a,1cff1a1148d0e4ab078982bc06106b1a4149d1ab42c1341078d0dd3d7b403cdd,Backdoor,1
32116,DDoS_TCP,aa949a7c4496dedca45cfb0ccf3ec65d9f3ca857e3b943cd78ece341a62630ee,460b7a05fb4ba30aad7e87493c6f724a005f5c47787376e6f011d4bb93226252,DDoS_TCP,1
32161,Port_Scanning,21d966d11b7a49bcde5a8b9879764ce8be3bd3e9244f9431b55dbb6f59f5f7fd,14305b785a8db0e3dfc646df345d120c8040d06dc1955102d64f8e1526a07bd7,Port_Scanning,1
32232,Vulnerability_scanner,017c039b424ef4d726e7c273ff253a30e68c6116c405b16d865e882ed58aa211,7880a7dc6b3956f15ca4f7186323d81f259fc8c36908df4f704e8a764e74cfc4,Vulnerability_scanner,1
32296,Password,b56c2f3dfaa5dd022a14ea191364362bcc5e391f29181c7359ae7140042d81b2,478a28c0837da8a80058afd20ce00b45464af911d56a29e6e93b2e8bcd1d193a,Password,1
32319,Normal,1b601c3920e5f55bcd94bd42040a594c9eebe410cfb377a05b41b657e5caa78e,f03fadc2c80a7b292c7f595d29c2b8924226a67dd25ca3eac3d88f8a0da69163,Normal,1
32353,DDoS_HTTP,22896697c91f01d1709534a622d09d775a23e385573d0d660cabdc3a15d4bb8c,8da4ec0c7a33841612ba12cb4154e5679edfb643902a05e280a2a40e3e4498d2,DDoS_HTTP,1
32685,Normal,2fd83b2b20e3b934cbee7429d034a45b10ec533cc9ffe64099bceede5a30a4f6,c05dd3e22c86ec2d7b8906851fa0fe6bb7ee335c7976b281524b37d10daa10e2,Normal,1
32695,MITM,c813799c37f761c971eb8d003ce3b0a7ed1a69da5947cbf17d6139e577cf2a54,9c6e4dd22228b73030349d9beb49a9c2ea108c9dcd0b0f9b5aeae418385c6e35,MITM,1
32783,DDoS_UDP,a8e52a4dfbc9156f89838654ad66adc74d3e2717ed87692edbcb640b1696f55c,64d88634d54ea018e1ff9cf73c1ac3c6d322103eb89871539c5a0607d1ff4bac,DDoS_UDP,1
32836,Port_Scanning,b5098baf6c3c7744fc81fdb5b8f6a819924a791e8a37a84e2f06bedae4c00fd5,4db3e83f46c1a03330ccf3ad0f21ba78761f8cacae1164d759de352f7b620c0e,Port_Scanning,1
33092,Password,7989b77b60aacce48a185a9264143e5e2c6937f5433e1beab2e7e2f60eb3913e,5b3bc00dca339ed505c7e78824ad9599f019a7f2a98ba5906a130a8a4a2d3a59,Password,1
33095,XSS,929768a99b5a026afd88e1d21766c9b0da89a5a081c79a4a04d47a6bd1d77e8e,367b0756891743e06a7a1eb5fed502b28fbed7493a7d7c54cb90f1787b124b46,XSS,1
33120,Normal,c7b2226b234024446e7e36766f351b710802446dad176360fd0369ade87af1a9,0be53ef97d81d2323f3e93dd4d8b0863e70f94c630ffd3a86c1ec2bc309598f2,Normal,1
33205,Fingerprinting,c1756941f8981ab13c120a80ebf4c06a0f1b0c02e2303fb77c0644aae63243ab,e361ae3bbbd3c4ff174de1d64c1dbfde83e84408d4ac8f377e1306311c7a25ed,Fingerprinting,1
33294,Port_Scanning,405bef35ff78f6f8f2c69a56f957f5496904f2a86cd52f6d560e408cfa27326a,387f2de03939b9eec17cc922a389b6bb148d04e51201ab145b60ad7f243ecc3c,Port_Scanning,1
33421,Normal,cd55bcde41417ccbbc416f21ba4f617971931a9ff7c9d963a69634fbe7f4da7d,f8fd57cf5b00218c9012ad86809d7a3dfca83134ce3141ad31aa6fc656b66cb5,Normal,1
33572,Vulnerability_scanner,7879c7aa3360951f6166814f2a330ab46089e516eed18bcd7b90e1c504988ed5,b40bc36655423aa094e79c2dce042dab6cbf6ad5dba9d3161d250ad7e7a960d7,Vulnerability_scanner,1
33702,Fingerprinting,bb6f5315cf98c62bcf44e9e56d2b84f109cc02f9f7b3e47a6882aa04eb613aaa,e361ae3bbbd3c4ff174de1d64c1dbfde83e84408d4ac8f377e1306311c7a25ed,Fingerprinting,1
34127,SQL_injection,72599ff065251cbd6823fa3e058a33f434b46286de87a7fa2de034bba07801ca,125e12f49429706049605429bca9d4a662bda065f3b1b9154a54c7b896f08eff,SQL_injection,1
34151,DDoS_ICMP,919d1cee290e31b25b5664336fbc031939bf74e3069df03a3ab13a2822d5b6a0,0a2c5a4488e1a472cd48e55e98e81569510e7bb8a1043570fefd13e4d9137c13,DDoS_ICMP,1
34206,DDoS_ICMP,01ce657f6a0a34d11d9a5eedc846fd0defb1b1af5f1c4e3cc486e4e22be1c756,466638da8cbec65fd437ee1d469e545f7e81719859afb9e12cc9f51449dfe50a,DDoS_ICMP,1
34261,DDoS_ICMP,e56dcaa2d2bc0dd509d1fbe27db6eada1ac0643e747267cdc4e835c59413c449,d3efc01bf425eb21309b10daa7655bf1eade8e6c4e35d5be680454fd5084aac0,DDoS_ICMP,1
34511,DDoS_ICMP,4c57146e137d969820fae26448afee8ad56a27e81a86cb661095e586f601d6ed,267534d4920a24d63d45938bbe358ec176d6b3b4a48c835eafd579888e77c3db,DDoS_ICMP,1
34714,Ransomware,15a2aaa090013843eba10f01667b52a3db949176eb64e38fcd3971020f9aaccd,8b8769b55133d61bc6ab7eb3ee94ef210ee970dc3d028235e3e664094e54a086,Ransomware,1
34731,Password,3bcf292ae0a050f5d1fc2fdcf7018aca1060781d7d1c7e75212b882b4f0a7116,937b97dde5e26cd8a4408c9d4591541bd448ca2999f162ce49c29bebc3334694,Password,1
34880,Backdoor,47ac88dafbe5f13e3c13445c214241f7efef111f2ccf62e7edefeb9f8d51bc4a,458a172090ff3fb8706d33f3ce54fc26e951aebb995ba210eb6d9bcfaf4780c4,Backdoor,1
34968,SQL_injection,b8988c8ccf8b354eea723d54e38c6f26d6bece27a9d55c1e22c8e94e990dd098,bca9368d9a427cdec5d710d98863ee8432e8fffda9b35d8148d7ab32ab1efa3a,SQL_injection,1
35032,DDoS_ICMP,f125185677a9471ad9b2505f6c5cb5ce6eee8aa2e65ac0e722875a776e276726,5b77e2988c4b862db10b7b183fae0b4eb98b2409f18aa0685db6c605e85fef3a,DDoS_ICMP,1
35166,Backdoor,528b22585b78d5d840c8742ebdbcea942236476f67fcbc387d6bceca86b7f9e3,799635b400ddd6d31ea9d96d23a8445df6032e2bb8ead17f5cc2a379144523e2,Backdoor,1
35236,Ransomware,52e60736f734c156dd4f6a95cd2273ad70c28a0bc9d2ca54855a01f390699c3e,979550698efc92e409a07f8ce14e1406733da263c8763b436bfb6bd074e50719,Ransomware,1
35327,Ransomware,c7ee87a136956fbdf95bc86ae4ad2eb09f65262792798ae81e4eb90f780790ff,db5a4a14bb1a41e3c6589f81be0ce01b9581d7aa558baadb59a86949230486c8,Port_Scanning,0
35364,Normal,8e1c2402053a42aa742a5db0951de326bca36939f2a855593afbb01edd422089,c59103cd98d12e1685ac46b8ed6cc832584aa96898a4cac54047a17f3812f4f9,Normal,1
35507,Backdoor,0eca7d9f112b6c1b95179063a6724bdf0b5bfeda872f38e53b147eee8ea87f69,e0f6e22973877c2d4fa08148caaf99e3e2e2e7edbc63e55d1f2d846069e1299f,Backdoor,1
35509,Fingerprinting,ba143e9fe01a723916b97e61abb71549c2e8ce072fd9bf86e470b0a23df2c02f,e8f0bb058137c5a25af3cd5263c6bf16011afb4cca61e79064f75247ab567137,Ransomware,0
35579,DDoS_TCP,071a72a7ba53d4cf1fdd5060e6a22bf7c116216c730d12d6cab5e21583860fe2,76ba8eebe61d372c5864b7806879ed0564cdd0d30de0c161447f4be3062a2657,DDoS_TCP,1
35790,Ransomware,a2670cd07e2efe76db88746f6a6ffad80b36f0afc11a34b84ab2124f17b3c582,8d0bcb2004f4e16217f62d305debe4a3142edc254133d5b99d18db1422ff21aa,Ransomware,1
35831,Vulnerability_scanner,1c49a4782f54bc2bceadd4bb9da638ff3f7586e21762f6347df6fc0269fa18cb,59a40cfb4c6ed3c8677eb40f5df0dbdc4e028ce8e41cc9d7cd26a211c40f09cf,Vulnerability_scanner,1
35909,XSS,14d11e362872a400969b17a249468e4cb82c1aef5eeec3ff3a31c2fd14f3613f,1a9a70faddf29e0dee711700004169ee6e9ae48384dd8730227d899ed1128569,XSS,1
36019,SQL_injection,1ab0c1e890a64b23470b39122e25ccce2491d6c731a048adc9f8234d23861415,f4234e805f675209c4b6fd9887a565bf40568c4ea1ae835ade37cbc703d2b7b4,SQL_injection,1
36092,DDoS_UDP,0c268ac28e09a3110624b4dfc2f751ba296c9e38a4ed9a4190a3ab7df9c9f416,53c9a56e8b256c3b0bd899a8f9f948a415fb8404db49b0e43328b6c752f0f8c2,DDoS_UDP,1
36235,DDoS_TCP,adb63cf1b4d69c9f8251faf2f2fe26b17fb7a549196c073eedc0c12fce61dda0,500604ab5303d9589a8289e53189e0391d79a3dac7f61a72f1f40521ccd5c56f,DDoS_TCP,1
36246,Port_Scanning,240a9883317962a3e53cbc3d53b8561705ba8e6f9fa7b2bb646e639fe55dfbb7,5c3d30f39e5fb2ddf768e89180cf34ed6bc0edfbcdd0a7890cb922866578f9da,Port_Scanning,1
36250,DDoS_ICMP,25d36ef89f29d4c82ab8e99686f6c9df821c6629960ae94b2ecc0f4f7fe18f61,bc3a381114ab937f10a3e49fd794b09ee85fbe78e9fc087317dd3c5c43b14b7f,DDoS_ICMP,1
36362,Vulnerability_scanner,31a8a73906db1982841e23ebb44b599c50c8f53738c76a0b277eae8ce94ba5d0,0c286867da494a86d0bb476afeb869f809ff5decf794a88c014e16abc2a7c823,Vulnerability_scanner,1
36517,Normal,7f00646ea4172efbec2d1b99ac3a7fbe1c638570157528bcf0e5a6abfec1ea0b,cabc233f09349b654e51efa0972559dc8fa22a059c7817ebaaca2c5b98128065,Normal,1
36549,Password,91b6b1d1babb066c3fd60397397c5fafbb8abd77ddec5bf821223d2212793e79,bc5bffdc377647dd8d9bd128ec271dc1cfb443d1d4e8b3322d11d4eeb88c3aff,Password,1
36550,SQL_injection,d524ddf99f6efdd7f1b886def498267359f2871edc79146e9fcfc40e80937658,3f5dcfec620af2d86e95ff2f28fbe4ac54a440b7878c92c0623ccd995140891a,SQL_injection,1
36587,DDoS_TCP,585516b7872a5612aab32ddaeac3a054270e9fd013c6ef0905d5972dbcb3410c,38bbd361d5ef4fbf2fb4be4f01b463c5e50efb036c79e48b341c943250c7ccf5,DDoS_TCP,1
36595,DDoS_TCP,88281c65ca8e0f94d09def24ae2b00b59442d4313990e1d33d1737d6658e8090,65ec1fb7a8033a43bc8ffc0ad601b0bb067286c3929110605f514f03581234dd,DDoS_TCP,1
36780,MITM,82b47d73b3652fdbfb3ad63c4f5a2753a69708133bb4439ea576f029f19b1d4e,ba71f86897002613e9ad0f56f641358ef1e253c4d5607b27ef31da6b8dc775ce,MITM,1
36832,Normal,d63d751c58b19ba1c30706b802429e54a5a9a6d1a7516fc2a1ee6269b390ce82,5572201a99529609570b7c77ffacfcceb93646c7beff3515b35c411f5064a853,Normal,1
36950,XSS,50d0c93301a69a2a92590aec0c2647547da9a6e0bd139432387bb4bad824869c,2bcd0217ce23f7350a6bc08cde6980f06500c779415a38202be34a654f832015,XSS,1
36958,DDoS_ICMP,02af0d1f75045ce3d80ac431fc9e0a7e15e319cb98cad9eba58999827bd291d8,6ba692ef8926868c6e7f254bfad76f9f6440a6ec3fd7e9ff2e2d265a7abbbfde,DDoS_ICMP,1
37013,DDoS_TCP,a50534320ef2a16b5d6293cc5d8dd9cd5da87f1bc59137a44559f334f02ef349,036737e8842da999a16eab6479873fefed91c54125fd05a681fc3a7d2d99de3a,DDoS_TCP,1
37313,Uploading,e295bfcf151a7cdbc038e209317a296baef7b4a5d4d4c8b4de15f100333cf30d,91bd287486b27b77a356fd40a58cb040314262f216a139be43af3ad714a31875,XSS,0
37329,SQL_injection,238b7919ba96d783db5df4f1048333ecad5ae8caed3309a0c7b0035a9a2fbe9e,8753476ef105d5755f4b6df72e9413a3f1b9bdcb2815d206e7ff26630bd0471b,SQL_injection,1
37374,XSS,6dc1306487aefeaed93266f739bdcf4c38f112733cd343605b5112fa5b4f9595,c30d9c8bb99850ed3628a00c240e2fec7d95a7b835274720b0caa6f0b4f7b142,XSS,1
37551,Normal,00ae5312c6ff3c441ba08dab37d72509825cc8719ff0a0cbbbd1fd677ce8f960,85fb65a9e0c24bfe7856b422d98069fad02473a596c67f7b703f8798629b68b5,Normal,1
37596,Vulnerability_scanner,fb10fa6222e79149a1525fb069dac2af4fc2c8926e168a0f25bc827bade4e01d,52ec82c13de083eaf8e1f00ed3a7feb659f6e633ed02048d366e158be4dfade3,Vulnerability_scanner,1
37714,SQL_injection,489f77f6264f41137a7ab42a3d3a258c62953d9ea113d972ee66076177313f7e,aca0f30081cd6fc85b4f1ce1c15df23efcc2808a41027c5ed6fc3c4470e8d752,SQL_injection,1
37845,Ransomware,0af1b7ab63432875526b8571ec2be2160411a1d727223c702da31e0d948ff3f2,c9eeb6265a99aad8b7c87ef3f8a2c2be32e4bf5441b37bd864a7a8c7fd2ff36c,Ransomware,1
37856,DDoS_HTTP,3c9dafaa0e086b415ace6da0671da3bfb64153b7dd90f4897d16d47e0e03bfd7,0d8b49c225a32fb7c011edae3581f180b491fe5966128772fa7dfbd43ddd46ce,DDoS_HTTP,1
37881,Fingerprinting,48c3bb54ab91529003252d11c5287948e08c8d02a1f169ae5f513d244c6bf4ec,e8f0bb058137c5a25af3cd5263c6bf16011afb4cca61e79064f75247ab567137,Ransomware,0
37933,Port_Scanning,6893b38b743fa589a77efce2fc8125b1723a28d4f27da7a55c98dd016d57e222,99a2185a627d757c595643f903cf36b803fc1845b05b61ac5caf81fab6d1cd17,Port_Scanning,1
38044,DDoS_UDP,a00f62d53942c33f5e54c5d671c948bc945d65fb86699418e0db9b653f3cb3a8,1d6d03e30212b2248c569b3de7f86ff4795e946661550b7252e72e9bbabd3e0b,DDoS_UDP,1
38270,Port_Scanning,bf6543e3a5e6172b3eda727dca6e020a39c6d71b981b51d50a8a03b6cfb3cc60,a358fb4ee242dc3a430c1174b3dbe94fc2884abdfd1f3eb8fb2a0759c3b41f1e,Port_Scanning,1
38364,DDoS_ICMP,6a261013e0b513cfd3614db1c3928d2d9addf85c960e398c2d4b646cc3745075,1919c70222d8ab71ec4bf3e2867fe64fa8ae238dcea6a6eba0f6df0e90fe64c8,DDoS_ICMP,1
38374,Uploading,56b595fe68dd2d6ac6d39dfe1a5a2903c80349bd6ffe794617b0f1bed5ff7710,f81f86b6066ed8bda9f4f65ba3efdd4483801f90d534c6bfa5abcc2de08f14c6,Uploading,1
38508,Password,cd69972cf2b0454120c6c36afd0af706322732287462c62a4ba0e781a413a866,88e9f7458ef85be8864989fd4a54b84b1ea65c452075c0f61df27380d0257e6e,DDoS_HTTP,0
38516,DDoS_TCP,7b597fd8ef0ee38b8cee7c529537ccfd5ec457df0f125e42029cacd071469b2c,1bc12065409311db60180fb476318a1608bf149570e7750be6a49938d68f95f3,DDoS_TCP,1
38672,Vulnerability_scanner,c079f51d8f735a6e3b61b5821b6d1b6a57ce5df2240f95e157eabf51c4902b95,24c088f3cbf265025ba4fdd3fd1508ad072332f53c6cc739b696343d4de1da71,Vulnerability_scanner,1
38836,Vulnerability_scanner,37d5449f8fc5f436d13cf29ba2691352d12c71ac869eb6d1673ee47baf43327e,403c9452469f05353150fe34f7226027b7492d401732557d289b21b07921bfe3,Vulnerability_scanner,1
39295,Port_Scanning,bf9f5f79c64b28e08cbee12d2fba305a5b3958b5ecd4452151a979da146dbf76,389679777d6024668d087ae9b5f0b60345e1a66aac019435215c20d0ec54ea3f,Port_Scanning,1
39425,Ransomware,c915776466e6e30202b7723224d34255a85685d4e3bb07420ab73a1fedf44593,8d0bcb2004f4e16217f62d305debe4a3142edc254133d5b99d18db1422ff21aa,Ransomware,1
39465,Uploading,553d3799c0814a8354e475b2c10b344c2eb78670bdfd58b45f57297fedb1d2ba,0ea27d8746e65acab68db92c53daab9bad6c3cee0b8f07f8920b7b2346860d68,Uploading,1
39509,XSS,95e5c348a849c80039c867f6920b3393ed6e9fc402fc431d0b0333a3d612ef1c,c069a27367cecabda02a0a25e68386f21b05c9d2e1ba225c8199f6d1861dbf86,XSS,1
39526,Fingerprinting,494ab2927de717bf58801bcfccd66db9dd7d5d55059ab4fd1ecbe781924e3ba6,0c9b8ee6d7462f93ca1089c93bac8ac8e610de7b1e2e6ea1cc85817e83a18a12,Fingerprinting,1
39541,Fingerprinting,20648483d769c1769c19578247454e75a9874f8271c11d32b983056469e50a70,0c9b8ee6d7462f93ca1089c93bac8ac8e610de7b1e2e6ea1cc85817e83a18a12,Fingerprinting,1
39561,DDoS_UDP,8837d064670ac01d82f98ed5d3f24d243e515b9c9c2cc46fba8812ac1925b7f6,d8d2a664fda0bd1f1e4d404678bf91089d3c6c4e93fe01c388110c055f4ffb83,DDoS_UDP,1
39586,Port_Scanning,40e9603623b56b175f68ff03b2dd0d0c5b99b26f7e79fc3e715e489b3dfed9ea,fb84f3946b7c770998ecefece9e0f85c59acc386c2dcff8a815bf590dbc954ff,Port_Scanning,1
39694,Uploading,8503adb0cc5df0716209dcec79304869cace36d62f6d595b62b9b50f745c6acf,61e0ae36294ffd67f499517e1be02d30a77e7460dd3118c0830d8f7adf00457f,Uploading,1
39948,DDoS_TCP,aef748a9b4fd01ab36b9dd221640d57689410c528dc0ea4399dadfeee5a6af18,c83b7fdf1a6ada134e930251e76cf1d82d533e0ce87ffde13f917440884dcf45,DDoS_TCP,1
40126,Port_Scanning,09609ca8c3a0d87eff507e0507f8c80ba4b520d5598939e1612bdf7cfe799716,e4caed24b5f927a0ed315bd0d2b56e03664afcc443f9c4e9127ba30469df3c28,Port_Scanning,1
40151,Port_Scanning,b3e6d4c9c0b6e7535ba0d488827112c3e87418f8afc9e7fa3815f6c529f6c6cd,db5a4a14bb1a41e3c6589f81be0ce01b9581d7aa558baadb59a86949230486c8,Port_Scanning,1
40180,Password,982c70fe1225896a666be2aa44a912e96222c7326dcac256660e438f0a88d405,bb4be9300cc5ae3f010b5bd9f5747ca69200d5fad50fd3a7ce070c09b706c1ed,Password,1
40222,Vulnerability_scanner,6ebed848b40317edc43f07d62f68ec22c727f729650a894ab5b1b3cef8f2c24b,a32acfd38484a16b67fc3123e3fcff8ab6a428c42c3f7b782c5cdb3e04ae3e4e,Vulnerability_scanner,1
40394,DDoS_TCP,3635297bd06385f477c4899cf4c9d9762a24a5aa57dd45e6f3511d7561fc03e1,9da5db97086a30f727f4cf4fff54f7cf62154243b83776d16c3639a8e68918b0,DDoS_TCP,1
40452,Port_Scanning,83badf0348b5963cdef7bbb45bf2c714fd11b3e2ca314db0a2e2cd3739ed3c61,4f9e4e631e488dd0481d1d9a7e3ef5b75bec015517070ae81d3f14c7982ccf87,Port_Scanning,1
40456,Backdoor,6754e1173d81c78ae083ecf4a142e9303e1dc8cfde843924b777a8c916993bc8,48dd69601710bc76dc4ba6ebf25e8bdee90ca014638e0b55737391ec718d5028,Backdoor,1
40554,DDoS_UDP,4f2d1b8e565ae84bae99bfafd3e643320932f12b51a96532ce17bcb53ab85824,cad1a8a22a7ff8f58c00146da8659fff3093b2097736a74cadb62076fdbbf732,DDoS_UDP,1
40620,DDoS_TCP,9054539f7cb77337f8987717049212b9eb879af995bc6eaa84c42f2c6c04cc4f,905ed8730d87b133d94e3634485f496aecc8c5bbe9e5ebd1a94a43f701cb0108,DDoS_TCP,1
40692,DDoS_HTTP,41adfacd38936935f95ee059034e59db6256cc72a4723ec8bb4d4127c5385330,6b2286d946676bb2fa69169728f8c2c7b499828cab839ad7bb2cbfdd271e8fa0,DDoS_HTTP,1
40709,MITM,bd1764b1a9045569f6bc8e73ec3796508ea81043d3f594fb5af8226cd8e667fa,89cc3112f38bc350efe19d00e845c613de608b2596c6d481137593aef6feea38,MITM,1
40914,DDoS_TCP,cd90276f6df995fd0bcf1c888f81efeb35167debac7abd8d148efbe9efe5c5c8,9db7c15a2afbce981f9e0f667968bfa1294dd36b6149309cfa2a5baeadab2c14,DDoS_TCP,1
40922,DDoS_HTTP,3556fc3dc12079fe9c10b697dc9765d6bccce0998db8ba7932e1c27152e5163b,c4f471e9b44b859d921b33c78553617a689c68b2152daf65484307422b144392,DDoS_HTTP,1
40928,Normal,4f44eb9759e4f9ce2ff87fcfdcf37930a95578839f3e3d82c166cb614515e802,5d7c84915b01cf8c0fbdc83af9e973f38dcc04c8b302a5e22ea2d17506d4ebe8,Normal,1
40944,DDoS_UDP,3d24526a384b28d2244023a2d41a0673b12ae288055e4e809c1b9804b8a007ea,ff8db2f214ffb1f79fb4d4b198b6ef77b219707c13ba61ead3d8672e1e41059f,DDoS_UDP,1
40982,Backdoor,1e60521a126646b3a7c3cb89d795508513bfa89e56d04654f0ecdeb6e3389e3a,e8f0bb058137c5a25af3cd5263c6bf16011afb4cca61e79064f75247ab567137,Ransomware,0
41009,XSS,78d68ce17b1a5e8242065a0db8dcc0fb814801f4f846d5a21873d8b628401fd0,d3a30394a1e969f696e0074092eb73e8395ab5dd947938b0bca8f2815cc27542,XSS,1
41089,Uploading,2bc126615247c07e3e6fb7ac02d659c1764198cee1db12b75bf45d7c519131a3,bfd035cd94e4ebecbf5df9ca72c963c8cac39f70cbc4d22e5786b05602221053,Uploading,1
41108,Normal,db534736f36540e1927911976ae6aa20a17d39ee5422f0e98bdedb78fa7f9ce0,c12a4150a0d400cb48f7da28e5e47cc423ed1c3d1ae7e1bbc0dbed270bc239c2,Normal,1
41468,Ransomware,a2f0b33e5dd74b0b709421adba449b58b6e796bbfa7eb3f6d521e2326501fa1b,8d0bcb2004f4e16217f62d305debe4a3142edc254133d5b99d18db1422ff21aa,Ransomware,1
41622,Password,97432f4bcef9f6c5c63586d3b81e9f1529dc31d5d7d7b0b8db7239364d30805e,3a7c7e6897c815b6a5ac9622d430904941ee057b51a842e36ee13161239cf2cc,Password,1
41858,Normal,010a6a522360b6e0284349ee12cb81cb3df3606c0fd0bdc52999740472d4dff1,f09a8fed6cb8614e7c1b6c671a24ed9add59e816f90aca92766dddbcd0a566b2,Normal,1
41879,MITM,c5e2cd550021d5cf6ff352034ca3ecf26bfe930043a757c3a9ad56a8c56c4b12,e7b3b68d313b847a6177bbcc1e92e81bbc4876f19e7512f09b11c0c815c13848,MITM,1
41953,Normal,59d47ba64d20c0caec2c90e905c1f4922f3a7fcf6140ee1abed4f5a8a6c6f127,2c95bacc9d296fe041ddd9c710f31fcc552d108d653eb091d05b71505c6b9e87,Normal,1
42097,XSS,a1e5aaebf3803443ea1c3dfd9cc8b8ae87fd355faa07c9675de6b6d13ef2032d,2952b1b9120c0c294c6e630aaa1d382433338cf56dd80475f44c655b39fff041,XSS,1
42134,Normal,43aced98d77ed0b1f1b10a789aa2f39ba40a39cc68527d666cc7cd49908f7fe5,3a5e8b88af9069113039e6fff6335cb781d5ca78c45edeff0d59600f0d152604,Normal,1
42166,Normal,0f9b1e16b8cd4237c28c935368db8cfc96d889978297f62254646118519a6acc,bcfa8855dd4754b298734e08d059f0f443001c68c92da71aaef1c85a2a758ec2,Normal,1
42261,Vulnerability_scanner,886635a1aff881a5b6b5a160956f756973052553521a7521ee6df73cec8df601,190e4fc2b1a1e629fe09542ce83313e052ed67332562e78e6983e839a1c6eba9,Vulnerability_scanner,1
42270,Fingerprinting,e5f258b17f567e0833bca66f5ffe6c0ebea6b8128e158314cec963f57369cf22,44bb7187c3bfde53527e2141ed3c3d3ee82e74d7780e12defa6e2d2bb19ab0f8,Fingerprinting,1
42329,Port_Scanning,b9637b6c7e24c4ad429a388844d6fec1e38c79f0fafba7f2052043a0248225a6,15813740db5389d8ccfed1b76dfbcc1cb0a4fcaeb5c9a6817c78e4aec555d15d,Port_Scanning,1
42541,DDoS_TCP,42b9b0cf7567843c4ee67d5bf64a90a05d8562300c51b3403e96918d9c9d08aa,a0c099dfec3214e0d2d51e0c2c4dc4c33fa2bf02b97c8a11dbaa9151371e4442,DDoS_TCP,1
42546,Fingerprinting,412d06839f9110661a7f642c970bbe2040fce6461a2ddf7788af0426deaccd3f,108f859a2d4fe52ac19fcf9b62a7e9b951c56254c02da03b336abd6be2ea4ac7,Fingerprinting,1
42547,Uploading,56109d87456c643394a65183d3d2328346a2fbb2158bbf20d2ca8681d2a0f29a,3367eaa242824358ee5490e6c09cba25199b46499a13a04c7ccaf6f713aa3fe9,Uploading,1
42804,Backdoor,e86b7893927a10b5c63e564d36278476366e1f34a7094a8e5ce71e395dba067f,799635b400ddd6d31ea9d96d23a8445df6032e2bb8ead17f5cc2a379144523e2,Backdoor,1
42809,Port_Scanning,1752ccf9816c5f936f12f40bb709fb9472b117bafcd773de5fde2c5ef7415add,e478bd99dcf78dbf0a8efacada4e6189b29ce8560cbc65d86029cde1809eb1e9,Port_Scanning,1
42868,Ransomware,b0ac90d9b572f3dd1b1d9912a720191c083431ed13bb6a91a979e652f62aba79,8b8769b55133d61bc6ab7eb3ee94ef210ee970dc3d028235e3e664094e54a086,Ransomware,1
43007,Uploading,a78e57da3276037eb2fe92b637ef33fed51bd492e528f09ba143578aaa7ad56d,901c29dc36e1a59aa47cbf74efa5cf2ec7752f384eff7adf7f79a026a5912cf5,XSS,0
43252,Uploading,f7a4c6b4de2e2ca64794df9f0ba1ab89b110a47408808af74ccbe85e038c6c91,91f573c27d48b3ddabff0f2ab27e4a4de5e4a232a45fee656d5a81e9bae06a1d,Uploading,1
43260,Vulnerability_scanner,e9371a9553b09238aa3bdd70023a7d40405c00c55b68da89a5b892a562d65173,40bcaff06c862b5df4d3b54ae9ff6bedcf4c6c86cbdc4859b129c8a1ac3acf94,Vulnerability_scanner,1
43361,Backdoor,fbf9ba0526e477e499ae7f8406f452bd14ed391add01e345e0b9200c5940ba63,e8f0bb058137c5a25af3cd5263c6bf16011afb4cca61e79064f75247ab567137,Ransomware,0
43687,Backdoor,7fa4c9846b2def9e5b84803ba6a68970f0594e3f96437366c310a64edc2d26fb,c2a82d36602d597a55320fd53d18d48f3fe46e52528f525af2d66e6481273e53,Backdoor,1
43784,DDoS_UDP,4efe9db932232290700bbb53276b6d5b16a675ad6235de8567aa6a4d66b5b7e3,367c216f271e51efc7de8d831b5b482f1855acda960aac84fffc841966877099,DDoS_UDP,1
43810,Backdoor,172f1b21747d0e6d981ce230d1671d212ef222dfd4d78446121b3945a71f5235,799635b400ddd6d31ea9d96d23a8445df6032e2bb8ead17f5cc2a379144523e2,Backdoor,1
43814,Backdoor,bc0d69e4e5d887e00030be33b3ac0bdf6cd517cd84e0f9d6106ba4d9e78a0282,1cff1a1148d0e4ab078982bc06106b1a4149d1ab42c1341078d0dd3d7b403cdd,Backdoor,1
43828,DDoS_HTTP,bee487e1a1f487701b728546b43623f57f6a7d6b4c3ab604d1b40ef23a0677c3,1239273ac45dd83db8e1bbbdb8f903f8dbd809ef71589dfdf9811197af063646,XSS,0
43911,Normal,b26939bdb4e985ccecb274da0838ed3d530c170e1529c526e8c37993005d6768,54247c4aec58f9f2ca887c437fa460f77b3053e0cfafe7fe980189bb36adc578,Normal,1
44003,Password,3a0725a163bb9d66d2178047ab872a4493bf55ce4ff2853c0e651a67345d7747,51f7c6c7ccd3469dab9847436d1d93db0758f060dbfa3ea102149a3427e35b2d,Password,1
44025,SQL_injection,3e975863b3b591dcdb0f7f1687a90b537e4611cf390c161b67f69ad1f69569c4,b791c0afd94c9b0a9d36267b91a17e924fc8d23f21dcbfc80bbb0c0f1ae5b526,SQL_injection,1
44138,Uploading,1eae1711507fd5c3f6bdd26b4f66d86eb759ba92bafd3eb273d5dfe3e208fdf7,0f9c042d249f58c73f3f10350c7a06e12ea945d0b223d55babecf7bbfdd856a7,XSS,0
44258,SQL_injection,e6689e87e62addcb462eb6579abfd0c4d1af35ccb4f2d617f028294fe56071f7,223a7be5f7d7c86cc217213414e606710f42aa2f068d22c622a02da4ee9fbc3c,SQL_injection,1
44301,DDoS_HTTP,92f8cda101ed851ecc2c545f25f88301c244f534e28d468553070110954782ea,9405fe760fd01ce8f657c864b4146cafc5adda2c8ca010edd5f9318ecc11e17b,DDoS_HTTP,1
44380,DDoS_ICMP,7c7f934a3524c114ffccefda4d408b2aa634e858de5c8b0312247bb7043ea6ae,970e477038ac1aafba8545ac51c04c83e723d7e7ceb918534eb3b8add42efc71,DDoS_ICMP,1
44396,DDoS_UDP,396a334151d268904f07462d74c211b7edbce0fff283fe77d2deafff66145e24,cebf2fe4c956cc3bc021d20977606c442fb25eac1f0bc6ddae81b72c248b525c,DDoS_UDP,1
44476,Uploading,8f70987a57905b52cd5133944bfefb23d7f42cd2e2f2b2d6a0cf28166f0cafdd,a713d91e84b27e4561f43fb8ea8084cf6a83e7fc94e403866e331bfa1b71d05f,XSS,0
44684,DDoS_ICMP,644cd8a91db1779508fc82665bba74a03266649862162ec8bc16e1b36cc8efc3,03c05c0d906841c942240ec83fc3bf7d08af1f875f200c14d767ead9e1137376,DDoS_ICMP,1
44692,Normal,1dd5583af9db785c94cd735fc120ea20a830cff8a7af0c60e445649f416fa037,718d1eee7b03c955cc863fe9cce283c6df66d45352c70190a350982619dbf0ee,Normal,1
45128,XSS,45c16faef197c243068e70e7d51bf5032dfdd0db60ff2f2032e5f58dcf032123,9bec5854cae53628db591a65925d6483c878c779b6c8e6bdb1256d298a2e0f59,XSS,1
45184,DDoS_ICMP,de7cd10ca45f2f74e6a3d75425985770211410d7fe1397f717b022c784a90f72,39e0aca8791401e024d4214a37bea8e870e270144e84888f19e397ed47a332aa,DDoS_ICMP,1
45454,DDoS_ICMP,b3112f8265612da4fd4e5578cbc06fb22c3462d8822359435b996f0e0bb0aafc,b47137f49ea749bf61ebfc55c9cfa303c308678d4c2ea759fb7e4db20d108dbb,DDoS_ICMP,1
45506,DDoS_UDP,eb7b2f199c7c2fb65de2ff939d2ca1bad91d941eed0e72cf5fdef9daeb0067ea,61cb5b5c2ddfbf7ede3b770cfbf887f0028380bf16c939e8dc84f331869f4a76,DDoS_UDP,1
45566,DDoS_UDP,de1fc532cace5a5481c2dd1153e92eed3ce5b8d662fac7c266867334b1d3d9fa,3db21986305a98d26fa3c7c67c1ee4bc0e8c11c859115b27796784abb3b73753,DDoS_UDP,1
45631,Backdoor,018af85e468f9ea131e756b61db3393a2f306a2b5a95a90bc5cc6de2edf04a18,10d918ad575c17204031b59bb7cb0ffc4464b4a669694f661c4cc928858dcfde,Backdoor,1
45724,DDoS_TCP,358b7df56bbc2e46df2880bf5628eac067b2fa14679a673f9c597eac989b8a67,2c9e324f0e9d403d9389e90a76de8f9e89a596490832dcb7feae0ace56151bf9,DDoS_TCP,1
45974,MITM,2c16fbcdf9ae764396db726e85d88d51220c895d6cd2d13557118654b1435d79,f16f93b86149b5877d6393eab597213a591e2c77ae1c20e329fcee0d15aabffc,MITM,1
46072,XSS,8949df1451243faa3115007c7ad782b93b47cd803dd5c4f8e0bfa6ce44cb578b,dc6e4500f0cb126d9dc3eaf49ff1ab278a1b1cd6fab9550d1e5945bfc264a7a8,XSS,1
46280,MITM,bae42f1c3f3e5950c0743d0d59f28114d7ed491ee31a25135a6d1499d6732e14,30a4cdbdeb117e033080216cfb416bfe482ec31c27d733981afeee213a506e0c,MITM,1
46401,DDoS_HTTP,bf5c19b4ca825147904b4a06f6a89345de3258fc9a3cc2399fe84be4e26ab25e,b68ee0b4e628015d008f9f515b2bbce0a92c3b32a328888efc14f74ee92acf83,DDoS_HTTP,1
46402,Backdoor,0dd7495636bf772fa2fe6873bed5dd8d9ba8e4ba6ff5661e74ed8fcc490d92bd,d0b3fb9d79471c0ebf6f93a3bbf0dd11592f440a52216327552ba6b869e1e86b,Backdoor,1
46407,SQL_injection,89b3dc5276fcfb8e25da2361f9f260d400cb389543484f63e928075c31f81505,f64a40862d2cfd231bca78672e4c6350aabe9a0506d124c3ef821f7f31a119fe,SQL_injection,1
46567,DDoS_UDP,a35e8a862f6bb243f79692607661eb4f8512ee1f2a0f73502d742588d13158b8,35939edc79d43366207fda684d0ca157d847163f85aecbf486fae5fa25413fec,DDoS_ICMP,0
46719,Password,d216017f3191b4abc61d345078f35691e838485b08d77718f7fb649480108fe7,b1f4c8baf5f1d17da6500f61650d16613d641ecee6627c139ceb1bd2d1f1a475,DDoS_HTTP,0
46818,Port_Scanning,8cbec3540d6f5ae3998a4cac96660c0e94d3d6f2c9887f26d6987d7b3810179e,8dd20d0e6e9c5bb90b1ef757abdd6eaaeebfad76e3071a9d0177c3e6c4183ca2,Port_Scanning,1
46888,Backdoor,805ee9f1f2dec4bb5f613111d6876abd7870264d5a4ed9d3808cd765fb194dae,1cff1a1148d0e4ab078982bc06106b1a4149d1ab42c1341078d0dd3d7b403cdd,Backdoor,1
47135,DDoS_TCP,0c582b183db9d169e5c6868853ddb1873db75a13d8c20b72c72f3d48fc3e526f,f64ecd9d06422da5b8ee0bba6bbbadc8b5f4fac2fcd630c6d9e5fc1132ad0f55,DDoS_TCP,1
47155,XSS,d6a74b05814f7dfc6c9c9d77a02c9fa3df698ef14886f7c449a93981b8d57277,b0ef35156976d1ccac3ed9950fc77153039d9f6a4719c40f80b906da70a25a2f,XSS,1
47426,Password,3f23e4edbf80b3087b148adbeb7946a0dd1094e40edb4fdfc871427f8db8694d,4f471dbf0fd548ef88aa8319179079843b1bb155005ffe7c88529a00b4f768b8,Password,1
47446,XSS,ddeab445f1f48e40e97998dc46619e895741a0492c811415c156bcb94bd8aaf1,952810a33541d56035720ad2788eaacb7f290d3c0ffc9e3db7f17e50f23e0c71,XSS,1
47451,SQL_injection,5b2d8320d38b17351573d1c6f1a029015d78be9254bdcf5fd63c5217af4405f7,b227fa91acb1f2436985b861652c9a159f8d1bd4323efece0c384a066852f61f,SQL_injection,1
47599,MITM,a33b776b64c9943cf93d1efaebe695df602ea8aa5d4ed4841c99175a6aa8d629,796ab69cc1c34e9254f520a7ad04c9fdcce43565dc0318dd6e71c35b58103e49,MITM,1
47658,Password,762c4af225b7cded51fcf8ebb777bd549a37cf5691cb3909bf6d9bf1e40ff8d8,e4d2a7028827a83e0d10fd910ea3a60bbb3e3c5da54e09fe5273591ff6cd872d,Password,1
47661,DDoS_TCP,ed15d13b707e1a04f36541c0272fefd0c103cb2eedf8c344acd5bcef33f959f0,afb297c47cac09b8c196ec5f71e55da72a7f7a42ed05877070e684f12aef3356,DDoS_TCP,1
47893,Port_Scanning,761f91140063498500542e00b4393a2b2a2c04fd88d681e88203ecaa8c4574ab,101455d87bd7f9601a31d6f0e43cb5e13c8378f0db5f0d671b0e95d7e937291b,Port_Scanning,1
47951,DDoS_HTTP,3b4a0cfdeeeb21f29e392caa692104c6348181a8dceb3694d7ef1db3658f6952,2eae064daa6b73af5fc88d668bd9b62c0d8f87615b52bb4edd092c964b980660,DDoS_HTTP,1
47958,MITM,bae42f1c3f3e5950c0743d0d59f28114d7ed491ee31a25135a6d1499d6732e14,30a4cdbdeb117e033080216cfb416bfe482ec31c27d733981afeee213a506e0c,MITM,1
47962,Password,eec164220843eb053c62a134d3aa4ecff20c3662333eec515ab3fdd500e52e3c,78d708ddb7a614f88a123702abd3a4113bd026b2f17bd1fa8bc3fcbef686f8aa,Password,1
47991,Vulnerability_scanner,84eedd4c07d4b58df9c7f808f04509daaf71b40197dce8322ce2a3d69880e5e9,a1b948a32df6dcd732e2124467fcb5fdf3da6ffae5224fdfd8b85aa7e707708a,Vulnerability_scanner,1
48022,Backdoor,a5f25810a099a20c1fa8e13120176851cc87ba905397b976461c4175b8b75b63,04307f2539b50075b8af42314054493ba81d8e428dc79cb7c41e4dfc0c16cc96,Backdoor,1
48053,DDoS_TCP,ec0d3814764a03da86625a1918900cccdc714b05877135c5568adea7fdfba189,2b08ceceed1a1c3da42e5c9dcab249e91233e1b1e6d07550fdf2ad825cc30101,DDoS_TCP,1
48079,Ransomware,843d086a8c40d3bccfb96c7d8fb900e992d82b5ca7d2fabc7339678741ca05ba,8b8769b55133d61bc6ab7eb3ee94ef210ee970dc3d028235e3e664094e54a086,Ransomware,1
48215,DDoS_HTTP,d059832eae722f781f9df33ac942370bd5984154a22a52a2c30ca3824351c055,bc6da5a8c99a37ab4245c81891aec518d1e47ba0e58b6f4a2bb064eeafd36ce9,DDoS_HTTP,1
48297,Uploading,cf7e75a0af6489385685422891d55f16cf9eace1e32182f1be832cbb7945da18,f9794c352055d3cf5803051f3b40a252e5f3fa0851e439a0bc336ece0b9602cd,Password,0
48463,Vulnerability_scanner,aa915a80784a5fb39c9df17c84c9dd7a7305bfe63be38b3e5102b627b4c4ab44,ad63955b0590a4795fa745c3b4dc24bdb250901e00ac124f71aa9be41be7ea40,Vulnerability_scanner,1
48496,DDoS_TCP,2be7c6eb69b54ca3f5c743de3516c1a71f9157de271f36497b3e09bfe4574e53,c5316af2c4a4b5b7ebbd543ef4f4da576fed460f9ce3c380458722336f0e2550,DDoS_TCP,1
48528,Vulnerability_scanner,9820cc12fded5c395e655414ad9bdc551d4f5d33aa94430d6a2a96acf6cf3cbb,0070b26bf8f2a430da25ae6981d0af8be542ef44e1a7cec55f0044eadbad2576,Vulnerability_scanner,1
48599,Port_Scanning,0675bf01300aa76a5bb4c6af121c2e808ca661ee95fb1fdd9747571aa1636349,76aaaa9d43d523e56752d8b3549040d2f81408134c0479c92db08913118a5a00,Port_Scanning,1
48738,Password,d768488a3d80b8c5f6e4f6a7a7a6312e600d83115a6c733dbdcea5b46c75852c,92ef69d70e0803f0241338ca65788f8c69906d38e17bd06f17e354ae40471257,Password,1
48900,SQL_injection,9b3db911e0be69c74bb55ede8c2eec6d31d309c150a406dd38a6500f7b5691ca,de0e4df2b97256e88ff034e8d44e8901a626cf368a6b0e62d4d0c71dc3e0e637,SQL_injection,1
48966,Backdoor,5a5d9e4c0c14e779cbe8286e735578fc114be0a523d20b1c8aaf0a03405cdadf,fa6df089bd19511426edc1bae8aa476babc04f3bf650f9efe875f1dea44bd299,Backdoor,1
49115,SQL_injection,7098f5083ef4a2858bb81fdf54fbda32565c34cbea1649ce7c61a78eb477205f,ccf94500033d2be81178d0d8996618e6eda500ad8900520e60bed4fdd18b97ae,SQL_injection,1
49119,DDoS_TCP,daa5eb0781c526c502b62d270ef72cda85de8939f73ac1f7a08a8d237cedd1f3,48b61b233965a6c6b7572025522cb833b9ec82bbe3e74a0f6f95abc806d830da,DDoS_TCP,1
49164,Fingerprinting,8b3744f3184431df693f39c66090edbcbcddb6af57f2ab0d8267c6ab84093701,e8f0bb058137c5a25af3cd5263c6bf16011afb4cca61e79064f75247ab567137,Ransomware,0
49182,Normal,8662b3564d95be9bebb9dc321f77c3809a7e923df4dbfbed449340eff8f4f774,3a0719fe3fca69e83c7f9f20f62ccfc90ec887dda0b9e1976e8c840d6a80a6c2,Normal,1
49240,Ransomware,fbbe1e1cb5b9cb153ed131dc14b2e739f8e28705d1ce4b0c77dba0a362dd7e99,8b8769b55133d61bc6ab7eb3ee94ef210ee970dc3d028235e3e664094e54a086,Ransomware,1
49265,Password,6c0590ceee71a943276b529a8ba0f8630ee579b66b3b7528510d306ea62bcef9,8ab05df7e4a94c3a35cec928b4f0ce53181360e9874176bec36c1721925dfc09,DDoS_HTTP,0
49355,Uploading,e2d6af36c49ece7f733d9d339b14857ba2c7ae435c0dd1a3b1fa2fde81df9594,7fbb943c4a9f7a4ac325614929b0251037ac5d4fe3e83a3af65d9b76dca4c726,XSS,0
49403,Ransomware,d1a486457d91e452682ee2c32a4152c30d1afa5b915744b35b504bd8f8ff2472,8b8769b55133d61bc6ab7eb3ee94ef210ee970dc3d028235e3e664094e54a086,Ransomware,1
49439,DDoS_ICMP,090c6d98541d7639ccfad7efd407a4500228afc7fe9e48deb395015dbf0143b0,bd4259a8bcdca141d943b3a1395afc37c267e8a2151f61f1f87a4f00377ddce6,DDoS_ICMP,1
49462,DDoS_UDP,0f520f4a9ca0af14044894cce33022fcf7bf7fd5273385848b00dbf856fbf285,a06b5540ce4bbb9f7fc6f8bfded82b37890a97f792ffc7c75e743fa32b620e5e,DDoS_UDP,1
49464,DDoS_HTTP,10c9d9f49463037ce0139e006e3fed26e7467581c56f4df59580de7b250ee1bc,6029fe01cdaf45a338c27e486b2e6f7209c223764336f9c749765f94e85aa8ea,DDoS_HTTP,1
49467,Backdoor,cc95c062c71496ca119b1d496584b4e0ccbe549e749da7b37b65a8831edb23db,48dd69601710bc76dc4ba6ebf25e8bdee90ca014638e0b55737391ec718d5028,Backdoor,1
49549,DDoS_ICMP,a4b1af9a0721c3566065ee4f610591f9e11db4325acec8922d44b40f7365a870,97a2b36f98357c6518bd4f13410b4be211bcf4e0c5f3b55546d365cab10aea6b,DDoS_ICMP,1
49600,MITM,bae42f1c3f3e5950c0743d0d59f28114d7ed491ee31a25135a6d1499d6732e14,30a4cdbdeb117e033080216cfb416bfe482ec31c27d733981afeee213a506e0c,MITM,1
49622,Ransomware,55fb65648ff024edf5a471be22a0d02a92a9cae94b54e46bf9a4cca4bd7fadda,238218b039283f5a45ee0d38f4ad7e90ea8db0b682a1f59d4cc6831d5db1ceda,Ransomware,1
49653,Vulnerability_scanner,5dbd33f95e2b8984c51abcd7daded5d7c3b1348549b7f75cb8defa8977600805,1066657bc17dba184e1ec9ec5a040bb1988f20c39b378589870420bd8d947673,Vulnerability_scanner,1
49787,DDoS_HTTP,1df28ef7e15128e809b951c64ac71e8d60665ce7ffd10b7b47f32f7ec220e337,a75b43424a4224e2a04240bccd7fd6528436fd1daa69e986cda7dcf6b83c3bcd,DDoS_HTTP,1
49823,Port_Scanning,3520cb2c5074e38fcdc9ce3f7a4c0db4906ed9b1d113596f036add464b66d3be,31212463262329435889aae7536abadd27fbcc1b55d2cacc29e5088fdf626353,Port_Scanning,1
49871,DDoS_TCP,585b22ba6e1e7d10571cc1b0c95cfd501fe32e042039d5be739c6e89f5fa9067,a63e0e0454c6b40c93322f0507bbd84ed1ffa0818b2d7cd396cf652fa70ee3af,DDoS_TCP,1
50031,XSS,f4368792fa74483b9565978fcaa4b76c587fb17a030316ed7a2610646c04aea2,8dbf16feb7f28cf0371db51f2453b23fe1091d4a19ebc2e9a087d5f856f3c164,XSS,1
50084,Password,2eaef64ce64b140a6f22621e9874c3399a714403f34f8c8d21a0b693c1e4b91a,c4a1568301c0f53a9d8cb04942cec7d76d09daec5f5301da004683f34af8acdb,Password,1
50134,Port_Scanning,9ac3828abecc14cb422ee225997a1ca4dad82c033ec86f923db1a43275eef8c6,c77281c6664bbb6792c7d784e84edca333dd44e74bebd767945a02945d8f5ad5,Port_Scanning,1
50171,SQL_injection,9c896389ec7d04817de1551bfbbac68ce888e09ed92c247504f5c9cc699e90ee,c3976cfe686894e51b0cd2ffc6a9dae22e27202515c8793effbca6664a240282,SQL_injection,1
50215,XSS,7bb2e282500188fcf9693d9b25496e48a76e393800ae1425f68a7b1c3252f2fb,c242bcdd6c97eea9dd421d0ea866127c63905395c4d39300058c1965c6b9ed51,XSS,1
50357,XSS,1c0c900680d1748a651daa93829d8969a91fe650ff36f02dfde88694e2ad73f3,54a8b9e7460e3ef6aad0ce640f14bbb27086d401fdda2c681f26e1d6d3360bdd,XSS,1
50369,XSS,67d0e79c9c962161054ca86d90ff6740b09f84aca5e41c977d827e5ab4aff7eb,ee249598efeda5b363f33bae5d9068f745e29411c8e2869abec74e8661870ed0,XSS,1
50408,DDoS_UDP,ab105a45896a0ea2303ecc5f30ceaeb3887036769f9d57c5838bd406b5763205,65164b2e36e0f880afc363695add2224a7ce8edcb42ed0c649782951cf995552,DDoS_UDP,1
50418,DDoS_HTTP,5cfd489404225334b886fbb8f10d210e7dfd40ef9e22a67cc9b9bc4815bb1a1d,dcf9be0cde871f6f9b5a43474f0f320284244bb2419ca77a6f08ba00a8730ceb,DDoS_HTTP,1
50495,DDoS_TCP,ddb0b354505317a34d539c4ac2725767e5ea221bc8e65d3eb8c80c03e60482b3,98aa7d00720e1606b586d8b886d41034b0bc16b65f800241b73d318479008745,DDoS_TCP,1
50528,DDoS_ICMP,a8b447b13f7da70ea287d1a92736cc41dd92151d6176e61de67f7856d6e4b92d,2482222da1451718856ea2083a5e45a7e516a00f1e7cbae08c1243869ca54508,DDoS_ICMP,1
50578,DDoS_UDP,737edb92db7b2cf2ccf1a6eb860c2c03d2ea0c776e35a6215854142837110ccb,555e823241f9dc9aab9a584535156598dd812cc12db1e3bc4c2691eb6242a308,DDoS_UDP,1
50587,Ransomware,4eec1cc05145a7fe0b493da69cd7eb9e404d421dcace9f14da613ba980c06d84,8b8769b55133d61bc6ab7eb3ee94ef210ee970dc3d028235e3e664094e54a086,Ransomware,1
50609,Uploading,55a8f072335f8ca46ef56512fd95f0fe3d90276b9b2b9b73721550910a443a42,74891af7f56a74ad93a13cd71d43def889e0fc5015d240ab8bc3f6b962bde53a,Password,0
50623,Password,b22945a1278d05c3ecca075d94ee356c0bb60adee9d8c68ce5cda14efe5d7ed9,db07611fd256d28619901e119c5cf6cf07939432406cadf9bc5ba3594f32da37,Password,1
50643,MITM,2c16fbcdf9ae764396db726e85d88d51220c895d6cd2d13557118654b1435d79,f16f93b86149b5877d6393eab597213a591e2c77ae1c20e329fcee0d15aabffc,MITM,1
50650,SQL_injection,ef98fe9377df60686362094824930b1c875f75aa0abab64704e1ab597e61928e,2e7137c28f077e02560b8047270cf2e20e22c2c8e6fbfe795684a88cc0630b13,SQL_injection,1
50774,DDoS_HTTP,fa42fb1739bcac7ab79a7fcc5753a3827137f32789d2390c7609d7d892ee70b2,976ca5fd07f626f93a21d819d66d81a35964be8994c9c050119824fcc2c84d76,XSS,0
50978,Port_Scanning,a94979d020d5dbbf16d89487cbe227ca1673cf65f1931cd590086b89e6d3216f,417132c418efa04ebffd84bd36dc3757ce3f5384229aed2c6b05e1659f121cf4,Port_Scanning,1
51018,Uploading,4d6c07ccfe81eaaa933fa55f3c3c3bbeac5763e123d606a275368560f83fc4a0,fe7eb536a25dc9010cb48f28448fe969040399bcc648c3c5d55b33f8bc2b694b,Uploading,1
51072,SQL_injection,bd75c602933f27601eab7fd1d311d6a805396eeab1fa863a422730a7535cb3b5,39d95dc28cb2d438895d23b9bbd5ec2a6be8467b4c5d1e044fbff94bd2157cc6,SQL_injection,1
51092,Vulnerability_scanner,13cd357cb06692b371298933bb7d9bed8b49100454925607b946d5cda818a390,6f99498faacf361801e6f626f4dd289219dd41944787c5ee1ee356245e9ad690,Vulnerability_scanner,1
51282,DDoS_TCP,1e92917c6698f4b6626c7b99be06a929746ca7c00b109c5a57b15019b5cb6eaf,325dfb708f3a85223ee3b32448e21f758963577e78964350fdcafb91013137e5,DDoS_TCP,1
51294,Uploading,5f8ea0e50b97e36b2f4092aecbdfdd629fb02aed48dabd53230970782baf84b7,08762bd3f7bf44a95e508c6788adb767a25bd1202a64ddb01396b219bd5d5b60,Uploading,1
51363,Normal,ff08a652d572a97d48511ade46e6a1ffac8e6742c775b04d046a5f9ca51ab3e5,3b012a481fcb463555440de6cf6f4f931b888eddc6166a8a48f86e645d76e972,Normal,1
51481,Password,cd2fa43f49a464012be8e124686e22341491d23e71d2d19f509432d86ffc3d31,7095645b37037edecec39638a017c1e2b3506dd03ec20cf1a50b62f44b36642d,Password,1
51520,Uploading,83357417192cafab9c4dac38cd1481a994ca283d1160a1ec183805c7b09a9988,af8183b80a626aa3b86051725dca72ea0c45364f8ff01fc6ff4392af37967f06,XSS,0
51526,Password,fc5d6d78e38eab39cb1c42af0b32bb4f93db02616081b722bb6b374bc1938b22,ed6ec7a2ec82b85141abbe36710b160845dcf16f92c21639a8ee54b803cfb266,Password,1
51678,Vulnerability_scanner,6e203d4c8c0d50680567efe7918096446edbc35765feeda7654b3ca371a1ac7c,31db009f21cc0de769c53ab94597ccb46f93dad4614fb0716b724db6ff6a2588,Vulnerability_scanner,1
51684,SQL_injection,80d1753b59dce71323d57932f833dcb757e3fcad9647ab6c72069a8fd944ce9f,588b2435fc5c6e0468931bb42b4278165ea68905c2d035c827d41bcd73773de7,SQL_injection,1
51735,Backdoor,9c36c176545834adc6d83ae7f533a3805357ee4303c3e6cac446f76b95c8f671,1211c82812ea4302b9f40f451dffb71b2eb7f1389107086b072f866366740746,Backdoor,1
51742,SQL_injection,ea85d9a61e8f943545ec4540f9a1284e48c0cf4fedc2ad2d957be7f6637ca88e,6451abd345d15bbc55e5664371d0e0f615b771f2234802abf057aed594187dc8,SQL_injection,1
51758,DDoS_HTTP,e7436ac63f8e923f24f3381766b3a1503d60a6e5c2e2b1ad0a12e15b951c24a2,1f6bd160b8a409786dabae687d45c80400541a2729abfab8985019109a303306,DDoS_HTTP,1
51834,Backdoor,c97a6dd9e708c812992d361c9d5776a0c8df0d44fd7a5b4090376463a9ffe6e7,1cff1a1148d0e4ab078982bc06106b1a4149d1ab42c1341078d0dd3d7b403cdd,Backdoor,1
51904,Uploading,abc3f6c393fc78e76cc541d3486590500799a6ad3a37a7454179ae3f705b50a4,4987678390f9e41c781a805cbdbc3a11f563e3044079f2c0c9d8deb8bcb6731d,XSS,0
51954,SQL_injection,60fce69e190df38562954876805550aa8233b056924f123776fef7cb427c137f,617a586d760255cbb22c164d05c35e76c957809dc1b1203568daf11fc778468e,SQL_injection,1
52108,DDoS_TCP,d64dd8a5cac18f4200c5bca38157d1859c2b57f5b58316f28eb2c2bad7b29ef5,37f70759645f0b17b6a09c851885a8c7d3d1a059cd9b9450e8f107bcfd885ab7,DDoS_TCP,1
52113,Uploading,c2a8a5555b5a880a2bec5dbbf9ebf711634f55485612e6e77b1cc765550cb199,c985748a01eb4c6cc173c84eae1dab2646464120dc0c157c28405cf5eeb42820,XSS,0
52303,XSS,50632b605655528bc0ad447b6fcb5ec8888c5641a6f8ea8c948eb37bfcfa2fff,c4e31b4b5f3deb3bdedffcb846b940f751c61b8f54f71660472171a6f01d4bb0,XSS,1
52307,DDoS_HTTP,e8a8526689a43f489dc0e52cbb4bfe882d49a9cb221862107cc0675080cd6194,38d628c064283089f64ec4031ad62fad1f8f980a698e141c6ccbf05199b37f51,DDoS_HTTP,1
52425,SQL_injection,01e394bc7febfda5428a511aae8eeb16f6f0dfd8d3b9c8340ca7511a774e39ea,6fe92450ef35eb5ec36c42b83af38c229a76a0a0ad7e541af374f77df5f4fd94,SQL_injection,1
52493,XSS,7203e0c085249882b901f5d1c8e37d321b600080bd9ed7a5d86db552a7b12300,dcd727920c3f692702bb400d3ba4c387d8b3f785363b8d4d2948c58a290edb37,XSS,1
52591,SQL_injection,a1d10df01a6d1efa778c9ecf01863c0678903ecbea1eebaa6f4790b974deac83,1c9c6d87e404bc9dc8632c2126b21dcad0efb98736ea014caf7d814fd18bb73a,SQL_injection,1
52634,DDoS_ICMP,83e17dec0c9d3f50b9283b8299b66ff2c47a3dab361db1739909cd464204e155,f36d97b9a671286c02a2a416fbd89c770b56311eda17fa1d1aa5d8e4e9cd35fd,DDoS_ICMP,1
52660,Normal,4a26437181dffbfb236353a36340f19c8b731d6e139e0f4ab6e6269d76f44031,7aade9e509b5854d1969f32066db1d14f1e94e99bfd7931f718a789802371558,Normal,1
52874,DDoS_TCP,759ff52287be1b16a804a03bdafbdd0faa053677a78d0094412a7263c9e1c999,fa15e5ab7f1f8bdcc65a7a3d63645034c876161b3a4ffc8e3df3689a4d9e4f52,DDoS_TCP,1
53180,DDoS_ICMP,089f40a07bea97b4be95041ef9ba7a91cd81c19ba5e49d4679ca136577dd9bd9,9510c94e943b192a904ce75abdb6f5edd94273050027210b0529751f697e97fa,DDoS_ICMP,1
53263,Vulnerability_scanner,fca6fb19229a43072e9d49b7cb99eae1af5950203b2240b5ccd3c57520363155,e249f1fe8d1bbbe5300fbbe0802a58cd13d8201d351e14deaeccd64f3fee380b,Vulnerability_scanner,1
53340,Ransomware,b2d8ccd3c9fbcdf1f247580b77968dee1342b8d7bfedd1de7c4395b47a6d7a8b,e8f0bb058137c5a25af3cd5263c6bf16011afb4cca61e79064f75247ab567137,Ransomware,1
53396,SQL_injection,8e083c297aac2028d112aa4be241c9a485047a8fb80433ed5e1eb03be438e7e4,6a8b54a226c789226dc9e493f06e78cc23052212d53e1a21e4420b6508bb68c4,SQL_injection,1
53560,DDoS_ICMP,e6efe826debf4a2a853c571223e2ba9749e5d538f27e9c2e6970453f9682e8ed,22eac153f07f51d3cd05b950ec28586947553a85a0d6d1d08211989114815583,DDoS_ICMP,1
53869,Password,912469311ba1865d922fd25fd0634bbdf03d1be6b94ecf958de8ea427f53e217,25e28b0122ea6e6b9ad11ea32b025ee4f3cba69d9009feecf84918c48eb05231,DDoS_HTTP,0
53879,MITM,bae42f1c3f3e5950c0743d0d59f28114d7ed491ee31a25135a6d1499d6732e14,30a4cdbdeb117e033080216cfb416bfe482ec31c27d733981afeee213a506e0c,MITM,1
54042,DDoS_TCP,cd2be650579f8478e8036afc11024df2d6a790398c4fc57f737b7fd7421c17b4,7717983fc158281b84e753ba42714f9120e0cc7ed502ceb35be2f316335fdfcc,DDoS_TCP,1
54240,Port_Scanning,49951c7da3348fa4fdb8fe02be20ec46a06c0d604b55ebd4e5e8e903ff2775ab,9cbf998b2a6168c04c8283e8a1de6f3b274ee66a17458b500574fd2d825aa9e5,Port_Scanning,1
54292,Port_Scanning,cdfbd894a45f37c7d561f0e20a05c87486b1bd8f4290cc0fe2e767a50b77398a,b9dd11ce15a6f243d6e0fc023743b17130c8930df6fe445c4d798afabab69567,Port_Scanning,1
54717,Backdoor,1a42616fe4770631655c39cfb0fbe6d1b041706a33ceb90b5ed71907cb944434,1cff1a1148d0e4ab078982bc06106b1a4149d1ab42c1341078d0dd3d7b403cdd,Backdoor,1
54813,DDoS_TCP,e3734184f28d4a552c5821c8ac269c4c361084f9006e94f73f22be177035aebe,ac0a4951916b263255f7a80e1126ee116d3956d9c5f026a060804e99698f1a60,DDoS_TCP,1
55242,DDoS_ICMP,596ef311cba262e63bde9dfa19c5bc5c29a1d2c8a66a964d3967d37452c05873,a4ee1ecede8f2669b56734ce7e90de45ad2cf7335caa7c1191875e5d88698e4c,DDoS_ICMP,1
55360,Ransomware,be984184288ac8322621895d0a4aacc706f306d231369e07fef887f8c2516df9,e8f0bb058137c5a25af3cd5263c6bf16011afb4cca61e79064f75247ab567137,Ransomware,1
55404,Vulnerability_scanner,f3caa10c1a02b24a4b11c851e9e5a762f673cb25218d15988a983eeea12a6187,fcb40b87e77e51f8e68172ad0343192b8fcd531ae40beccb11718d1bcc0af946,Vulnerability_scanner,1
55442,Port_Scanning,da3406385257cde4997a7a1540ca3ad7f2c8882fcbc3a3a3c7c197fcbb4b8018,19b17552f086e2c2016ec58379cda30eccdc6265b3bd54a5e6ec1b827850d0f2,Port_Scanning,1
55465,Ransomware,b86558bfdd2ba33a383606e6012dc2db0577df1e39aa16d7f14f09642f31fb4b,238218b039283f5a45ee0d38f4ad7e90ea8db0b682a1f59d4cc6831d5db1ceda,Ransomware,1
55520,MITM,bae42f1c3f3e5950c0743d0d59f28114d7ed491ee31a25135a6d1499d6732e14,30a4cdbdeb117e033080216cfb416bfe482ec31c27d733981afeee213a506e0c,MITM,1
55544,XSS,0ecd9aa49ebce58380c471622641cc2723bbdf8cf0780b3a3804b98122b7b2ae,22e9f8df686ae1cb6458d12843f1233be468121142943257a78bd820ce43f1b2,XSS,1
55846,Fingerprinting,4e09b60cf64f73dc2ef2c6b57abb7239859bf12170c7b627b5a3c653182d6c8e,0c9b8ee6d7462f93ca1089c93bac8ac8e610de7b1e2e6ea1cc85817e83a18a12,Fingerprinting,1
55859,Port_Scanning,33c2744fdad0a7c898d177a55a93ce568a755d0920de340a4a808d536085b9c9,080fefdeb8751d2c2be1f7e0abc18a74a287468c3681cb87a57891af15b894d6,Port_Scanning,1
55926,DDoS_ICMP,6c11df0ff6304d9e0fade536d152a1b7294028d2742b27c5230c9774f23f883d,2a9f70de69015f10242ac79ef0024fa8240cc2d9291a72f641bc7558dacc9f39,DDoS_ICMP,1
56022,SQL_injection,b1908b28b40d8528ac0f08e37f93cb648d4e70de828f1c44c32c18c0dcafd99b,ae0d1c868936e81a5126d78908caf7d8419b3c6a34e7fcbec0ad55cbc71595d2,SQL_injection,1
56242,SQL_injection,15a04d57fefdb36431da33b56dfc78d45db790b8f37b5caa481e33a6e5814701,8a2d7a712e85b95ebd584d976bc45c719acaec1562741444826d11683c988bbf,SQL_injection,1
56416,SQL_injection,7e4dcbfb33b009145dc1860e5840701666f9d38516c94178e3d212d6cbf13e39,9bda9731a62e6a09c9a44fe192574088ef786417e567b25aeaac9da84da5d143,SQL_injection,1
56505,MITM,3bff1717bc297a55542881f4d9b19067c16cbbf4470e23d7671c877d83e15cd2,89cc3112f38bc350efe19d00e845c613de608b2596c6d481137593aef6feea38,MITM,1
56551,DDoS_HTTP,4275d4fbb1c1e04492f9c173ea30b224902051d817ef26eff234f727de4cd8c2,bcba5f2cbd4683a4bfa8ed9bce934aad28c914916e4343dc411dc3f8057ab5aa,Password,0
56568,Vulnerability_scanner,1413b0fdda180265f7cb515bc85ea483fa081c006c11e1003ec42c30723d1713,81d3ed7f880f1ae3fcc8c4b8a11a79156eb9c33ef624b1feff3d8c98eee7b22c,Vulnerability_scanner,1
56646,Ransomware,0143f9cd0249cf8c390e6871fbaf9d5357713f73acda421f5ae96c723e420510,e8f0bb058137c5a25af3cd5263c6bf16011afb4cca61e79064f75247ab567137,Ransomware,1
56677,MITM,bae42f1c3f3e5950c0743d0d59f28114d7ed491ee31a25135a6d1499d6732e14,30a4cdbdeb117e033080216cfb416bfe482ec31c27d733981afeee213a506e0c,MITM,1
56727,MITM,d22cdda13141a716124a7a6d66fee5b39009cecb533a43ee1b7da2fbeda32293,d1ca59a4b2348861eb2e088f5e445ef8c2c3a9548766140cec48b5647c15361a,MITM,1
57008,DDoS_TCP,1d514cfc55f3a0275b13cb6813ddfe3581675465a4ac9e29fde5e8ad98aca58a,6ea2b02366824809d8d2c84d8f7a2b603de9b8066d11e3294e11a456cbaa7437,DDoS_TCP,1
57187,XSS,5dd38e742827bb41989b850ce02db3cd9bc02944a7a40162057619f2a1348c87,734566f5d63b5d4002d35ad10ebaa1e2a7501bd8bf909f9777b909f7b2f8623a,XSS,1
57238,Port_Scanning,8418b95f0967df842b5a7890d479eb3206ef0cc685860b28074bc2b42e8ab81b,661f947ea99557b068366eef989e75ed7bbcc9ee9d42d818e831af2c96101cb6,Port_Scanning,1
57252,Password,de5d739791111980bd6586236c39e14448ae425004616bd4f2e2850830ec35f9,a0c4f9574c513b36be2703a8575466b89aabf8b74b6c38853e26c1f9da5002b0,Password,1
57364,DDoS_HTTP,7bf9fe40ced7fea440fcdaf3d752aef4c418783ed3e15fd95288bdb93d740b03,47547689b27626f23b76eb712a6274cc1132ee35a1795d91dc631ec6c263bcf5,DDoS_HTTP,1
57550,Backdoor,7cf1bbc94f52a4e4d103a2283e372671f5c9f338ec9324960983e85136474eef,d225bdc8b3c58a01d84937ed730eeb5b50bf2798491a20260df88d777704b4f9,Backdoor,1
57733,Password,a127a4e650efbd2052b8f9b54b09ccab1f271e8b783337cc212e6fc849d7cc7f,98cbe598706e5830febfd30f010418073cdca6ee3abca2db41739d8cc1068d9b,DDoS_HTTP,0
57770,Ransomware,a3240999dad2e60264c11134fb939ccc337ce681408b9d69d82667cf650615a1,238218b039283f5a45ee0d38f4ad7e90ea8db0b682a1f59d4cc6831d5db1ceda,Ransomware,1
57873,DDoS_ICMP,82df2a659acff75fdcf346e22baedd9887dbd7d18e11bdadfdcd8cb249bf3526,cbfe990e66d782d123b2762d0015e376c5c9245ab0682bc2d0b1d0c92bd6b3ca,DDoS_ICMP,1
57961,SQL_injection,90dcf68a173ca0417ec9772e8fd9b29885a0369d6acc5f177f0b71277beddf87,fc466ec9eec8cee1725ba7ba4a55aedcff89377f4b2ff4a8c8d9a9fe6b065593,SQL_injection,1
58103,Password,70ca80321664098a1cd9ae4789394dd17bf4ab8006a2628d4a1065efc119d9d5,ae6322a0d74a6842fca71f0d485d5183892a31b68705195ae623dab01efec193,Password,1
58110,Normal,8145676146d5f4526c260bc030f72d505276aeb347adda0bc8179633fe1b3a26,20a4fbd21e1b1672f6d74387d0493e2e8af28130bfe3a1bb376c7a262dd1f453,Normal,1
58231,DDoS_ICMP,e6524dc4840a7493ce08955d8bdba31e16ca6b6015810f93e9e42d2fb15cd98b,37dcdd98538c8f34ecda49c523dd548ddd459685d7da54b616a48775d5e4cec4,DDoS_ICMP,1
58427,Port_Scanning,68f222fa407452ffa4008bb101ed862de33e7932a1cd62e7f14e0ced6b9a34b7,02ff0e6379973019a5dc5995fcacd3aa38dddd7178a1ecdc80662057ec617433,Port_Scanning,1
58441,Port_Scanning,1ceefeac968edac6fbd7820f2f4f2efc11bf6800f98de76b6d21ae099f8b3a41,6a1e4dc03d60757324536eeaece169a2686bcfad7e5090b31da9cf94f5507e2d,Port_Scanning,1
58460,Uploading,3020190817d2b5fc7aaeacbc92c2ca9e2b736d354230f35701072777c90f4b6e,9888c5dd050075e155c572feac67cdd6909b086ce7b0d372e57828b74ac98063,Uploading,1
58586,Fingerprinting,7174a04f662c3fa5df973e5d7cb29a05717da827ca10cc76875dda7f45ce74f5,b0520ef776bd65f15a8dd90528f4328dc8fe9f8a6e5ee3fb9efb24e782d8bd61,Fingerprinting,1
58659,DDoS_HTTP,f9988693a20b9eddbf80adc404c4fba7e821b9481e1c15a6657320098f50b476,cd5cc0a7a4511f3d40f20107b8ec15c8d1249c1f93d3675111e2e74ddffa50fe,DDoS_HTTP,1
58675,Backdoor,aca80c64a5051a2245e248cfff1de5c30e1239a35e515829a5cb118b20251588,1cff1a1148d0e4ab078982bc06106b1a4149d1ab42c1341078d0dd3d7b403cdd,Backdoor,1
58826,Backdoor,0e8cc4963acd9c2734b283f4953f7333419c81fb747d42c9fdac066592e6006a,3c76dd58e50e572e3fc8fdfd5d737d2da5ff2c09a5d42727f1d218b4ffd0993f,Backdoor,1
58831,Vulnerability_scanner,f94a5ddfa733893a7fc8517b3f1df359ca095b656c53815c05bddb6ef0dfe40d,fc1e72c3895907541e70b2b39fbf1a2382421d4af81f40b5b2b9028a50c857e0,Vulnerability_scanner,1
58924,Ransomware,c68245781cd7927a3cbb0eaf4cd0f7134953fc64757db428f03db0d154e8b381,101455d87bd7f9601a31d6f0e43cb5e13c8378f0db5f0d671b0e95d7e937291b,Port_Scanning,0
58947,SQL_injection,946aad286c9b5be26608a3221e14be1cb626853127926dab213c7cd7a1e7031d,ce7c592c090390d5e06455669fc39d760c3630436da97705efc8124ffa66ceec,SQL_injection,1
58991,DDoS_TCP,5ec875165df10517e1a0e2dcc21cd25905e80d1263d7bdaddae0d403d1237318,5d35245b21980ac439784b170fd5479a7e7f654adebc1e424d211c1503f3c587,DDoS_TCP,1
59048,Vulnerability_scanner,bab87cde991fb4210cb544751ae9414c462c78498affb1cbeebcaf7706c13c61,9e50e00b8931058ec46ecfa79b74bf5737409b63f718332e28196ff0be3bb067,Vulnerability_scanner,1
59071,Normal,77e525fa2410cc9c4b538a96e77e10dc7e3155054dc567809ddbc2c76f86142c,1479caa187b611e9143bea2cb79d4faaf5867e3fbaeab837078c1c864ef0bd57,Normal,1
59168,DDoS_TCP,c01d81d12abae0fc63b00a8ca957fd8b208675fb016162da7dea465c6eba626c,c8b3cb61baba3c25b10de634ec2e30da5c066f9cc3f53d78058abb0a16ab99a7,DDoS_TCP,1
59175,Normal,d57ec91ddced20b11eccaaca02127e90d5ab71adf5c62a508a4d8341ea9093fe,47485647e481673c24d5702dd076978ea50104a27f5da88c863129b42da9a0ef,Backdoor,0
59225,DDoS_UDP,d2b1d0918504205a027830f15f98bdde94aaf7f3ce4a31fca2f70735a8dcbef2,a27e4d75a8863530b4da4a2158ced42e97f985a5601f323300d2ddcc880f46d2,DDoS_UDP,1
59717,DDoS_TCP,557920e0a1c5b3b7a0277c61f489494a95b48f029611b323930d80de928546a7,dc2b04ea2a3467421dd50f56cd8fe576fb41218e5735bd982d0d30411f6b6b43,DDoS_TCP,1
59723,DDoS_ICMP,4258f273a16d0033024135f0aa3982c17310f9a978b5fb6d1da6ece874be6005,8d8642315f34b7e28d632ba22f047de64ae2d0d1884e64fda1f8581d1142cd49,DDoS_ICMP,1
59748,DDoS_HTTP,548ab51a571cc922eaf15d74600492729d5c4ae5b180bd6042ca3c810eaeb0f9,faae41cd38f3b1d5e719d235da20886a3cc4fa5f0800e7f8322cdb752b3e28e9,DDoS_HTTP,1
59795,Port_Scanning,91a8151988955b334ac30355e3a3c2a024aff3521a4f8171a13a392169d79ff8,2312974b37e59bbf17971320eed52328d329907714476ed649fa5dce93d4adae,Port_Scanning,1
59824,XSS,ec19138f3ffd0d829ecd595ec3acda14dc346f364aa22a90c20a0375101b3b09,29a5df3149cef3f826083b8499381dadabd7ac17d5b8cddebc9029850eb87f60,XSS,1
59857,Password,b1e5d275aa5be5a3dc4fb38e398777d014c85a3ad486c817d1e43121aa1df0e5,bb9ee81bcf70e4110ac58718cd70da595f81a1203cf1562616c6b92c31e4d024,Password,1
59978,XSS,260f1776f167ef4930a8fb6208cade4df93430eb62390d5681f251ec76f64e2b,4313fea01507211cdd68c88d963ce87f9399a34793ed2702f8a8a521950c6246,XSS,1
60023,Uploading,32f4e414d11af7935164bea00812bc6baf89867dd55adfc2c6ec2c8be7c6090e,d41b410b89c3473a3a39c9b5f1d05c850510bdad13f141a7d271e43ecaa769f6,Uploading,1
60132,Ransomware,c77a2900a5d98d3a895df6bbecf76fc4687afbe87f372c798ab8d1e24c3b4bc2,7e7c431279d98644743b672b5b4031752da9410f297e15f8f076b02e94b7a56c,Ransomware,1
60286,DDoS_HTTP,02644b21ca3ff50a1a9b17a5e92bcfa9c6d0a7af37d973c9eb1e81197754cc4e,4d08bf09d76d213d5fa83107099759a89209f529236d6c0e9176b205d31d261e,DDoS_HTTP,1
60316,MITM,bae42f1c3f3e5950c0743d0d59f28114d7ed491ee31a25135a6d1499d6732e14,30a4cdbdeb117e033080216cfb416bfe482ec31c27d733981afeee213a506e0c,MITM,1
60584,Port_Scanning,6e6655640553449f75971e66ad091e8130f2b6ef79c6570745590e079d50443c,b627492281135928ac4636915e59a37706cb4b046573a13cca8b8bdad199f91b,Port_Scanning,1
60598,Backdoor,d514cb89850482aec5be21295dadaad1297ffbe0231da8ffc85ffdbc7db2e51a,fa6df089bd19511426edc1bae8aa476babc04f3bf650f9efe875f1dea44bd299,Backdoor,1
60622,Uploading,c4515737a77d11bc3d8203e55e9553ff8fd4546eba81dd9179919028dcb10c77,1f8b8ade2eeef992b081c1cbe53d8bcfdb2d5d01e59aa5bd66e916216df24450,XSS,0
60772,Port_Scanning,762b21b8c45e36cd3f3db772916b5a0ee67adfd6359c99cdfa762147a4bd1d36,31face9f4769efbd842f5cc1783face766f3a01c292a4f6dd9c9d9f2416c2c14,Port_Scanning,1
60844,DDoS_UDP,d4f961ae61290cf19e15650cc76708a9333ca379357d038bc2835b732f7bb124,406c190b536e8db0de3b4b6f374410a3a4e417553cfe1ac98814ee2f8ac3e61a,DDoS_UDP,1
60950,Backdoor,6e1dda7bd4fc35bcdb0c5f09a02f530d4869f26aee0a3fa28f625c80c54b0faf,1cff1a1148d0e4ab078982bc06106b1a4149d1ab42c1341078d0dd3d7b403cdd,Backdoor,1
61019,DDoS_HTTP,fe4b689d04d8d0fcf81cc4f82b46e940033047fc45df296215bb94769156fcc2,923fc9760212ce15d062777d2aee92172ffe3549f52429f9e87654e32abfe854,DDoS_HTTP,1
61022,XSS,fd008e370489f59970cc14a9fef93cccb8c6ff5e9dda64c70cb68d032f15137c,d9a83b4b7b12bc946069d4e3046582d543b7edf80bf885c3c895e9001dd2dcab,XSS,1
61140,DDoS_UDP,bbd16a44fa8a292ad44b3f769e12cd2328d08b77a5737be2ffffcc44cc57b1e3,19d196bdcc9c83d845c3b921615348ce513003d93d633864bf31912e6192a1e2,DDoS_UDP,1
61171,Ransomware,42c02c782bbf562163a408f0ed3fc200b41bc3600680a734b1a25d2bf703eb36,238218b039283f5a45ee0d38f4ad7e90ea8db0b682a1f59d4cc6831d5db1ceda,Ransomware,1
61239,Ransomware,7512040e9f17a65211069493db748805f9c5108aa076260c0ffef8362f582256,8d0bcb2004f4e16217f62d305debe4a3142edc254133d5b99d18db1422ff21aa,Ransomware,1
61263,Port_Scanning,627f6f8bf4587876dd7b7c9310de8952f5334c05e56376e9ed28800bb3d9c01c,375c2152541bde7a0ead026f00a98749dbd3082eac5fe6b803ab075b9b8f96bf,Port_Scanning,1
61725,DDoS_UDP,523d965382de6a7e8da6cc5594c27cd010bb71d75c6e22c7e78d63e36f4e2d7c,d9cca8db843802da3ea4c023fafdd3421cf501b90d162b46dd3cb83099be728f,DDoS_UDP,1
61878,Uploading,e8662772cb159bc42e3b52987d87ff2893a415c7c8ae66f42c82d804b7e52320,5078587187581e97b342895b43862eb51fff7867d7fbabd2656a01e9acb752eb,XSS,0
61922,Normal,7e5b8febd16b316fc6746d3c1671b6fbea71c0fc3d17af65ca2f2bf285cb65e9,ddde1585de0115a0000abd64a4e7d84a7d37f33eb6ed2e48946652c760572816,Normal,1
61949,Backdoor,5d0676f88899ba79e0fd4fc3b93701fef198c0d6a4a6fa3b408776da0d1e1864,e99504684c38901dce2f02a26c4d30f03943aaa449fa83624060d7e1b5c307ec,Backdoor,1
62119,SQL_injection,a10ad011c9e392da42a5dd24e1139b703fbd20de18e0707d0407ee05668dc0ad,66f46e74e936013cf634be6f5616a692e7f473041f91b000da3cbaa2a8b04cfa,SQL_injection,1
62529,DDoS_UDP,5117535eb05e1a2473b7dbc5dd15c2244d88dee4b5e4f2e3567c72538952f1ec,6e95a80704b7b414ef895bbda9586733930f91a8b82676c2e77e5439159a7983,DDoS_UDP,1
62546,DDoS_TCP,db04cf6054e57938de316ebeea0f414cca32c05cb62b2ba4ad0e6ed1978000ab,559b887b31d1d05d4f4d99d309552b37092f98f69d7a9aee5d36e0b7a81b0b24,DDoS_TCP,1
62561,DDoS_HTTP,2074234a242bb3a8ef9277e641bb9d60b6a913b67667e59897b9a9fde8b39b6b,60b63f144219a2c20398407a1209bd0debbc06bbb919a503c7eaf51243fe1ecc,DDoS_HTTP,1
62759,DDoS_UDP,9e0655782fe20e223388f192b54075c8f4ba10398cdb78f75551ece62796ff0d,b5c3780b4bc84a3e01de23912049d7cab79658887c045a6003838477d0ac46a0,DDoS_UDP,1
62790,MITM,bae42f1c3f3e5950c0743d0d59f28114d7ed491ee31a25135a6d1499d6732e14,30a4cdbdeb117e033080216cfb416bfe482ec31c27d733981afeee213a506e0c,MITM,1
62906,Ransomware,8e338223d99ef783930917538d34244e84dd7321a940b002d7fae9f7ff0c3936,c9eeb6265a99aad8b7c87ef3f8a2c2be32e4bf5441b37bd864a7a8c7fd2ff36c,Ransomware,1
63075,DDoS_ICMP,d6f62de1a6eb363950d0b91350202c2faebddc5261c1b42594bea1831f0fc37d,96e661e26cb2e3fb156394819ea546ad6ebdb54b5d4c00579bbd5acb34a3ceb2,DDoS_ICMP,1
63193,DDoS_UDP,848ba9e6fe07aba5a08d410f4b5a2077b1cb7e9f45142a6d6a3bb9988a8dffc4,8546bc7fad95e40f5ce312b8f1273bac2f8179250519aadcae2355072a43b036,DDoS_UDP,1
63413,DDoS_ICMP,f9f5684227039f6dcfe7de3bc4861679015d31ed3d067c2abecc05acca0b47d7,3f43d70a2cb2407a0cccb432c30bdbba833b1f27e722d715146893442bf70b7d,DDoS_ICMP,1
63703,Normal,61027869b59d60534cf38f7b4be12429c51ba114a14c388f7e75b02b7c7b311f,9f430bf1fc507a097a3d7f19fba6dba85d95f69b4d5b2a11e2c3d4ba7c5b9938,Normal,1
63750,Password,5342f4e48d6089f9749cfe4e1ba3ac20f7cddd0c1bdcea9330f1825f0b87e5f6,1ad19981b2ab247d3485b3983534a14eacb28e1fa3185dd5b88d81568c498f8f,Password,1
63848,DDoS_TCP,c0dc799f0c2855866cb79583ba5d88dadf043efe358e0200b00fc51b2e23404d,921f114f2d53314a1a1bbf85382a69b0afd5b9ccad5ca30876a613ebd8ecb021,DDoS_TCP,1
63875,XSS,ca6c6128e53dc8adcd2fed96b8d4d08511069c68273612d7cdd3511db79ede62,a5d35a649ce436135aae3f323515a2c4f9985000b91f985f218abd32fe3bd0b9,XSS,1
63885,Backdoor,28e8679551be0ed4da1623dda324948fb06c2d55c26f1104afdbbe9af60dc20a,dd542122bf3b88a20a0a8dca4fef0e6695727e08b1a0f2b267cfa87652eda5c9,Backdoor,1
63901,Normal,1e77c45fb70699a1a146e4cbfb6fd4ba6d0ff4f496aa3902a00cc2b88139bce5,8bb21a532fb409088a70784fffd6935f087d5263062553d8d92c47918e4b04e0,Normal,1
63995,MITM,4ae07ba7b9d475d2518b133e1d0c68d680062e952eb9f8e6fef02ddb09f2b874,89cc3112f38bc350efe19d00e845c613de608b2596c6d481137593aef6feea38,MITM,1
64195,Normal,d9ec37bc112e202cd1f55eb0a63f9be74fecbc41445b26b0027545ccc73daf7b,bf09f8bbf8986f8e8c920e246c35d3ecd7f57587d266d06e1cec85953400153f,Normal,1
64415,Port_Scanning,192d247cd52e7ef5153615ef4476f4948ac88526bbe965c8c3af3ae85eb33365,c78d97f14cbde7b8f8dd037e267f3143aced461de91dc444d4d47d4b77efaa7b,Port_Scanning,1
64539,Normal,99ed929df64a36ee73bcecff81d5e0c051ef6a25db1e705162d39caaeae031a8,c1b42ba976625ce7caf0d8d7f3f33481fe9cbce4c74342556c5d8cc97b9761f4,Normal,1
64559,Normal,15bdf1461f8db98d031433a3b0edc87849e02ede6c08cb4f65db0e25c061a8d1,a160ce2c8c478646e682a827a52cc85814f5fab7fb0040814b8a75d08ecced8d,Normal,1
64825,Password,fed51eb184d92d56c730f827d33e91f0d622f75c0e0376fe5daa366f961701a8,e2d61fdd5f031a58838e43849c5fe22a64098ef87575315612aa415aee00457b,Password,1
64924,DDoS_UDP,4cd2c4e021d3e4eef2703abc9f8b17cecf0aa69ace44701760f76bb2276b68b7,cb4d29f8649357a1de65ac9b5394f507be9234370161422bd8d7cb9b7e374aba,DDoS_UDP,1
64978,DDoS_TCP,541eca2c43bb21da232c1ce786c1c9ac9ce1465b249dda194ebdd142a801a689,8cc5a402509ea53c41ce21f133f614581777983c2e735cbec9bcb5e2e6ceaa39,DDoS_TCP,1
65027,Backdoor,463464453ad0e605dd7c8e9baa06532918a6e9dd72c5eadb8b973ddca81934f1,04307f2539b50075b8af42314054493ba81d8e428dc79cb7c41e4dfc0c16cc96,Backdoor,1
65754,Uploading,961fda7b63cb497a329044a611279c06083a49343da1e5cab17cc02f317963e7,c64ec5d03f08321e00dfb0141fd058b0030ca1b6b11f91b12c03840f39e84256,Uploading,1
66049,DDoS_UDP,f882b934c70954b6eee28b07c373ddab1aa02f144a962b2a6ac314f90f7c220e,c15482f16c238da720b361e3dde2b16d0907c7b798ba2aa84d3bf9e3340fb0f5,DDoS_UDP,1
66179,DDoS_UDP,847e5b8f03d829a29c7003555e961fae8282be8ce9a29bed8718305f39059243,ddaa9c93fd9ad5855f3b023d32bb22dcca8e9a5563a18d15153b5b7ec8f9a6c4,DDoS_UDP,1
66196,Backdoor,fc67d523d63a0637493a994ebd80b584055d54f964bea65292d24cfe2f3bfb83,799635b400ddd6d31ea9d96d23a8445df6032e2bb8ead17f5cc2a379144523e2,Backdoor,1
66290,Uploading,6eb0a1d28dd24cc410748839d50d6d5bf88bb3713233de2f2c76c5f3ca90368e,932d9d91ca71446a0858fa6f57553460ba717a3c592abd6366f7c5cb33881ca1,XSS,0
66336,Fingerprinting,5798203b03f340d31ea27d1795b4f537731749ba8727be1db4fc53c9be645410,0c9b8ee6d7462f93ca1089c93bac8ac8e610de7b1e2e6ea1cc85817e83a18a12,Fingerprinting,1
66339,MITM,bae42f1c3f3e5950c0743d0d59f28114d7ed491ee31a25135a6d1499d6732e14,30a4cdbdeb117e033080216cfb416bfe482ec31c27d733981afeee213a506e0c,MITM,1
66426,XSS,f18499de6ae0e5828725f02ee3c9886b3e049e88d7d1f0e4af57dfe38586aba5,b7b3b98a1fa221296b4538615dc3aa2cbbc48601091eefaa29a9148650178194,Uploading,0
66806,MITM,6188fe1b6847e904965ce91d785a2d6b4c8ab105956f063a48808177c63e1d44,89cc3112f38bc350efe19d00e845c613de608b2596c6d481137593aef6feea38,MITM,1
66825,Uploading,271208433ae8adf6a0ce6338158c11eeb06f692056bbb815d0420018b1cacb2d,83b740015d3f60460332d559e3fa2da5185a5a397fbef4d7ad2fcfe484983242,Uploading,1
66907,XSS,4238fe2eb30b376098ef9a48152c60ddac9f80c6e60ac1855b5be5402d3b6218,5098cfef1b7c01c1ac4aece7ca84e99b09c3a0acf24badac1f75c26c3183f3b3,XSS,1
67124,DDoS_ICMP,cbb49b594537094e2f0336c6491ecf48d6a66907285ab3e2774301f485a1d287,5340a543f87a8e4e369fd5f7d8916eadc101293429c261bd2e07cc2722d9ac98,DDoS_ICMP,1
67222,Vulnerability_scanner,b0e0e744b6e65491502f72457a7e6913a1f1aff69946f4284ed172ddff2b7f3c,958af4c6f52b3d46d5ad321b5d70d99cf9aca270af74fe84ff72d6788e9cabca,Vulnerability_scanner,1
67308,Normal,a8a39d45b20823a148c326f10b575f54c24510394c383b29d72b0cf0f9edc119,8d0b7089f36b651f2a0761c1921114b8c7d29abcb5a4275fb9a7fa001bcb6e88,Normal,1
67350,XSS,68e0ca6b53551a745e0a920435972a25d849b281f99f90350a023d8662dcc21c,8e02cddffedf7eaadd5d7533423c64f97d0e9e45cc19fe90fa897e32c110f9a6,XSS,1
67446,DDoS_ICMP,a52118d5f558b77bb7fc8f068786ad5103ed009fa5817d12235f3310e2e92b7f,fe469e852c0ff7fd81e6a98981505a83257b0898f6fcddbf321c1c398a1da253,DDoS_ICMP,1
67464,Port_Scanning,8d7690023a979ace5a273414801c0d94fb6c60c850f5cd46cc9957b9758a9205,7590900709d44dbb0454c7ff3b5870bf6325dc718257fdca8b75e9394ee3455d,Port_Scanning,1
67490,DDoS_ICMP,9d63d264f7a08009e996ccda9e7697d0204879395b40a6d84f871b89eea3eb38,027f5ea8924dc8762af87096728cbbef66f397fa5b8095af8a64aaec116c1b19,DDoS_ICMP,1
67704,DDoS_UDP,215eff40624a7616a18866a5f47dcd4fd1016d25a27357c0b2b687adc8a1ce7c,5af8535750f64bdccce23f3907ef1b291643dc758d4706ec7f83deb8b9178775,DDoS_UDP,1
67771,DDoS_HTTP,d5436098ffc75a125c51b0a1613e0cd9825cdd4f798770a9dc21b85983c7f7aa,583df36c0e0f385c05b4780853b54bcb65c381a3c17b03adf0c9f957645998b9,DDoS_HTTP,1
67951,Fingerprinting,1bf65b26f80585a0904e8b9e34d4286c588ad7ea7d209c146921695767398d3c,0c9b8ee6d7462f93ca1089c93bac8ac8e610de7b1e2e6ea1cc85817e83a18a12,Fingerprinting,1
68050,DDoS_TCP,c2c30920cd9363da3c7cb0ef8d823776221605bd512f09fe8e1235cb31240ab0,a05e03e5e6a03a6718e9cfd191faf9d41729fc656779f24a74a332071f7be423,DDoS_TCP,1
68081,DDoS_UDP,719d0497330801e0fa0aca7c2faf477bebf1d1a2d800713a15b11739386f8a7c,e660d47084c9b36d4b7c3d27abe608872d9ed6d2b8b1514ed9670f28825844fc,DDoS_UDP,1
68132,XSS,5d7f661cb50f2accb57a65f2e1b690d67e76c7f21e96e0902b7579f5907eea2c,6ee9bb542cd0a79781dffb3d346e63eccaee1e3477d347db36b494766b3c6ece,XSS,1
68153,Fingerprinting,a13686484cfc24ab945be1eab279cedffb387b87cdcabd9b251a15ebe527a1b9,e361ae3bbbd3c4ff174de1d64c1dbfde83e84408d4ac8f377e1306311c7a25ed,Fingerprinting,1
68165,Backdoor,60941501592eca2abd8216a005f5a462c8f13949af143d172fa8bba23cc5db5a,1cff1a1148d0e4ab078982bc06106b1a4149d1ab42c1341078d0dd3d7b403cdd,Backdoor,1
68499,DDoS_TCP,42ca9dd72e2a29d8af331bc52b078d287de34441fc48f151bc0e752f141020fe,907ccf414112c613e3fc8eb38dc48e94096fabab014abf09d9c225811a3d59f5,DDoS_TCP,1
68784,Normal,11c64da147ba75200ba50eab113d5904241da116d34394c8b4ceaf7e8ff4c6d5,91db69d043469a1f349b3d6166f0077bf138358d0c2dc6ea44df1d5b642f643f,Normal,1
68808,DDoS_TCP,d90ac878ea8960277ee0bdd0d502b8fd3bb206c97a32c3a7695b6ad384a6975d,ac67c2c7354474e0c7a1d79568dd38503ebf283ec5d90fc9706259c25c1c0c93,DDoS_TCP,1
68847,Ransomware,bdc56623b1eb2edf06754a295b5411a1d26ac5a0dd9d0a00ef837157754227bd,8d0bcb2004f4e16217f62d305debe4a3142edc254133d5b99d18db1422ff21aa,Ransomware,1
69115,DDoS_TCP,9d4ec3c11ff020290420cd643fc05b0f9cc4be630f73446bc9731e3333b102c5,ef0bc405d8593e08ff17d0799942fe6f648e8c5d4444c95de5d3a9d27a3fa8ae,DDoS_TCP,1
69206,SQL_injection,e42699071901684229fd3385b829541de83e3357d0c10dd8d0c5398d4457b700,b23ad21b55e778ecdadb878cfc41ac2a0f69cc87571a21cadd91995bca1decdb,SQL_injection,1
69244,Uploading,88e122eee10ad381a8d2fe7cea65e09bc4385c9efeab713be7604fff5a832f88,b45f94542609f6ac76e9dca939074da8610ec1885edcbec4890203adad1dad56,Uploading,1
69384,XSS,0297bd26c90b30bde752a71f30d1c09c6f107b9726a7c712486a71a4f83ac4af,20be2ad0fef7c316d0ad3df640d9913b1a55307bee1b72ae631036412f0c2453,XSS,1
69518,DDoS_UDP,ac6232c3ab0b1e3708d2e73b999ac630aa4a44a8b1e59bc2f81227058de8012d,e5b90309128027e01794661c1a061f933c1a8f8397e56bfa29d032ebbdc16c2a,DDoS_UDP,1
69623,DDoS_HTTP,41e733cf71528c6b3b02e9ce07a858ae53303e1ebae6fcf2cd3fe7e96fce9f23,475c26e5c9666aa49ece4c157bd17adbd69a0dc48d369ef56296b6dbf6257500,DDoS_HTTP,1
69689,Backdoor,d305ec392a62926d2bd4d42015c1fad403ed7db9f6f7505d7badbcb2baa3abf6,fa6df089bd19511426edc1bae8aa476babc04f3bf650f9efe875f1dea44bd299,Backdoor,1
69850,Normal,741b44dd94d1791967c3463f9502f905511538961e22979bcec473da32e5cd25,c82d69e42db8d7013eafe821f34ec7810850b490cf794132bf008d60d76fed0d,Normal,1
69957,Ransomware,2bcf5bb985c61ae8f28dbdcc4c9d21637aefbbb2d72d1b0d3241396c76289e7b,8b8769b55133d61bc6ab7eb3ee94ef210ee970dc3d028235e3e664094e54a086,Ransomware,1
70019,Normal,281270ef44e441082eceae9370c1002cd3903e0660e03bee8eb6da1e20c7b41e,059f79983c4e19fb8e2964b94d88ea396736cb16c41dc929baa975206c95847c,Normal,1
70103,Vulnerability_scanner,2e67ffd9a9f4a85c41a1056e3d344a42e386bafed69e499921fe79ea8117815f,2a0b0330af5316599e2d2e6e5117601d12e3a33422bdef719f6b949f53bc0d6a,Vulnerability_scanner,1
70241,XSS,37aa16e37e2e79ebf6639c3ce711490bc2db6e60687aaf30b9e564f22a7014a4,670e32c30c37bb93923380a2cca843c85022b3a3b0ba61f302aba62c5028fd48,XSS,1
70343,Ransomware,37cc00e86d3d53271753b5d68ceb9081ad1d2f04d6d6265de42a02aceb4b1116,15d67b93aeb11dbc8f6289f3d603abf0f5e49547624ebc1efc11203638afe585,Ransomware,1
70543,Port_Scanning,79161a1b078ec9083e17299b8e3bc3c6c498715e44fa7f7e6eb135aa8ad32e5f,9f8980ea4cf893446c67221f815465c60f27533e2265775320b169d1ed246f51,Port_Scanning,1
70765,SQL_injection,2edfbf2d2e919dca4e4ed07c73b7102a066ab7f0052194fe8d8c763344605458,bc0f7b43b40d0955318a8db59c1887b0f28f4dc2b83682b60c4ee85b74bbb9fe,SQL_injection,1
70854,Backdoor,f1edfecc28e196a8a1ee21af336bd20ccfb112f8a2f94c506485160e4c52dea6,c2a82d36602d597a55320fd53d18d48f3fe46e52528f525af2d66e6481273e53,Backdoor,1
70944,DDoS_UDP,3a3fec69fa069f36858f47b0cfd67335516a283e1df2ff96a87a255cff79c63f,1101efb0a2d46383dd1d9e4b0f8ac080375d39f5f7be23f134642040158bd9d8,DDoS_UDP,1
71038,XSS,004af1fd34c90ceac3160df30392c236cc2118dfae48aa5662923fdc4dc37a0a,82be57cd57429765d9968fcb2cb32a6ee6ed7a8415d50fe5dee32c7656efd2a2,XSS,1
71087,Fingerprinting,ffed3c3ab9e3d113dbcd480a339a153bda54763fef40230b605797a875a6d8d5,5cddadc9e8719002529216846a8e3831e5d0bce8eea20b24e03686fdb7c44c66,Fingerprinting,1
71231,Backdoor,82c69451d2ea3cf1f0c9c957a487276c77f4bcf72a8b7e36eb2f3700fd388654,01e36fff0ad56ce1cc0ff321e6dbb7e4b5af75cdf545a084ba408174990e1a3c,Backdoor,1
71269,XSS,7227955be7d1924325b9c7ed60a8b9f10b711f70a5b69c6fc6ddaf79865b99da,c510ef12eac72594ae7f66a2047aed0b9f17231fccb61b65d21c06c4306da89e,XSS,1
71407,DDoS_ICMP,7935c830200f0222d7787cd3f2328b5d96ee895e7c1fe0ceb9399afd8ae1994c,94b20dcd1ce7078a59701b307301b2d8c5ed0da6a53d369fc0fcde970223d46d,DDoS_ICMP,1
71500,Backdoor,01bca624dc2a2a4aedf52e2982cdb1c7e38a40ab9053303cec34b88d4ef856ca,fa6df089bd19511426edc1bae8aa476babc04f3bf650f9efe875f1dea44bd299,Backdoor,1
71502,SQL_injection,568d0b3e50ed64b9f6bfb58e42703f14ded5b9327dbe42641fa539d8cabfe1ba,efad2db4a69790b4a68c3ff11da0f8426e9c8c645e4ec194b80deade9892bc75,SQL_injection,1
71667,Vulnerability_scanner,13419364d68eadd6eb37fa3d57b06f245a65b004ac59a2dd3e487e1f34086e03,a59e96bbd5cfe57d7a9b1d23dd7cde0c6cbc5b0b65a528254be0219fee7e41b5,Vulnerability_scanner,1
71822,DDoS_TCP,490e53f3d391cd944839cb7cb6761ad2193db6937d3d1377016788e841068614,3a05a79878b2c4bd8cf5bbd007b446dcf9152397ee2b9e4db626a2e3a43bc022,DDoS_TCP,1
71963,Port_Scanning,82e4f7a1d57a27001de64e14f6d1aff7f15defb9baf15e53e939018e2a8c5d5e,5bef32077e4da1371a338025794496fd3c91c6dcbf13d68a14295c8d3ca16e4e,Port_Scanning,1
72040,Password,9aede60496fb48f0d4fd2956391f1973f892ab7b7fe5073e42c6901d6a71dacf,41d70320a401bdabc0d2b8fcb4381106ffe44d516d57088c5c3b810859bd48e4,Password,1
72096,SQL_injection,c28b8093c9f25163db15527ba31ac38dd1c5cf5d22e5cfb6acbb9032cf277c2a,e4c458844f5ef010203b0183f11ac838871162c3567a566102ea5c52cfe681c5,SQL_injection,1
72414,Ransomware,71f0dc525bf05f212ce0ffbbb8acdee31ccfac0cce56eb4e1f49781c958a31e2,8b8769b55133d61bc6ab7eb3ee94ef210ee970dc3d028235e3e664094e54a086,Ransomware,1
72693,DDoS_HTTP,ce8df944892af17f462573e02264ba984c048c8ab1a6dd5ada51e2948bd96012,24ea985abd4629ec41170677edcaa996f7af605684e3be6f78eb377891729fa7,DDoS_HTTP,1
72737,Normal,36a5208c7eaf162aabb505cbbb35a92af31c43457ae2cd92fe7009ed756a4012,35ba6f72c1825c455602113938e1bd3af8ed1ac42344f693760347181c87bec9,Normal,1
72778,Uploading,44356b86d359539a8185a6226113c13909445510ab18e6c942ba2533476b2838,b4385d0330129bd8ad1c6fd96b0298fba46358190e41b76ad52d0a9f64f5023b,Uploading,1
72808,Uploading,bb887283edc2cb8d41fe2e728795852b9be63f3de2f20a53da58332222b53d00,c9c4d62bfcf6eeb27527abbac96baa2f0164c660d97f1025ed2b427618649175,XSS,0
72847,Password,7daac264c95d7508e0c458026b63a703e59d52433c4b4a83ee9ab777780b0da5,b1af2910f2b3752d3c81aab53fdd1adad8f9c4d4e3ab2227144044886e1828e7,Password,1
72848,Vulnerability_scanner,cfa5c97e62ba4ed7345a7e0e1389f864cd6799f2dd340249ae5fb086e042d378,2e105928e77ca0f48a23c851cd23edd2c3d228bb5790a5bce1532759180a1c6d,Vulnerability_scanner,1
72983,Uploading,c56a896ec893013a7afe8523095a307c47fee68133d7bad6324326d8641ac1a6,9fcfd14734b601313a163073414fab90c7cd853fdb0d11893ce42ead7d653069,Uploading,1
72997,MITM,4a0d483725c6ea2aa0e064969c419845bf46236b078fa3503bd9a101c2813005,62550be96196e7902f0547b8118b32110a42fc5a06a071381c21a4b0e6324b0f,MITM,1
73032,DDoS_UDP,ae7707cb0207ce95f63c7cbbdb861d776081327ebcd0738017cd1eacff4ae43c,78065ee8a0204c90373b4c54c3bc20a2c03aceaf4a7296e7b5918ea97ca03fcb,DDoS_UDP,1
73070,Password,8c113e15c54065988c5a083207a67582a07d701307022b00d0e2749d3c4de0ba,e6f5d88b17b66281cae04a2bd6676c0b4ac31fa487bd0cc96817df2c55451b4d,Password,1
73222,XSS,030475fb7727d6227526371b1925d609abd4a01ffe91e70a428a93773b4e0e7c,f5b54189806abc5ef8249adb360f3b1392bc761b47eb6e6dbba91dbbd50118b7,XSS,1
73274,SQL_injection,b7bf3f376d39fb346fbeaa6f8b5b38286e1a0709b02ab60283367d5f59665fe9,1d60ce4bbf67c416ae65b2da5611e709c3cfc57d1bd32a432ee0894a358fec50,SQL_injection,1
73356,DDoS_UDP,36560cc54efe94b6303224826fe00bfd91b02c694d3733ad0491a7d7381a7630,486f68f60f2365a1a6e6e9272e8179e1a0a0bc4be58d6822de6eb86ba6805cda,DDoS_UDP,1
73457,DDoS_UDP,2f55afe6aacce87d3b65f248426a01cc3dc8e5d0612a07667fbef8466baa2b23,a127fbd2bc50b7dee4403c0dcb45832b4a734fdb19ce4cfe573276ba4738b108,DDoS_UDP,1
73502,MITM,bae42f1c3f3e5950c0743d0d59f28114d7ed491ee31a25135a6d1499d6732e14,30a4cdbdeb117e033080216cfb416bfe482ec31c27d733981afeee213a506e0c,MITM,1
73624,DDoS_UDP,bf8eec5670e5ae4f9062efdbabd3a43bfd9e3cd4337bf263f0a8a60c1df42032,11bcbc83e89687edb5604f1f9f25e230b27c57aa11f7a271160ca5e3fb699916,DDoS_UDP,1
73670,DDoS_ICMP,fe6d0d0f32f2a8f08cee64e7fc59770db7ceb496343687d0decf041a530d9d73,eeda48a7de017533d40707300b86bbd90a2bad8b332b50b3b23329337c713d63,DDoS_ICMP,1
73686,Port_Scanning,0a5d38949044158e0e34caceb57cbd17f6bfcbfeab8af7a4ba64e6372a418627,11356ad2f5f8490582c653380354488aec41678882d841197d4b1d1dbe6c8282,Port_Scanning,1
73716,Port_Scanning,4bbb1752a94ac97dae356e0233a7d0398817c4b63665c471e320601ecfeac8ad,2195c10b07ba86f87f463cb148efdd015d4ecbbe51b650c78367f03774106750,Port_Scanning,1
73960,SQL_injection,2c135fa79646ea39f1e3319f6ae187643629d3103d54af38db89ca16d99d11ad,2dd4ad00a769524a77d5ddca4251eb056a68fb5ddf02d8113f1f89e0ce479d9c,SQL_injection,1
74027,DDoS_ICMP,ca65b05810330a2f5cdc2271ce609a786daff70709c44d20dc273f016e2cadb3,4e04eb4cf53fe5a0d3b55d121e2485add599d6df60c6fe660ac92afdeb785b15,DDoS_ICMP,1
74118,Normal,625223d737b603fad5f179beac3b9052903aefe3474259d8cbbeef5db9dee936,bcfa8855dd4754b298734e08d059f0f443001c68c92da71aaef1c85a2a758ec2,Normal,1
74246,Port_Scanning,ef31601c2d0665ec042e2c28179dbd31f7bbe70717d03743e2ff82ad47519f4f,425c4df54fae48e2639293eb7f9fe04ef2cd675477541b665d078f4adb884a67,Port_Scanning,1
74333,Password,36dbefad0726f0d5f2f6df15fead8ad00638e43e41d4c405489640b2deb47eb2,f7402aa1b7d22c59e9e541250f59f121bd690aa215c55fd30782c5d67a5b21ff,Password,1
74377,Uploading,55a76adab056d8c406b2af813a33b2b2940347ca8b0c13ea5ef8a008e6457dfa,80a3a6f0ebe374e7e44e7363100fa2de66f74cee6d0ec5d024145625e1501e3b,XSS,0
74452,DDoS_TCP,c5c0f59ceb015bebecbd2c87f1b17a541533409f479e5bec6a0a2d46975e74ba,f9403f3cdf5e889947a9b6a8d45f997f9e63850b2b7994c20402e85fd1faa261,DDoS_TCP,1
74454,Vulnerability_scanner,83b6752fb0dc9026e96f3bf20c903832eb6d8f9dee65d693e049a00844827f8e,d510ed827b2a343546c3a4a33fd7b93c60dc1f18009279e430a7b18561feb61e,Vulnerability_scanner,1
74459,Port_Scanning,35af319a30d50b8a893a866350dbc9024b75320297b6a2ad8c8058f571d9814c,678cf8043327f4d8de267e9ad5c8687f4e9218dd83ede392696d46c4507758e6,Port_Scanning,1
74577,Port_Scanning,bb9f72190a3f331ca635e8ed2af174ee839c514a22bd2ed5d053cea77ea169d7,618f4ab9cf3c3e0bba730acd26236034a44b0b6ebc0a157cc434aab6f8f09934,Port_Scanning,1
74591,Ransomware,955e4f761facfbddbbeae080127495381756faa114a2abbdac2955486224f434,0910248342af115f8283d3b079b73799fb4515a27361575d1e404e67cc534d41,Ransomware,1
74846,DDoS_UDP,37e03a12546e4b107da974c4861bc22f6ab04b26dc673e1bdd03d0f5093ebb65,c6b5df9b4c5bb913e113dfc72c88a61d0f0ff9f9be1a9e7db93f080e9cb899aa,DDoS_UDP,1
74871,XSS,ce7580724a39522cf566d9d70f6cf01663b2e18bea8a2fbac3e0c093a789f4c9,7d27812fc149ed4b142275178d19dc84c1ec1559837f503eee9c5d4fd4288662,XSS,1
74970,MITM,bae42f1c3f3e5950c0743d0d59f28114d7ed491ee31a25135a6d1499d6732e14,30a4cdbdeb117e033080216cfb416bfe482ec31c27d733981afeee213a506e0c,MITM,1
75032,Port_Scanning,cc2e11d8e89d211329e16b2629c967d6a89376ff684ad05483ee2e19e18896f1,202a066fb50c5c0a36ad5de4762bb6975035c5515c0de774432c010d923b0867,Port_Scanning,1
75091,Ransomware,d408ea682494104efd6e528e53ce1daf8cc2d2ff3c53a81e1a3f32756d4b2f69,979550698efc92e409a07f8ce14e1406733da263c8763b436bfb6bd074e50719,Ransomware,1
75202,Ransomware,48ca7bcd57cc585749ddf2f92ceda3fe3462dac6c911811963370a7c4b3709fd,e8f0bb058137c5a25af3cd5263c6bf16011afb4cca61e79064f75247ab567137,Ransomware,1
75262,XSS,ebcda2c1f23ed39a0e485979fa2e2000c5930a7773ef196d723c1acc1c5cd9f0,a5d35a649ce436135aae3f323515a2c4f9985000b91f985f218abd32fe3bd0b9,XSS,1
75393,Password,f0f71b0f31f5b143bb55a69135dca64d339a1434d14d3b1ad6e4376f63d5bebb,188fe6dc0fbd62bd5761e2f2bab67037456a33f3d4663f364de1529e66b79794,Password,1
75400,XSS,0bdb33584a5beef79673b4c3062ae845230bfff03d2d07dd09573b493a9fe970,6bfe136920a1a44b50a2c09b9d3434d577390a42634b9aaf88e507c39c816a2d,XSS,1
75462,SQL_injection,aa427eba6ac5db9a10fcf013172fe34bdbadf337a65535b8be3b56757cfebfcc,c7a96280bb6bfd6f05283107059f2750989b1319cd8eb6fed8dff13b83229f4e,SQL_injection,1
75573,XSS,4c53e45bb8b31e0e188b31c5101535309d13962598e4f5fb2807a7140e78318f,d2e426db43da495e8e61bd41db314f04b88c6755316900275b4302faa4311056,XSS,1
75735,DDoS_ICMP,dc94a51aef7d4a9ffe3b86c24ba0fa754e918429580ed050b8b48d7599194fe8,6421eb4dcc2c37df03d7d75b454209a56f1f8567c170d74099fdecfe95095f42,DDoS_ICMP,1
75794,DDoS_UDP,50160e370d733377d52e2af9b5aded3c8e68bdd6659c18ba1b1074a2ec4192b7,f7b8d6c08e1e9832770a1a8f3fcd652236e9c751f1dc4576aeea16fc6bda54f7,DDoS_UDP,1
75893,DDoS_TCP,5f6693cc3d868ffdc3b4883cca37af6c3976b6b1e09dcbde7da6f91cd48b5c04,3b88f98e07a96b2e249dace83502e86e166488021d3af8692fe0049957c6d48f,DDoS_TCP,1
75895,DDoS_UDP,ace84e3192fb0ea4b55b1dade5a408fb16cc3650e6cfaf689f6e70a676c9573a,8a482c7c5721f2604066dca6e46c65d55ceda640028f1b926473ab8664f6ad8b,DDoS_UDP,1
75929,DDoS_ICMP,f5c15920acc401480bacf0c928bc56e1f5191f1080e8d616c328f693842cee9e,d4e862ca2e57be3c6c16f599c0fdbb64b10ada201f2c8bb616f5b5861a14eb1b,DDoS_ICMP,1
76171,DDoS_UDP,96836a451a90aa98601fd87302f0cf7a74b9c3865123e20f50a4af6a113b8190,7a2029788702ce8b4c7fb7eb3891a5f54a44c8d5a7ba1f7292a7df875a7e3628,DDoS_ICMP,0
76434,MITM,bae42f1c3f3e5950c0743d0d59f28114d7ed491ee31a25135a6d1499d6732e14,30a4cdbdeb117e033080216cfb416bfe482ec31c27d733981afeee213a506e0c,MITM,1
76574,Port_Scanning,80005a55ad7bcf893271351e48d91108b4325c40b25128c29b9ce053d59e978b,06c19b6604222a779c4c7222b7bf2795a6b6a8b0933b8290a45d53a71b748b8a,Port_Scanning,1
76589,DDoS_ICMP,0a99a4eac05d6f1cb80ca76271e668651f997578f486654d3d01f26f1414ee8e,ecc857ba19cef95ff515277eaeaeb8e91c779ce16508a351c6ea21c1a87dbdd9,DDoS_ICMP,1
76903,MITM,a170df1d557a2eefd66521ac3e05af4595efd5db5d7a4d90f8ccfa61c6eb2d4f,03355f3bd5b843d204e31c6005b32129c71362e91425d7390683b6672c5afe2d,MITM,1
76984,Normal,29498dff4ede1c6175cc3440a91bb7a1a063aabf8664a489d0b5c354642ea650,fff7e1eff06f0909d945cc5f8cb2723cae82b4bff6b79dd61db2e1f18c9a011c,Normal,1
77205,Uploading,67debf005510d527078031ee093b01c9a9bb06944be3fbb618ffb2f0665d03a4,4fd0fd00683627b8561abb75820b11c24d2f65b213924195865d112bf88031e1,XSS,0
77421,DDoS_TCP,4a30dfdf00db6de94213268d5d6a9e83b105cd5ebbcf7d25daba435190e95d78,0019ebd685bf9fa32cc4d4c770d93974492a51e79ce861f43ff68289e7b812fa,DDoS_TCP,1
77465,SQL_injection,cdcaf2932f6f7988f325d697da342fc4e5829a2cfd9022e0cdd88281c092e98a,48fecb23ae5a29de24a122ec27726b664d072a91e64b22a54812d01827ed0fbc,SQL_injection,1
77469,Normal,4ee6c03582bb35632693113770ea9b94f0c7996663a17aa11fe47ccd90cd7404,51728f9b15d0a92522becd63352386a83a53b7c51058550482831a442e9dd4d5,Normal,1
77536,Ransomware,8282c17534d9607f6ebf45081b5d63e32b017c5d6a9c51d074630ce57a62650d,d2b4b07b9741b131fcae186d9ebb2311f8d26ca8d073a99a91d781eb90d381f4,Ransomware,1
77674,DDoS_ICMP,11c3d70b7a94c104e48dbf1a1fd36dd0fa3f124a192acc2859e4334fa5a40ae4,2ba60faae500db53da70f728e8adc69495d14fc29830983e25ccdb7e501a3fe8,DDoS_ICMP,1
77676,Ransomware,e185f62c563b078acc4a3af1c47417eac4d1858abfae39e3c8bd13a0b613a34e,c9eeb6265a99aad8b7c87ef3f8a2c2be32e4bf5441b37bd864a7a8c7fd2ff36c,Ransomware,1
77776,Backdoor,bfbf968ac284f11a066bbb6a94c7d5a88d6b76715636f40337bda40577998a33,799635b400ddd6d31ea9d96d23a8445df6032e2bb8ead17f5cc2a379144523e2,Backdoor,1
77992,Password,14dc6f14ce0b3ad9cf9313841234d750eac7a23f415759c0b1e1c77e61492641,16205317b7a292646e8a72edce69da4101186bc8165a62dae51d18238c4fa496,Password,1
78152,Ransomware,8f981b5ab532282ef2aacc99bbc164873b3e8c9187f6be4e4736f0714fa4d825,be64000782c0385bfff197d04d5a26f22a49c599c3b8c89e48bba031e1c2c30a,Ransomware,1
78228,Port_Scanning,45a9de34814771b1b6bf8b0e23c82b22582c24417dd86670b42a012903a01379,c4f23c7fa1f1c7148f5768655e074a6a8d7b9ef8c5b856503220364a400d5e64,Port_Scanning,1
78541,Password,b9589fc347e5791c8b28209fc95e279124790d14d6b1213cca289f877addf612,b8c587d10958be360c1619a416186c763d67664c60acf35fb37df187f01064cd,Password,1
78757,DDoS_ICMP,ad5026b6537ad4ec3af3cb33aa4a2315ae96683ef01b47100b54870c2c64ca26,2ea5a25048755b13d08825961fb8794a0395835ec2c75a4442d2aa8557fb67ed,DDoS_ICMP,1
78763,XSS,ef9d7dc153f3cfd92522a3e9c43e083c506a36fca6c46612ecf1857379938331,134b3386380daed4cbb237cf8653d1b2192ed279d10264fa147c6ffd92eb231c,XSS,1
78892,Ransomware,57b2a43d4943d5a792c84dfd3d83ba0217f2b08d34cecf9e3ee173ffdcf5da1a,8b8769b55133d61bc6ab7eb3ee94ef210ee970dc3d028235e3e664094e54a086,Ransomware,1
78898,Uploading,885aa2adb02ac8ce7aa8d9b706c46b6d71143a177e3869349a4d2e6aa3400fe5,d4559d9c49db319e42abbee66e2920dd60c664b3174dba46b8a54f6b5013b1e8,XSS,0
79152,Backdoor,620344ffb63b60e0685ad5bfa9e737506625f55e867e16996e888f27752aad5d,6788cb82dee2a29daae8c31250483d27105d061c8b11e32b83067a13ccad85f7,Backdoor,1
79165,Password,03563e05de6adc25225fa8dcc21d4094c0d58a509852cf70793d3d9e7d36f35f,fea7eb2fc85177ad1eb238f5c834d0a3e79ed47881d5b8edab29835d84faeb3b,Password,1
79174,Ransomware,577b40820de56f996577b6ccf554f8745e44c2833920b1f9bc22ac5717a7d692,15d67b93aeb11dbc8f6289f3d603abf0f5e49547624ebc1efc11203638afe585,Ransomware,1
79224,Port_Scanning,5029f44e1d8ff8cde80656a44f41020819296aa45869b319a4de6e32f6ec4a36,c933d36bf5e9c950d125cb0326d6f10313f1c1f08053c6820b66e6dcd33f891e,Port_Scanning,1
79243,Normal,fa61f0eb58e58e0bf18cd56128650db108e9cfbb5744038d9afe6443ebc1b273,fcddcf4a4013f295286d0274a06a4e180e4b8c7cbf20ceebf1654e3c024a9cd4,Normal,1
79271,MITM,96521eef90b7808a571abfd0c4cc2b71bafc0d9922091b0b96bfe34c18824d04,89cc3112f38bc350efe19d00e845c613de608b2596c6d481137593aef6feea38,MITM,1
79570,Uploading,e8244cc78db91c9b9cec80247c8bc0d7228153fb7e6e743f9fa28b9bf0c88839,08110fdc69c1538037ac5d6e682a30f691e17479cbc11c5cc12e46e741c42eb1,XSS,0
79593,Vulnerability_scanner,d5866e272a575ad4a656c22ec8439bbf1e9bff9b449e99f61b2cfb0d4b6f885e,f2b5f9eef53bd68fd03f9be81e0bfedbf2532ff65b10b5a8c429b823f7562921,Vulnerability_scanner,1
79626,SQL_injection,a478e8a43fcf12225c0ac6a731683d6105bef0e73c96fa1ff0db378ccbd13c38,c6ad18732c80c1f083cdffa443058841ee04d20d7a43723ad3bcdd2b269dac3f,SQL_injection,1
79698,DDoS_TCP,93d7407bf4b55f59d6fea5828112a77872e14acda932b801d5747227d7690944,544a70a8e3be71d180f80c2d5297e2a97d54c3484154f02cfdbf73c41c066a8f,DDoS_TCP,1
79720,XSS,03829164969b7ef8cbc018b23d677b1595c1f7d8ca2d09242b29cfcf504167bc,75e0814a6de571635a1e3ba7bc3716732013ad28944cbd207b8cc263ac2e2893,XSS,1
79778,DDoS_ICMP,0ee8a1b28060d1310dff2272316c46d6b316f6915c49add9474866d686133a10,aa5878543a4bf9692a213d6c81650e0cf280d066fc4bec2b8d7d63c20b239b02,DDoS_ICMP,1
79795,Vulnerability_scanner,30a27d1e457dcce17a58188bfc659f744d39a3f89d542f0ef81f53ea72f4cde5,e801f036cd2958da1fee51d792e0649616d458595710d8a36d504c209a018bbd,Vulnerability_scanner,1
79878,Password,8bebc85fe9ec55e1a5a664a4b3ca328594f7cad3de36b7d84c2ae2f8b500a669,a8733b382fcd676784c97cd8491c31efbdd18d8d6926ee356c7f426623840b30,Password,1
80285,DDoS_UDP,1e122adf9bc507dbd6d259272b3c92de4036ede69503356726b53019576c7d6f,ac579c502359c97f67a25af259fb3db840faa7b2fa3c8cce17cb8e737d94ad2d,DDoS_UDP,1
80300,Ransomware,e4371a5b4714de1f4a481f4f74219560a0704d5fda73c4ea755269fe8f66dbe8,8b8769b55133d61bc6ab7eb3ee94ef210ee970dc3d028235e3e664094e54a086,Ransomware,1
80382,Vulnerability_scanner,40393b218e66530b6d9822a184fd6664dcc55393da6742cca15a729b854bc511,1c244988e3921e963a3acec8a95e29fc6824c22690d1cee354669b69f8c8b6c0,Vulnerability_scanner,1
80605,Ransomware,79d4808f027b30ed3fc85298c3cb7a8196a5f3e52dfd414837d4ef5340e9d0dc,e8f0bb058137c5a25af3cd5263c6bf16011afb4cca61e79064f75247ab567137,Ransomware,1
80787,Backdoor,fd3d0300ba743db9682f8d8fcfc3e4441743dc8bd1c6e2508d46c646439ebb3f,59cdd1406d15de31ff05b85671ed95cf286eebfb8096fdb6d48fc85b39eaaf6c,Backdoor,1
80790,DDoS_UDP,ffa05645b6489c4353cc5a408b5575aeef34c4c4a571abc89d840e4835d57604,94670b65260b29a2a464bfc7b3a0850a6188df338b2c4b71bdc366357e586d93,DDoS_UDP,1
80866,XSS,e2a7501f77be41189242b598a60a48a3dda50a3235ba9e019161eddd4684bce2,4a42581f89a0c1b72d6e2b785ae043c629854a0523cf72f8e7ae854f65185195,XSS,1
80914,XSS,61f241c52b703c4780ee3c6f273b6ae02fd4cc2b6bf9ae32646c5a94291916e6,490ba7962c95c6a5091520429cc1ba140bebcbb96f68b3f49474a840c648e0bf,XSS,1
80925,Port_Scanning,159c8795dc8e2c24ca82184e8b933cd144d2054309bc7805a9fbc68917ceef4d,edeca972c56750ff36de62858f5960a60c95164bd153bb9e50c43c263b444a2c,Port_Scanning,1
81052,Ransomware,8d015d8cd0b2a9338e6a50ff5466b34e9db40a55ee0e59eb87837d8413db92d0,8b8769b55133d61bc6ab7eb3ee94ef210ee970dc3d028235e3e664094e54a086,Ransomware,1
81173,Normal,dd8789bae3ecf460cdd3e20fec8d75bf93ec0170331a3dc8ea0aac1c5854e2fe,209a9219c05d71a8cfde31e89e8a58f20e39ac635aba6b4a47d563e9395e3212,Normal,1
81272,MITM,bae42f1c3f3e5950c0743d0d59f28114d7ed491ee31a25135a6d1499d6732e14,30a4cdbdeb117e033080216cfb416bfe482ec31c27d733981afeee213a506e0c,MITM,1
81485,Fingerprinting,bec5bc0dd1a89f9a0911bd890fb414983521644a766db841aae4bea4471b0d57,e361ae3bbbd3c4ff174de1d64c1dbfde83e84408d4ac8f377e1306311c7a25ed,Fingerprinting,1
81644,Ransomware,e6080f4b040151323fc7d79fc37c0dc697c10f086d49693e11be013930f03e65,8b8769b55133d61bc6ab7eb3ee94ef210ee970dc3d028235e3e664094e54a086,Ransomware,1
81753,MITM,18669884ae25257279664832872b455464f260b366419407974da4594735b8e2,850d7ac6609f8cb74d2b083ed397b16b394721211d0eb18752d8b036e44863b6,MITM,1
81803,Backdoor,a1d28fc63c4bf389b7276a1dfbb3f6e774851d6e3cc23cd5e49b8357e2e06fee,1cff1a1148d0e4ab078982bc06106b1a4149d1ab42c1341078d0dd3d7b403cdd,Backdoor,1
81951,Uploading,e131b41a24d8e3dd142a4cdbc0f13360aa7444f370ee219a0e2ba5a0f9979389,c114a0c48e4d0d0cea4b54dd9490f8a556b3be777944e896c10d5d5f3ef575ba,Password,0
82065,DDoS_TCP,9818552b335ecebc41e684e66153edcd6e004b8965ad604517d7bed532c9a1e7,25f26146c4d9c7a223960a35c767f3e542d7beb9a1c506ecf2a52e2440cd6d41,DDoS_TCP,1
82155,Port_Scanning,87c608e0adc53bc2d1783044656158ed68b2c63cba3548fd699e85cdf84c762a,86ad674f4745b16e2ce00b68c5922b6d0c78d8ef9727269adaa5739d2434c97b,Port_Scanning,1
82191,XSS,6d9793be09a7097d4def5546f7f6d1cc863fbd010c4d3d5dd46fac8958448fc6,b850883574c0df4f62f976a06a96b855bf62a965334db5bbe8e0a0943cfe80d4,XSS,1
82209,SQL_injection,6c5aed950f4a5d4543b3303079b1faa6765d93fbbd9a3ef48e57f1fc9b74e116,46733d92a306cfa03719059cb945fd21a53ba2f15e1a15211c0d225e62e1ec9d,SQL_injection,1
82225,DDoS_UDP,e62b80edb99afacc22387db61216555d5dc7d4562e2689cd9c41f2c46974818a,7a3ddcd1945ddd6e94f265f96da43f8d0b73265d0f8ed01a0f79800adca77426,DDoS_UDP,1
82320,Normal,f514767c29948304478e3f17d150e4595b82ffdf12e341592748306e7c7d0b02,5702c3c688aac4bf6e97ee6fae42a626f6b3733999480c195ece864d68c48874,Normal,1
82357,XSS,49931e3018c8d2d8929ebb816eabdf95baacce34a563f90f3821f38ea3820e99,eb8c87acaf007d20a15e1d4beadb0f0b150100554a19132c30dfb13e39a5e494,XSS,1
82454,Vulnerability_scanner,fefaf7ede6207788580a036ea889586c1aee7078c5e09aa36b4e7f3ae9df033c,c6344fbfa46690b4896134ef8722ed2f4dfc75dd4092a366042fca3608b257fa,Vulnerability_scanner,1
82558,XSS,774a102b4600dd2851212e63c458f51cb2fd712be96b3e662c88a6c25b3388a0,5098cfef1b7c01c1ac4aece7ca84e99b09c3a0acf24badac1f75c26c3183f3b3,XSS,1
82624,Normal,bc8e6dccf52fdecd4eeaf0610d0d285de2dc62dbebd288e873d6501222e85ba9,3150f3b994eb2332f1e46c822ce47c75490d2df401a5bb04c9b6de3362aabddd,Normal,1
82636,Uploading,7ac2fb09f09bcf4e7f60a9118e8359445d1a0a5a5b035bac181a4e2cd00a13b9,8341d417fc29645c2c689c25210b7283a19d9a7e044a2d13dd266d6606cab3e1,Uploading,1
82646,DDoS_UDP,aafce2427079c83ae981fb8e533571cdb80f78ce25135ef134242e3cd89cb7fd,182610d1c24f6245824f47153733c961f869c3fd5d7bc62fe88bf909cf3bb802,DDoS_ICMP,0
82689,DDoS_HTTP,ae64d007a0b75c17490c6c91dc1b40b8721b2d490591eb95f8e8e5559e97388d,3e4d7aab1c69b29cab4b1d587a46f62a949482b9807c69268a96de7e161dc451,DDoS_HTTP,1
82718,MITM,bae42f1c3f3e5950c0743d0d59f28114d7ed491ee31a25135a6d1499d6732e14,30a4cdbdeb117e033080216cfb416bfe482ec31c27d733981afeee213a506e0c,MITM,1
82841,XSS,374133678f99c5c40d57ae67f33c075ce42c29f598afa5397533f347967e6e49,1542f8834c964b0c7419d811495a1e5500763b477ef3dd5a5aba9d2c8f01b8dc,XSS,1
82940,Backdoor,c7dfcdbf3a02eb0ff8e83730cedcb987f603b1a505a25b61f00d634b5bbcae41,04307f2539b50075b8af42314054493ba81d8e428dc79cb7c41e4dfc0c16cc96,Backdoor,1
83034,DDoS_UDP,06bf234cc06014db3ed7e8c4271eeb4ed6ca66837e3cc37a4ce20be891df5cac,91e17223980c342490983e068fd168fe2b79d700adc826968014fe02b60e5b5e,DDoS_UDP,1
83060,XSS,4cf5bf09d3a5c4a238d407b3cbfa556865f70399e8364e007e65a5cc73827ff0,09400b5c382ad2e1812bfb8ef3a191ee2eb9552782748bf1fcf64d58fa57e5e8,XSS,1
83326,DDoS_UDP,f397611863e57db10ebe9df7c3c5486dd50203b0f4762bae11db2952023606db,4557051fcc94edb47763784dd48b8e39529f561ce14eadd5bb5974970d21a7a9,DDoS_UDP,1
83334,Password,4981a4d858db4f1b0a2f7a30f1106affced149e627db6ceb2f248c9d3e87008e,d02b723b0531979eec6d670adaf95e309cf6b1cd807e4fbc017702d31c1d90f5,DDoS_HTTP,0
83375,DDoS_TCP,73f1037aecb5d194dab34bac0fa7957be63af8b62509b6f23798bcc7fa608571,c937f159468b5a2ff5ed6936e09f79b18b7118f07d5b9c0ea08253ccab8fddda,DDoS_TCP,1
83444,SQL_injection,fa0bf3f23e9023c02ce13f27bdefeb0c2be4d477c6a41d38cb30be8cd0651139,ae1750f0b34eb3b0d22799e8a9f33428166b4f1e1104335c7548a7c3ea0239da,SQL_injection,1
83751,DDoS_HTTP,6cc3019b1ba6a76ec68f76b01d30ad722c9e0889d75e9d0e3765a59598205875,aeef5403c77fbd6d72132ef96f144ffcf8d0d611faa4010c2dc33e6c4ca483c2,DDoS_HTTP,1
83984,XSS,35c404e8ac929d0f386f49435a5584e14ed7312370e09d33cab9f0a8a53034fb,3d7d64a81a746a3000f517658664ef28df25715c0a703031684fc738c624d6b2,XSS,1
84097,Ransomware,fc696c10244bfcff864e9256289d17265d2cff4b5ef1ec150ce673fecd6d9314,8757c0a2f03148a978815639339c9a0c2a615783674e68a6d876b267291b0d45,Ransomware,1
84162,Vulnerability_scanner,536aac6abe7419edc1bbe894df1162ec23b3051ddd512bd56fe8ba31e1a2a47d,b30e4a3ce4f7923df4df8380ec537a2016b9b97408359e6b5c3c23d73a65bff7,Vulnerability_scanner,1
84350,Ransomware,ea0e1f58afe5dc77f73a42243fcc0db2afe40ef04c13d1d4d15806fb7683d8cd,8b8769b55133d61bc6ab7eb3ee94ef210ee970dc3d028235e3e664094e54a086,Ransomware,1
84537,SQL_injection,1177c257a483aab04639ad57e17cba4434847bd9b21f995a4515ff4503f6c5ee,48ae25a08895a71c7b7085c3d25fe1784e59ae88f36c9d5278f9cb47aa88e221,SQL_injection,1
84756,DDoS_UDP,7c82058ef66992eff5f7a32a837e6d4f2974bee5f3df75085ce292f08911bff7,e9db66297fd35f0aeb155a9191ec15a76ebd1ec6a4686ebc7907c8d7b18e4aa1,DDoS_UDP,1
84849,Vulnerability_scanner,b098ddbd007bf8deb88d6164dd6789bc5b997d518eec2b7fa32f20abac15e5b4,6a12d1a2e9347e8212555cd9eaa802daaf844059785e75bec3c747eb57343c0c,Vulnerability_scanner,1
84850,Port_Scanning,416ee689f28ae2d64082114d70b2132aed14409220c96656814fa66785dc8da2,4cd292aabf08eb38e4d23a069fc54d7e18c1949ee35ba6c93cd22ea0a6282381,Port_Scanning,1
84892,Backdoor,fc5aaf7e20b4c4d3424c1f488e5ca141db5901590aac228cf39b33905b007005,1cff1a1148d0e4ab078982bc06106b1a4149d1ab42c1341078d0dd3d7b403cdd,Backdoor,1
85023,Backdoor,d6b70d39e17035e3797dca6fdbc8daf6d49ffea091f18fcf897cb7f2c2c0b6fb,d4e6336613abc02a2f6095c28bad8b8694c67563deb98bab10207b9488c4ea67,Backdoor,1
85299,DDoS_HTTP,7a2d050afedcfd65bc497e071baef2e1e8c60fe86db68c81d587773fe05af2ae,f38c615be2e39ba15e0efbb5691582b8cfb8417831b203f45a405ef07ef60be5,Password,0
85447,SQL_injection,3b8b99ca1f883e1a364dd8172368500507c5adc1e7776d52b34e12c197b55717,52e7b7a268f886b01217ffd87cba694b91753b388c526f39ae905850cce553e8,SQL_injection,1
85522,DDoS_TCP,208416c7fb01c71637311dfd540b630755d60ebb309f34615d636d97914cbdf9,0d05e0ad5ba1b833e16f42cb0ca8cc304718d9a7ccfdcab2502e8fd410932373,DDoS_TCP,1
85587,DDoS_TCP,8bc9e4b5cf45c32c843b14cc9cdee13905dfdaa930a0949a60afe0199ad36fc0,0d92cf7e6a39daf40153a0ac7273b56991d1c235ea133455a3e4dc9b5aa6a323,DDoS_TCP,1
85592,Ransomware,5b96531a4693ed407c95580f163e490db8559f23b99a805dccdc1a534764d37e,8b8769b55133d61bc6ab7eb3ee94ef210ee970dc3d028235e3e664094e54a086,Ransomware,1
85612,Uploading,46896c2e7d2c324a23d07c4e8c7882edfc9f715291fbbbaeccc9d1fcfad378ac,9d156f7334a6779cf03d87dd779ee9e44bed41ba32a8b0466db587131c186080,Uploading,1
85675,XSS,bd06c920365c4db39031097b5b1c8d1cfcd428b1de8ac936b73be49a9658a8cd,6f4c0b9e963a41bcf49641de3d2e37fc2045708612b36db1632a8da91e32d9a7,XSS,1
85730,Vulnerability_scanner,b14c9ac8d2aae840138a0f70cae4424c5327a40b3dd10c340c2de8c214d4c843,1c9c24b18a9b41ddc77bc1784148e997be896b7b5384d418a6bb631cdd4ed9e5,Vulnerability_scanner,1
85740,Backdoor,04b3c1295249684b39193ea3bc3dc48bc0c272a2889b46ad90c75f9889b29be1,799635b400ddd6d31ea9d96d23a8445df6032e2bb8ead17f5cc2a379144523e2,Backdoor,1
85832,DDoS_HTTP,40401a7f6220a824ed0b66bdf282ed17cbc56da668bee8399374897cf14ccea6,791dba96b22896bfc7ae19ff23f844543a4fe3601a05fbc239b5cda455a0ee48,DDoS_HTTP,1
85938,DDoS_TCP,5ef4a184d4bb4d12fcfd5847015c9e98e3bf2cc2f5c514c91a2e8848765a1e78,c1d73850e1dd0d86966e41d91a45b7d32727cd7a42199e67b9f06f9010e76e22,DDoS_TCP,1
86086,DDoS_HTTP,a9aaaf7e2d7880788831f5b53be9577f17d11e28ac36cdd85d369bcd062d0e78,f0946f6d1d9837e1d75d9309f1507d21d4eeb0851eadfe774dfd998a0cfef2c3,DDoS_HTTP,1
86104,DDoS_HTTP,5717204fb41cf05fb55fb9f05759a81d9604363f561e1c71157281fc2be73ce3,b3e653bd57082063a2a8df338f0ddfd2f8babd66736c189948abbf25aacde595,Password,0
86111,Backdoor,267df7abe84d9094d917468d6332bffd60da9c6f23a74b5e8827dc0beb2bb939,1cff1a1148d0e4ab078982bc06106b1a4149d1ab42c1341078d0dd3d7b403cdd,Backdoor,1
86235,Ransomware,7c915ebc8c77493a26d706ab1717910c06a38eebbbe81b2dc6955960a5e27280,8b8769b55133d61bc6ab7eb3ee94ef210ee970dc3d028235e3e664094e54a086,Ransomware,1
86306,Port_Scanning,7ba9faf9953ba9765142bb455da4ddcaca6d7564c33377f271c9b0d69469a93e,e9d30ee47833b0af807400fcf67b14165cdb11f7a27ef18af28f31bbcf45c3f1,Port_Scanning,1
86341,DDoS_HTTP,344048e5ed23fa3c18e1b1f4a5a6150d75389c7ae75e90188e609f43ee48a19a,d885b82b81fba03d5a036ac8281100d7036421f4afb3b1d76b8ae53ff3d7717c,Password,0
86342,Fingerprinting,ed13f30aa3878bab90ea1d6ec583d497d56ebe0fbac98f47530775b4699cc915,e361ae3bbbd3c4ff174de1d64c1dbfde83e84408d4ac8f377e1306311c7a25ed,Fingerprinting,1
86363,XSS,be47832a3f00f731396559cd325cc4e8a29d52d6ce668d28946d2d3f2c841b06,09e1b786327b57691b7798731bcbefc87c216a2beefa6bcf0471338d54bd338e,XSS,1
86396,Password,8f013090f332c27e360938ef8057c284257cd153dffb52eaa630d785aba64694,eaa11fc7d9c49de311099b8de3f204dc52e24715ef7d9fcdec066395f588bf5c,DDoS_HTTP,0
86424,Password,958f84f843984cccd6332b088426466b58bb545e529442f97bbea431cf5360d1,d7595a400128fe1333054c9b21eb06f329b7ba9e5857a423d5997c51b6a990c3,Password,1
86485,DDoS_UDP,1ed034d4657fbc2dfd923df97b93e59872510f25abafd2a3caf6c007b2c731e5,c2032fe259f468e03c0ae4a03123022d0bf75a303d0cf17da88f04a6f615ca4f,DDoS_UDP,1
86502,MITM,bae42f1c3f3e5950c0743d0d59f28114d7ed491ee31a25135a6d1499d6732e14,30a4cdbdeb117e033080216cfb416bfe482ec31c27d733981afeee213a506e0c,MITM,1
86527,DDoS_TCP,658969cde59beb78c64f3f36c4f6d66c21a6dab272879ae6f444c556b89f448b,646db06c926edc9f728ba0d13a81af231b2097932f015a80a24e778ccad810dc,DDoS_TCP,1
86599,Vulnerability_scanner,36d3edc96514ef9b1ea8d32cbf8d76fc49ccb53e64033d52c83971d82c810952,24b82f4d2f8a97046b24a76e1520e44952440a3d709a30ea7fbe937565bf7cda,Vulnerability_scanner,1
86638,Normal,f514a2cffaab2b840307825bc713c0ba978d13aa1acb8e96fb33dfac63683003,c1fddb0711bd2196cf9e634e37b3ada2539cb253b792e6cdfa88d28aed81b231,Normal,1
86673,Normal,b17f35f8cf365aab08a3e7a37628a2c0ff5977b9d0b4c0f0e00e0f1ed34b1a34,a8ef372c08230eaaf27e1a4b73ca0e9125aab98eba4ca20c37e42807bbf2e57a,Normal,1
86782,Fingerprinting,b4d8941a812c9cdf418d2f21680b2bad51da2c1c6e7f2aded0d5d1e54d2722c0,e361ae3bbbd3c4ff174de1d64c1dbfde83e84408d4ac8f377e1306311c7a25ed,Fingerprinting,1
86840,MITM,bae42f1c3f3e5950c0743d0d59f28114d7ed491ee31a25135a6d1499d6732e14,30a4cdbdeb117e033080216cfb416bfe482ec31c27d733981afeee213a506e0c,MITM,1
86967,Vulnerability_scanner,3cb10b9a158f8626ca357fa50ff2f4617e658a9acab494f9ace53a69a4822ce0,7799665af80b47837b484aeb5c9187ffcfc61845ecdc157ca6532cf1891229c8,Vulnerability_scanner,1
86987,DDoS_HTTP,5120ee86b129164fe8e85fa4a9dff2e81602637f5b325de4c26726d9f2de9a42,583bb91acc2fe3266eccf1324b3a45fe1bb3686e7681da94e51859de606040e9,DDoS_HTTP,1
86992,DDoS_HTTP,3b96fa7a76d5ac6e4296cb4d103db2c75f09e9c9b687ba962c01d8cef75b53f9,b28f5c1ae43640bc4d585663f4289f2156e2473008eea771ee36e93387f28503,DDoS_HTTP,1
87122,DDoS_TCP,cb6747ce4ad477101a1fa523697afd6128b10af9552008eed29910484d8897f2,5ee608f04e12718a6e5174db61728df8708199110deeb2da40a49020051efd47,DDoS_TCP,1
87138,DDoS_HTTP,0e624102571d2df87650ccc19ff539d1b02e82703fe286e3a1db97f80b112eaf,0caad416b6500478533d25945cc059c9159ffb94b28468923afc968979460f76,DDoS_HTTP,1
87468,DDoS_UDP,31e57e75b31a674e8ce0bcd7d6c14c4e7a56cc2b87aa60fce11e400a6e3443d9,a0395da7082cab7e35e30fe34a76c1b927010e0b498a4c157ff1f0dd1fed203e,DDoS_UDP,1
87533,DDoS_ICMP,fd3409566fd71ffe39ce275d972d3af512cf83242d67853879b09be06faa40a7,f76f4b59a0b421ca1ff99be8898ff9d144d3ed9ef7f27649bc9b1b7b45e34683,DDoS_ICMP,1
87813,XSS,d54060ccaebfc28a2689825e9c9e3c694c8116c7d400e2aab135859e24f4dd53,c05b4cad01ca9dd9f4fe1a38bbc9c6a1b68361c23603bbb2006a5eeefbef54a0,XSS,1
87885,DDoS_ICMP,32a91c6c3886d50a8d7f21a13f4eebc5225d987a14efc34b03a80bbc1da749ff,cb02536d94d2b20e4e20ec1261b503a112b5288856d39468f067eb1ef1880950,DDoS_ICMP,1
87925,Normal,c05a011e7451582c74cc9bb2e727888959c805f27d1a77b56e8eeb801029d8db,3a5e8b88af9069113039e6fff6335cb781d5ca78c45edeff0d59600f0d152604,Normal,1
88185,DDoS_TCP,5ce11893307c25825750dcd578d2f1816519bdc88dc4d27d9f599cbad18af790,f33386c95a70b0ec9eff6e0fb77314579389aca76b4ff4589de924b3bf2e9a27,DDoS_TCP,1
88212,Uploading,5bc7040005a9602b998ae2630fc2509fd7b5abcad351c6154d5c9c6eecfbedeb,5d1d7d31bbb5590470936cb96a9cfe6c03f316219247ff9b6eb7131bafa1c03b,Uploading,1
88373,DDoS_ICMP,6e7c1916d90123b8efea3e5092151105b092dfc368671f72abd461a58b46e4a6,b7721bd494a6002f432e5713139a8e3601828edf2b3dd546c2e3d95eea607ba3,DDoS_ICMP,1
88500,Normal,213e4e2f64781a5e3ff8f8825d49182e53598315a154c763792f79a979c24d37,8b19ce8e468fc8e10469fca6eafd45b878ffcdee360c5672079ffd685db689b3,Normal,1
88540,Normal,f586aec5a2356730c4ab2559c6a3c30f17d17a7bf76f84a8a819c8733928611b,c8bfe8402bd796b154ea325db47e3ef96dfb927814b0e5fbe96835d6a32032d6,Normal,1
88718,SQL_injection,8d39c1f3561c7be37994057290c5cd0e2307e1fc19a13110026d17f3a9a78d01,97fe0174c8af45946d1e2183af174dc91397f032a87756f1c22b4a5dcc0a61a4,SQL_injection,1
88761,XSS,066bb5db854c4cbff5c3cc0bc8763d1db8e2405fc268a712571b282c44d0f5ca,ceea4c15cfddbb838de4dea63e9b6673368c42079b7773117d52d61f92cacb57,XSS,1
88807,XSS,a652a1b2748308fa4ac025dd2ecf3a9b069e735bd2502955661a41521e8c1f2e,1747e758716d2c80385d9efe40f123f662fc2846545c7e5505ec060eb752b14b,XSS,1
88861,DDoS_UDP,1ac3148bd15c29d4f2cd61095a51a947fc966d5fde2e6f603e24ed06113f7caa,063f9bd66042be7393a52e7c65f9fb89f6a5822a85f1eb155b064edcdc0a9e5c,DDoS_UDP,1
88960,DDoS_HTTP,9c24de497bba09f4202d45826ec3d4df83dd5f92ff020922571d5ca1f9ef6d60,9b97d198267248f18c90fca2e60b3130759bfd198a67fb16ea5c3c88c178ef6f,DDoS_HTTP,1
89104,Normal,fc1ac0017309d617fe255205e231770ac3727cc9d484555b4f099fe603a1a0e3,bcfa8855dd4754b298734e08d059f0f443001c68c92da71aaef1c85a2a758ec2,Normal,1
89145,Fingerprinting,880a38d14f7be66ca47bbb8eadd9581a7de2e622fd63c1da5dd2252a4236e52b,101455d87bd7f9601a31d6f0e43cb5e13c8378f0db5f0d671b0e95d7e937291b,Port_Scanning,0
89148,Ransomware,ac6138356cb07fa28692691035de31c1dd59ec18281d44d8b166e94c86df3a0e,238218b039283f5a45ee0d38f4ad7e90ea8db0b682a1f59d4cc6831d5db1ceda,Ransomware,1
89177,Fingerprinting,ee6466f74328c8b11ac75c277738203e7c3b93ef4afbcad3a4f505dca5ccd8b8,e361ae3bbbd3c4ff174de1d64c1dbfde83e84408d4ac8f377e1306311c7a25ed,Fingerprinting,1
89198,DDoS_ICMP,235d3f743521c6c47b3975d6cb8d84f4550b43c1a58fee06fe5b2ad5efebd3c6,2aa4adc7144e9de19117d0e81c43eddcca8300a496127426eaef1061b140e36e,DDoS_ICMP,1
89234,XSS,aec3052e12c2508cbc3d58fca4dd8d25be54539cc4a5c3e64bd2869af1fd14f5,2897d951fb9aa03cd53c339ba90d9d5f0f65599e36e6cc8e0f84c3ec431a757a,XSS,1
89294,DDoS_HTTP,1544d5379df08296f7350dfb5b438738eaa7b485345bce02fd9dc2f7a903f6c7,cac559bd1ba9cd6032288b696c18844c733b6d276198d51a031bde48c75e92c2,DDoS_HTTP,1
89439,DDoS_HTTP,bbaf5a2f5170ba193eeb7fc6962a953d6b4334e715d661b8d28f45297fa3ce89,ccce9f9f877b428a0bdbf94dc4ac4ab3e831042bf6c829dfc3f49172710751a2,DDoS_HTTP,1
89545,Normal,09b915f67f50e049aa5e846317665407db7a213ab2d9bb0c3f56e56b73194534,0ceaa84d16c3263f4b712960360626f2bd9b9f1f26e01b7a6907c16e63bdc22f,Normal,1
89586,SQL_injection,716787ee9b63ced647cd439cb5b5239e4422e3fb236af1cdfddb264f0d8c07c8,930725f1426fd4b477d0f31610236abff62720c5c3bce2c7bbf2d7b670986f8d,SQL_injection,1
89966,Password,a21dae537c3d576cf744f12b383ab7bcd38a30b1d4cddf10233bf6f767760ea0,68e5ef141692cf88968c823224b653b6f752b4b02f76f6deb57499ac0d00ea4d,DDoS_HTTP,0
90019,DDoS_UDP,64baa1e08f34646673a3e17ceedf15216e4beecc7bc1fd88ad58e98bf1d51687,18cbe5d39aa7cc4075195dbaa9367edfdd69729dd4fc36aa68b688c3c234b67e,DDoS_UDP,1
90084,Fingerprinting,878d304ab5fcf2edd0cd2f689d903860578b2f023aeacc427a2afa7b8366d48a,f015582d18d20c9f5af5f991cc2915dd7b6fcb41d8e9604b7fca4145585e7133,Fingerprinting,1
90149,Uploading,c928574fae22d0411fd026996ebbc22b55eb6981c006a952ef0029c8fdfc96e1,f0e7b2ba5fa94a9506f88cbf92847b938c0d3d866cc781eb13f97fea7e8abcd1,Uploading,1
90161,MITM,d645cd0d4fb72e3b6f93be39b6b5f80759260b291b5fb654456f79447ace7b8c,fb5634572f78d2ec73f2c9afb2a6b4ecd45e077ada352b8929eaf33556bbbf5a,MITM,1
90514,XSS,dd262ec1f4d08a3d2091fad12d339bb6b43bd7b8a523740dee66a5c0d305f186,2f51135816b05f41d1c0939f4776cdaf7d3a4469f1626a0b1a20dc61019023c8,XSS,1
90635,Uploading,a941f2d125aa05dd3f2082a96c1e040d9378eadeb87b77dd5c5b4da664236f63,144aeed84c7e1eaea7ee9a4e9886eb656898eb9c24e3c5c8afaf06a8c4aa502e,Uploading,1
90710,DDoS_TCP,1e861c04df839585efe9888d33aa45921ccfa7c3dadf1ceecbc84e3f0eada70c,5b19df031a015bc0f18a4d3d70e44aca6d9acd03afbfff6f42c2c82aa2fcaa08,DDoS_TCP,1
90718,SQL_injection,eae95fe1dbecdc76ad2d72e63661a0b6c5bc568b6e656ecabac796eda9999d09,42d47a878394b03f0ab2c135d59fb9237e3c2bc6e922d0445ba8b5ebb57876e2,SQL_injection,1
90874,DDoS_HTTP,ace7616bca6b40223b6a3739162fdb6dc1ddaeb963790e0714cbb57e4005e844,84568a810c84a68e37acb70a3e68fb424e30eef9a63e11fa4ba39887b5ead194,DDoS_HTTP,1
90884,Backdoor,c6a5b1afeb108ef4a02a1b342d5e3d1b18552bd7010927af7e190ee538160a0e,1cff1a1148d0e4ab078982bc06106b1a4149d1ab42c1341078d0dd3d7b403cdd,Backdoor,1
90956,DDoS_UDP,9cecdcc9f8734a91defe1ccc15dff763c13d511843dcf3f9efcf9eb88c50a024,75562d5fdc5053611b0d4997249a385ef1e766facb3671685d32beb7e583df39,DDoS_UDP,1
90970,MITM,d66a307d99e30ab60d83ce9979715fe1684e07911ce183fe6a81a8b5dc4e6a8c,89cc3112f38bc350efe19d00e845c613de608b2596c6d481137593aef6feea38,MITM,1
91206,Backdoor,939773ffe5de61390e0f8dbfa135383a005245cc8e9cb1d095394dcd3a3250ce,799635b400ddd6d31ea9d96d23a8445df6032e2bb8ead17f5cc2a379144523e2,Backdoor,1
91256,Uploading,df91ec1f152063eca982546e2871304bb4064403f2bc673ae3c066ccb0be90dc,bcba9c59292df39857278b2fc2352e426233df018fbbbf3b9344995f096c9515,Uploading,1
91279,DDoS_TCP,19c66255b301bc57c3ecde37ae843e3e20bfc57ebbd270a27b75c12486ba800d,f4769f5e6049cbe6e1a88623f85ca401497a99d81b8d6063ba31861be54ac65f,DDoS_TCP,1
91355,DDoS_HTTP,10561c596fdc752cf229c57d0a20d946961e23bb30e2a2c75df49c771c14994a,99abc0a22ad9802c2b9d187897bf0ea07e26096e059a58400c7aa6483d5d40f5,DDoS_HTTP,1
91523,XSS,ec0a62c3e6aafd8bed5d32d2eee96b1d7b5accc025a06a7ae03298bbff45627e,27d71fe70623245883fdf79c468dbcb40a3a41660b47a451b75bd68601de0671,XSS,1
91590,XSS,961bf12fab4f868dafafe83f5bbc5a7608c1822163da949ad7bfa11eeacb7f4d,58a01f684a7dc149d9a5ec4fa2d92e7d5fe0ae0107db09e6bcf5e9fdacfc1f3d,XSS,1
91615,Uploading,f8e9295fe3a4d717fea266c44474952a38e668622013b8856d602e0940de123d,36fc84c206eb7e628ca03ad4eb013678ce6ad2fc40c1106379660c83d65bb906,Uploading,1
91759,DDoS_UDP,29d22fb163aee910abae0d6ea30e9bb6160ffe5381705425bbf6d6bae21140d7,144d37ca803208f2ddfed17e589ea1c80a6fb783c30d90d9529ccd69bcf6ef98,DDoS_UDP,1
91794,Vulnerability_scanner,548395c7b9a55510a783e0f465f1424c4dc1d8dc2229c3d20e8a5caa08b68964,136029699ddbf7509e539a5f7c0fe8dee6434a8fcec9ae80465e6a386f3a04f3,Vulnerability_scanner,1
91881,DDoS_ICMP,0c4aa828b882ae203ddf1790268f262938922c799991692026a65fe0b6f4b0df,9539a0120dc1f897c49d3e43f0937b120b72505f85e35fd0e76a47942bca1ca4,DDoS_ICMP,1
91965,Password,e622fdbb5a3bd67cfac04ec94230871efbc7d16914d40cbf27d50b4cd8e050ee,84f34d457ee0f02f6342436a21924e9996399e874917db51685d8ff1617a5717,Password,1
92191,Port_Scanning,98dea59e4d128d863b6c86b138e3ea6835d51a2be540a35e03a258016d078b5e,b33b95b29cfc6b0fae4b787781f4fd15fa972162938bf2f215be64e2cde9895b,Port_Scanning,1
92271,XSS,458f8235e15f5c2a7a8e135b37b85fc3b637576a309d1bb5b130bcac07caee20,17eae7e73fb06d90a0bf8372b249dc3e1a75e35672d9ca06dbadde61a2bb76d3,XSS,1
92364,DDoS_ICMP,50a224d7b640d0cd68be55534dee6b957126feb45d6ff3c843dd1ebed0d14a79,f9496a2a3d20d838101e0537d0b6cd2df025466312ebf9284850c2cd8e0c5cd8,DDoS_ICMP,1
92390,SQL_injection,4bd098d844487e84336c378ea9c229c3e65693b3abb8fe480fcb95a416acfac2,90d631aff54f0add507cc06af80a5c5b4b90cf288d94e601446936b030ce8a59,SQL_injection,1
92446,Vulnerability_scanner,1bc7532b753401f9c3fc58c50371ae76a3e274e97226bdc059fb73f28b4ac1e5,a9b7feadae1ad1974fa086acb7a3a0d89cfd80c6048dffda126aa18c4cdf3495,Vulnerability_scanner,1
92454,Normal,3ad7197ad4e270e040b3f436fe76daea4a598c5f31f6d3723936a6fd257f5c6c,b28d91b7cb510a81f46015f952ca7e50d52061abb59367d7474b32d456f7e78f,Normal,1
92594,Port_Scanning,cdf0799683bc1fed5de413738736f9baec4499f6bdc49d58d1fa017b6b05c097,e8f0bb058137c5a25af3cd5263c6bf16011afb4cca61e79064f75247ab567137,Ransomware,0
92991,Vulnerability_scanner,9ad5c1a3bf07fb5222942fbd0cb8395ca87e1de8f74b240aaa826fa7c3f48498,c938626603ac56246554f24d58af4355166723a30d013764200f08312ceada68,Vulnerability_scanner,1
93045,DDoS_ICMP,ccfe2a91bb660931defcc131e5e7888c9d84b5cdd8a2e600d1db6699efc2f499,e18ca12b55a9cd5af3537573af5f3c3f71fdbe4ee66597579231323f4a287722,DDoS_ICMP,1
93263,DDoS_ICMP,734a464f857b6ed9d397a7ad89a083a8647fea653d46306bb57f6699f0147188,66deffd634e389da5b4fb66070bb3230b743f360603ba4c8785a2c8079788eb5,DDoS_ICMP,1
93336,Normal,f8131e7c9f62e0933bb956771ff3783d62873b499ccc7ade96e97ad6a636c5be,b0dc4aaa073b30613d36d843663caadab6f5f7e87431a1afffcd4e4c9d6251a8,Normal,1
93363,Password,bfa30fd77fe191221e87bee6aa1715ab789da0b2ae0bc78d69b96e54efe5d63c,ea8233ceec0caf444fb150ab69207d96dfb677711de311f2528a0b2ea0405c34,DDoS_HTTP,0
93375,DDoS_UDP,4701a010d218a9daee68fa4b71653219b929526c9f0c5fbf939a454e2d316f74,d326c1447b558d7efd5e1e4e23886450d6e6966284f1dcabbbd059df8d40a5e3,DDoS_UDP,1
93429,DDoS_ICMP,a5eebdca16acdb8c4d0ee3bb203f7385d3568328f3151fbd56ad388ef377f127,ee53c0412915536e9e7564b2c90021a5ab3f67d9ea61affb55a3a03c59e0fdaf,DDoS_ICMP,1
93445,Password,2767975e02aad0c19f3d51cbf0a76e7d2809e2e5c09020eba7af60671fc24b60,488b61bf14652c79187500422ea452f34b8525ff262a99b60d550439dbcd68a3,Password,1
93498,DDoS_TCP,80473f1d6de3a12b18841797bd59eab265770ff9a21377644177a42a7d4a42e2,0a589301581923dbcde8411fb49b34d60724fbdddebf48c86542eb84a90b59e9,DDoS_TCP,1
93582,Backdoor,ef50428ee9c0e91deb53661b5f610b9847c3dadf68099f8895a8e40d78a0b68a,1cff1a1148d0e4ab078982bc06106b1a4149d1ab42c1341078d0dd3d7b403cdd,Backdoor,1
93601,Ransomware,7b078e9b5ba08af56f4d16295d0f70865956e3e33a17d869111693b7a289ecd0,83ffa52c2456dfffa80f8de076662e665a22f3506bbd5e068c2113bea06ddb11,Ransomware,1
93706,DDoS_HTTP,4fb23493d9f310af89a30c4f1f7d927fc209ba62622d3617c87621ce019f15a5,f4dbdeed1f7e7bd25b9203252dc31536addfdc01eaef928c61e63ceef356cc39,Password,0
93736,Vulnerability_scanner,c1924e16346a6e2b8f228bd1b4a7c83ea897041dbd471aa6089a8e307eefcbaf,d3a071b9936d6d675a58bcd1e64bd204b6f68d5d8871faaff1c5c7b57d1abffd,Vulnerability_scanner,1
93780,Uploading,033490d66e6476f4c928362f67cb991cd1d03283d27d616420dd19377052678e,d96a5eb57eda559b35fa0970be0684f6eb7fd7dadbde7209d1eb9f981d1ac3e3,XSS,0
93828,Normal,9cc6d6a53e23502b41fa5821af665bd8c8fdefe76a1254d783c15b1d12895e18,9e187beb2fcadfc81952192bf990d205eefd931485769d51fbfba4d689478932,Normal,1
93875,XSS,63d0e70776b54a0ea9284ebd9554b599dc6d20f45579031db321a2907670a3bb,f2ba0ae04360663c84e2ab98d4f66440b013933f4f62157a9075144eb0765ed7,XSS,1
93985,Backdoor,baf6c641556aefa5c333b194048f5530aaba438f93d61dc91679ad7b605f414a,1f8d7216675e30e68f38d282aec35fd7591a8c02179b17dc17a05fb78c64c05d,Backdoor,1
94064,Uploading,e4e65a9062f81789d1fed97f235d0b0b06b50bb4310ceb2d904f964bb492d8fa,952aa3705b7b3709a454962193937b9d6c2ee2a9f68a4bb9f8b86fcccb05326e,Uploading,1
94219,Fingerprinting,1f7d9361ea94a3020248956fd0684ae983940d54999822d52763b08e69207de2,e361ae3bbbd3c4ff174de1d64c1dbfde83e84408d4ac8f377e1306311c7a25ed,Fingerprinting,1
94335,Fingerprinting,4305ed6771f631551879a865442e3ef335b905129f234830a3fc7a7c1e0ae7a5,0c9b8ee6d7462f93ca1089c93bac8ac8e610de7b1e2e6ea1cc85817e83a18a12,Fingerprinting,1
94356,DDoS_TCP,9a794627b05a31a5fd1e773872427bbb728de5a43d50adc48019b81713fd1b05,31eb3899d1e4a791e6978fcfdf3a482a66d4eeff1d4c54baec30a5e61e17668c,DDoS_TCP,1
94426,Password,4f94dc049199703968bc6130d0b21b2090f248a15af1658cb7725e4f9c16d164,612c3c887b325980dd8b5f913e4c55042485fe9a2785aa635789a170666b2552,Password,1
94473,DDoS_UDP,189728a6cf4a7e4d24a1672c75bae2ecbdabad64fec9b9cfe65dab23368dfa02,68c6e4427e2fe93e198cf5c3e4a19e857d3e484b2f4c2f64a6368e7af6677570,DDoS_UDP,1
94483,DDoS_UDP,0e610d8bf4cc8fedd0b790e9d2bb18d3282d71f228a8c4eacd0c6bda9a7a4bc7,2bc2ea93956d4f68fe780f2c1a88c8efa72a325a32036f1c360e34ab5b4ce42e,DDoS_UDP,1
94486,DDoS_TCP,792e3d584772188788251488d918b181c702cd44610cdec592b5e569cf35618e,a146ca79eb6ab8a6c27db79cf3c30a9cc22fffd008e31ae610511bcd75dbf1e1,DDoS_TCP,1
94577,Fingerprinting,56587acb7c1a107da3805167ac3f6dee6b4190a793072605051e5fbc9c5a6c8b,e361ae3bbbd3c4ff174de1d64c1dbfde83e84408d4ac8f377e1306311c7a25ed,Fingerprinting,1
94664,DDoS_ICMP,00853b6cb7915255ff3ccc9e53459d0f4eae584a1c1ec0880baabbdde116e60f,989834d336c560e1949c7ed80a14f0f7d12cd572c1df406f7cd56eb292d9b386,DDoS_ICMP,1
94721,DDoS_UDP,43871dea8e9994535fb2b7eac9e7df3b8d1642ae96b4e6f2b59ef992ce563206,db7527b7a926f3fcd374f910cc90050a1723f3c3ca1d80b4ee469453dce04987,DDoS_UDP,1
94723,MITM,2c16fbcdf9ae764396db726e85d88d51220c895d6cd2d13557118654b1435d79,f16f93b86149b5877d6393eab597213a591e2c77ae1c20e329fcee0d15aabffc,MITM,1
94742,XSS,4e0dc7a234208ee9c1a526b0a7a35ebb298fbf1f8e770c45db25c797f4707b66,cf66372306413f1a1dd950e6439fe6111f0d68beaa488d2962ed6128a720d72c,XSS,1
94907,Backdoor,2af80548404f32f75e85bdd86f7daa22c440c4803e0fda9cc7e0ecc7b5e067dd,799635b400ddd6d31ea9d96d23a8445df6032e2bb8ead17f5cc2a379144523e2,Backdoor,1
94957,DDoS_UDP,fbd99da952c2f35b6f6ed132a9a4b57b55a53c9d64992072bf68dd528162b4d3,2884add85cf3d6b7bd0a3dfca14d8d573b0021c4efd0deabef406f5e55a0d4c0,DDoS_UDP,1
95115,Backdoor,3b9a5d0f1d096bb45203cabd63a263fb6a19589f2bb5f1fada950864dfa9254a,1cff1a1148d0e4ab078982bc06106b1a4149d1ab42c1341078d0dd3d7b403cdd,Backdoor,1
95222,DDoS_TCP,390fdf2a81aadff6da22542049f7045153bb179bec658a358570e967574892ca,3769682e85fef419574825fbdb856a994c71521f1422d5c40444f18c0983379c,DDoS_TCP,1
95240,Normal,dd1cd4978653eb0da62f8725a75199efcde8927914a29beb7f1e40c6106b62f4,c5e44889b9074efce6867e7c5aaac3a552e3bdce474c79ce04d609f6e3757504,Normal,1
95409,DDoS_HTTP,08873e656ed9f25a6feaaf2b1cf4999b326c333566faf773a5edbf0aeb8b8652,e0e85cb4ddbb5b3615f476af8911eab9c1e6012571bcc7079ca399a4bb21b4c2,DDoS_HTTP,1
95524,SQL_injection,0dc32f7ee94393111da6793133b351268c24547578a1a85c8bdff0ca570d567f,67d89ec18d76d2cf529bb4136e545091731f327ad93774e02be7afc3abc5a359,SQL_injection,1
95547,Normal,039a4944b56fec2c37d7300ac916186d04f2c52655da72c57707c6ad73b1e700,f84eb07acc80f16c4d1531df023155d50e0e952fcf30c89b29637fd418575766,Normal,1
95571,Port_Scanning,527a460d2c58cdb430d212843a98021fac4ce5026adacdeab4229afc76ba32ac,51fde2a99bf28d0ae9defe76e281e058646a8975a290b5fa84d8f2239e5d1416,Port_Scanning,1
95789,DDoS_HTTP,02a60803391fcded9b76461d4ae63d97c0cc60e268df37435d7db3b4e534e4f4,de036073131e6fde1c0d397378f4ce7fa677b38d4cfdd2b8be8410874bb594bd,DDoS_HTTP,1
95926,Fingerprinting,909f3f4a0bd3988d215f792c5aae49d9cd11540ed8510e25262d542239245e64,df80d7cae4c3b6599198bbe60b4f0fda9f33603c5d20d25ec6780edc8d3bd714,Fingerprinting,1
95954,DDoS_UDP,956d7d1c27876b4bb7baa96daed319805294051664ebffcb590b32ff9b9b7f3f,e4e0a88fb841925ceac5df449b07d9c2230a5b6ccc4450c855c07e5d3d3aa7c8,DDoS_UDP,1
96034,DDoS_ICMP,fa8f568cbc0e23d3fd30e352b52b6c781b58f86535aaa8a34bf02464d9787769,d9a760f5c0cba21ef80dfa0ec58bfed67dfebcc3f333b45fdd5ad6e92640c60d,DDoS_ICMP,1
96105,SQL_injection,4f142f9d77778ce7ab8047ad51c0716cf4299dfc0b1d5e998caacabe5733c983,98012aca6e16315738be9d4a35950c9044c8b199bd12c4da6962dd79670f321c,SQL_injection,1
96160,Ransomware,c1d85bda0e695721ae9a0409f6957547bb34ab7b5d9a17c4b0aad0795e199a77,8b8769b55133d61bc6ab7eb3ee94ef210ee970dc3d028235e3e664094e54a086,Ransomware,1
96258,Ransomware,7f3af7785930262ddee4b07fb083169a77f82c770971cde424ec03e082ef5b4d,238218b039283f5a45ee0d38f4ad7e90ea8db0b682a1f59d4cc6831d5db1ceda,Ransomware,1
96566,XSS,9ce418412fe5f7c2ae3cfbfc1de55cf7248815c036147bc498660f985b49cb5d,9bda6116d79fc01d651520c4ac37dff4a43cda1204f36e71492e8cc014b8925c,XSS,1
96583,DDoS_UDP,71cc85a5f3fac15b0180ca7ac690bf05d2cc51f03f819464ff59e87d28f86d15,917706abad041fd959968e3cfe8bfeffd1e3d336af84753b6e28dfa0192c0fbf,DDoS_ICMP,0
96608,XSS,cbeb24f8f8b4cc55ae2f1264e312c7aeada4e735395743628c0cbfa716dbb3a9,8eab5bb0fabd56566e2662a19b5c553e9bf955834edf7b1605947fd6818c04f8,XSS,1
96665,Password,38197884547f4338e4bcfa4c6557ac2a850c72d9978a604297f75e12b979fbea,954f6c3b6e0490c9e4141602e13c8c7c735de957cb789947ad951f156b5459d3,Password,1
96677,Port_Scanning,581b18b37fdaff711da5d43f285855304e82815fbeb53fc2aaeec935ceb9e2d4,80e1071a46d27119d9b7706356253ff7294f871c576a9e9a8c1cfa7aa72e922a,Port_Scanning,1
96687,DDoS_ICMP,9c00996da251b288230aa31e5325f52d6b8948ade5575644dc7c47c4ac31459a,0ce14cfc1476d2bc87b137c9d6923c05859443810a03b0dc5f5a5d8da4e223dd,DDoS_ICMP,1
96732,DDoS_UDP,efeebbc6ff1a28c63f88f53c707701e4134f50b6cb16a2646ab7cc5353d1a28f,c431b352593d1e50f115a85882af6bf57bfee53d89440a3a2c0421cf925fe22f,DDoS_UDP,1
97033,DDoS_HTTP,765b8f9dd3567e5f1908ae9d352b8fd55ce38142840a9615c87b99fa27b3d035,2a4dcc7138b39ee27e34e729ea1c04d5ec8125060e350a4026321d8f5a6a4f55,Password,0
97075,Backdoor,8029a2ba88fd64d5cdf3f3246af65662696dacd17d2be61e422a5458316ef96e,04307f2539b50075b8af42314054493ba81d8e428dc79cb7c41e4dfc0c16cc96,Backdoor,1
97098,DDoS_HTTP,0ff33713648b60bdd68d527f4ca7157a95bdc2cfd4d61c26e1bdab16d69004a3,7023d678cf26fc51b288f98fdba0ca721c2567100d7fc57247cbacfdf6a2362f,DDoS_HTTP,1
97125,Port_Scanning,d8a325a34092a18a93bd8790bb3b244d432e069888e4ee3230a4c7275eaefbef,f4a07654610cdb7c10e54d7cd367fc1eb032f319ba1bb49cbd4e4780b3eaa8f7,Port_Scanning,1
97222,DDoS_UDP,7da156004d3069c350899eaacf76e3bcd9d1d8393868a7da5586c056c1628a0c,eb62586efc9256b5616913d70baf2b9bd7586942af793c9376f0b2ac2371b08e,DDoS_UDP,1
97229,Password,66a5097dc859b0c836acd93d30f883cf25463e089f48dabbc0d54fac1be93d83,0a6f65f85c230664da2ed8f60eb028136683a56099288087037cfccc3f0eb615,Password,1
97265,Port_Scanning,cf7dc6c06585f72cc85e476874daf34b200084db1daeb9e2496844332809e12d,92778a1cd6ed818f084533e168d7996536fd0f156d0cfc57e7c7c33811f8a00b,Port_Scanning,1
97276,Backdoor,b9953da741ee25d730e03611ccc2850f59fda6ab803140a18233cd2d722c8f8f,48dd69601710bc76dc4ba6ebf25e8bdee90ca014638e0b55737391ec718d5028,Backdoor,1
97337,DDoS_TCP,575032c6586a310648fffdf509758c4af560a434255c72e038eece837528a5d1,6ec93c043913f5434ca528065fce543b837b425023f8f63c95d9e03a9d38f8a5,DDoS_TCP,1
97470,DDoS_HTTP,0cc1449a2e5d928c7ce741c79c4421115563fd3d57940df54f79504239b33778,06651ad633b234044168fc241a4157608984edaba9485af83e06d94300f48ea2,DDoS_HTTP,1
97663,Normal,692b853ecfaa75ef27241edbc265a6f6055255af1ffbb135c4c8b97614c1438c,fbfe35505891fa17e3b5a3fdb949ac8eb3bc8dd86e9b7252952d95b1878dd40f,Normal,1
97688,SQL_injection,3d10d55fad59bf9b75a82255e491e853d3e89658f900c5d6e538ba8b7f651deb,e7900082dad8bb24dc0f9fc7856276012cf38f1398d455424f4f76097f397bcd,SQL_injection,1
97760,SQL_injection,2ca342821a22fcbc4a1975702c9e922d511470eae0123fe453c2c91607f3bd7e,d2f2350e09445c3519f3c0fabc244add22adf4d80528061ff95b37ca1e335108,SQL_injection,1
97798,Backdoor,2bb6831609c3b26f6e393b929591d5b666aeb6c89465ae592620dce6cdf7f222,e8f0bb058137c5a25af3cd5263c6bf16011afb4cca61e79064f75247ab567137,Ransomware,0
97806,DDoS_TCP,bcd58cbe3ce5de0083b397a2e4861ea0627488ca65ebeff921f1465280582bfb,79a0e175e99680fc3f94084bcb1f0833c118fe24473913b66112b5d77adcdb79,DDoS_TCP,1
97822,XSS,d57f09328aff42e47d9723f2b4dacc7779a9434276d028d3abe44ef8fcea1df3,7842711c0c36b0ee8106c6f45a644f3e9b493472539a8179fb2eefc228e9c8ec,XSS,1
97839,Uploading,a5c5c968e6c88dc7929d43cc9d03d92d087db89f7c012fcbda68b695cedfa269,3f5262fb5dffce972ab995adbde549fe9ccddd12d81093219cbb8b10b22565fe,Uploading,1
97945,Password,9b85cce102868c261c3149f31e0e33dbcf0951b5f7af5fecb6bfbc2242960414,17cb3600a443dddf76e88cdacee9b08a7b87ded86c75e8a4f6c9c4dad25e85d4,Uploading,0
98057,SQL_injection,9d4a88990485ebd70decb0a400e7dab0f9425d7f463dd5e3bea6cddf2aa4ee42,2cc3c532b1d8eb8c1081772e8428955941f413f8e3906287e6b0fe8603161bfa,SQL_injection,1
98074,SQL_injection,95bdfd9090793ab2f557a4885a6863044bf212b11c9388dcb56f7c27fcec2742,a0319fb172f16a7856fd60502c872555922fae2613a4abbacc5655474e95f268,SQL_injection,1
98133,DDoS_ICMP,ba4308c4537fe92a3dd5176de94c24ee7e429eee635315c4dddd4a6777b3a895,8806d1407998e435198769318151e4fc641363b97c78e646b48443ce487a14a1,DDoS_ICMP,1
98153,DDoS_UDP,c2542d035eef6be60c5a6c43b1f03f6ebefe692620b2e8cca35b7feea23196a0,5a95e5870c0c6fa5e7337f99fa68856e56f7cac67c16e53c1484f309374e5853,DDoS_UDP,1
98206,DDoS_TCP,fc3569c57d783b1eb636145f09d5b439f2260fd3b6c4b6adefc3e055aa0377b8,ad3fbeed0d21e0063fed0a244491fc2521aa10190b04629cb1896c8e31fa957a,DDoS_TCP,1
98235,Uploading,6302e1b6ceb360cf45c82ec9c6090aa1e4744504f8286b9e0c4d9d42aa4b6ade,7e327229c424fbd038f1755ad6e842cf4b0a0c26c20fca59bf1d1bc346b590ed,Uploading,1
98449,SQL_injection,c079acec64450b7f9cc8e416b2f8198681c32cd9aa8098cc722ea1a622e8557d,d1c38d3730ac612f2b73ebbb533ea3adc82d7255309ea164de3edf88ce626e76,SQL_injection,1
98516,DDoS_HTTP,19c349ba787894080b83ba798f7523846c95ab014749aeb2063a1dfd3825f28c,c5fcc80aa3e7c8de877ac5bc50b3dd3c3d46ffb19e81a62cd0c8f52f0cbedc07,Password,0
98530,DDoS_TCP,b17ef66a1195752db584eebf5b370aaa7f44c1cce015656e20b7e70b3c6cb8df,c1a3b4636bbae30e5024477b231c48993b0989264898017c36074ba41ec521d1,DDoS_TCP,1
98632,SQL_injection,7eeb89b1432447d776b95dbf49b8143cea8f87847430f0f682076ea40959c239,9571b344fe08a4efeccf9e26f6d40ef1d18a0ac87e1fe93c64bde35cc202a5d7,SQL_injection,1
98638,Ransomware,3a4fa7e37ad1641ccbb93c102ca5c11b07482b6cfe0a1d6f9f3bb2e9533932e7,8b8769b55133d61bc6ab7eb3ee94ef210ee970dc3d028235e3e664094e54a086,Ransomware,1
98709,DDoS_HTTP,0a8c749bb80ae597d8c5bb53ccfcccf47f502871fe34237b325b1daa624dd78b,d4d13e0c455d6ca55883e32bb265237292d5deb9905e1e3fe7c08e0394e6077e,XSS,0
98742,SQL_injection,1d783e3dbc3bfa1d04c986d056d6ec1fea5a4f4e8b5dd13e859a3cb07020eb38,76ca07f34fb850ca9ff2f5d5143c507a809ae7fe4999feae5d282a3ca588be2e,SQL_injection,1
98957,SQL_injection,b5caba86046e8f7aae086071956b98b4839befdf1f8bd9e8e3f42688d3bbae57,f8d4d8eb661e50d83bec67abb7ad211d0f0fbabc84a8c10ee747a49bb1b12c71,SQL_injection,1
99079,SQL_injection,12e243eaae591acd9743cb547a89d0471172dc6f301c263967980f6d3483811e,0256e11aa7c7b06d43807351ad5261637cfc3aecc6c4cbd044742f58bbda457e,SQL_injection,1
99128,SQL_injection,b9774fa41e411470e04a1b466355511c2d18403665d03e498d2a94573ffd8b25,f28e8d3282fc2197daa1e3945970500a1d9a001e2118f47d14e604cce06763ee,SQL_injection,1
99407,Fingerprinting,b2ece90c6373a646f7adfe75773f13671fefc269d8cc5ad940a00c92e3b13872,0c9b8ee6d7462f93ca1089c93bac8ac8e610de7b1e2e6ea1cc85817e83a18a12,Fingerprinting,1
99423,DDoS_ICMP,73d17eb41184993bdc6e41fd4585e215b1c30d93e4e60d15059dba51fbec95f3,e6d8012c5b5e92fae977d1f8929cb37b99df147fffa9c8f8b9f9305adeb894d6,DDoS_ICMP,1
99468,Password,b54c4a4357534d52526972b31678cd80951339c9fd3bf67335a299cbb7b5ac40,4edbe58442702ffab4575caeff3eabe13e28747ce8a6bac6497e82fb7f13aea5,Password,1
99608,Normal,4b7ff980623685d2e75e89b7a171a8a1003d4d13bf84ba66e6c07bca2f4a0414,fe0c28d0ae115af315a6d8929302c7f5df077c355303d78209a4e1a206c0ea50,Normal,1
99835,Port_Scanning,c5c8ae0e66cd9524cd08c02aab1ef80117d53d7eea2e66034e7dfe2121bad889,2755f4358113d4e0861b12f98898df86a236f8593b93d81d9694ef1a388b0a12,Port_Scanning,1
99886,Normal,90adb41d4c9f81434e18999556022e2c4ef975b92ec76030ee3ae6317530d156,6dff55850f0ccee9090f6879940c4741519089d45e7323ec2e49bfa39d0b68ee,Normal,1
99893,DDoS_UDP,d2aea3976a6448e3b78bacd9ed3db5a3fce5c74c0d73334e2542b91e2e2c6572,95ebf83336582566624ab1baca8b419d25f86b1b3ebe7bc61a92a6f8e4ccb6d9,DDoS_UDP,1
100098,SQL_injection,37f45dadff95cead81a9443d9c57dadee844fcbb84f08fd0ec9183f3d8156e82,8761baabebaa0dbcf890b583463cdc87ca84bcb2a8c6c849497233f08e01da66,SQL_injection,1
100141,Password,8ce2da254e1d323d78d5ee7560639081fc7945f3dabf3940f0a721f9ae14f81b,7f32e410107af9bde9cbd5b24e7d1d0ef6afa2dff70720b1117721ca45e69098,Password,1
100310,DDoS_UDP,b4da217bcf80cc66f15f67de719bf62f9e098a1f87dd185ef445dbb84ec537ff,befd032429ca70041e73eac00d8363a980de2c7d89f4d11ac71840fe1fd8502e,DDoS_UDP,1
100330,Normal,ad5d8149904b66c11048ec8203c7578b97467a80184631406233598c4eaf654d,c9c606739e78230a44c001151b8f12cfca80b95df6c3700af8060b27f74418ff,Normal,1
100334,DDoS_ICMP,d2152650045c14e1beb2540ec46ae273f4b2c8e4dbf0bfba8a57c3e638c9165b,79877fff8ba0d14d9ba924fd9c419550e727b2f1fcfd010bd8bab343832a4a75,DDoS_ICMP,1
100450,XSS,09b7a14fc62354e57954b711cfb53e7978e99aec6fcf71818a58a2255956724d,1d35e0925bd70b3c67e0db8966aaea6c66f69b77bfc72b77de63db2caf20bc92,XSS,1
100478,DDoS_TCP,995de2d8eece33bc15068466f5785834d3bcc0f07f59867821313243decf64bc,f4a1b7385050ee813a158f1dfe65828034fa7872deb9ab418e85866745a00b8a,DDoS_TCP,1
100553,SQL_injection,df13f80d0e1e888dbc666731154b8e89a5bcca9d5664e0755a2dc589b11cf9fe,95062bae9c583f7bd854b48c60c2afbd961a344e0613ae9e2dc62cb7aa11e2af,SQL_injection,1
100579,SQL_injection,200180274a4aaa8ace1c47a2618c76e5d5be5db237ad4e189f8801733ce9c406,37682821ea46be84ead38193a63f94e23fc83734f91986ce9b82dc7a1f64c4d7,SQL_injection,1
100649,Vulnerability_scanner,e2a3f3770fa14c471736912cdde011354cf0bea99893fab99036773534e65278,701f5b272419d5878323bb5199e92e28acd44948163b21aa32554775f3453144,Vulnerability_scanner,1
100793,SQL_injection,ed46cc985d32d4d81587634587d798a1049e5032f30210cd06f1434df8aaf081,ca0431a210c4328f81bfaf7c929c7271da12b40ebe39edcb6323ec88603a605f,SQL_injection,1
100833,DDoS_ICMP,692a1887f0a46ade7bf3671eb10aef0a536f75cebe286d6d8850d85aebeea303,777d9a6ae7e3cc9c8a62186647d481f45ee2fbea1ce4d3b7deb5a627ba036b49,DDoS_ICMP,1
101048,Fingerprinting,358cbf7ec4859c2b3227eab08da9c90a6bf331547700698305d95e77bd5f8320,1ede2a171fbb4bbb0267c4a3d97d92c0d9b1b1657bc878adc20c0e9b87bfc035,Fingerprinting,1
101053,Uploading,4b58a2c5041d633abc097b9a191c84a64b1f94cd0468d8cb1c3e2bc0cd45b2ea,48a1dd484a21047719b3cb5da1ab633b25804b39f2afd4c5e58facc4f927d7bd,Uploading,1
101167,DDoS_ICMP,2c8fe847911ca154c18c1799827b172439391af115cc40d5f762f4723c738599,c86482999e15b850e2331ebf725c1547f081c0a011acbdf21137fe2ec1275f06,DDoS_ICMP,1
101191,DDoS_UDP,226d4afe56d1e7c6e638c4b3fe70c9b44d6f2a6ce882a184e6f0c796ec69b9f6,8c120abda0206cb7cf4156ebbf68d088495867794d19cb1351f4ae14762f185e,DDoS_UDP,1
101249,Vulnerability_scanner,97f7ab6d599c89ad1db775ae77b24aace81b3304555c890f47d91078acd309fb,0e23c1ab352fe856572a8b6c5d4de341e5f8e57c3514a1a931aaebd65f7d969c,Vulnerability_scanner,1
101388,DDoS_ICMP,06fbff1001903243b5b152a2e641fa8d1e71ec1030ef9c802021950590d1ca96,f72ca7403f062aaa4276785afcf8245c30a958b9676aae280cf450f71f797b00,DDoS_ICMP,1
101705,DDoS_HTTP,e439ce35b68e11e24905ee7f242dc14b24dbea85714ba33b85b6570757080224,282742af89919fcd0c0170a5c7638701a35e98d956175fdbd1ee9d0649de12b3,DDoS_HTTP,1
101804,Ransomware,b666c32c5ba0630794a3d9aa5754ae88b683f0bb5a6b7bd115b029e6e32941de,e8f0bb058137c5a25af3cd5263c6bf16011afb4cca61e79064f75247ab567137,Ransomware,1
101874,Port_Scanning,e0e948872521daa7b3482ad8b3223665a4967881276b61abce8862eb0642800a,9d1326d2cb3b5f738a89b55c368d52fe728c446592038a8660b35bef7b256b4d,Port_Scanning,1
101916,DDoS_HTTP,d51c1248438fe8c165878623b69cd2f03da859ccf8f4ea2a54640860fab42e4b,5f22487ff34456a95ae0edfd64219cbfdd98225116b6d590812897f33a29af7f,DDoS_HTTP,1
102069,Vulnerability_scanner,ae5532f7657a659ed77d2d71de3807f3d39da93b1d75cca47a0266f91e844cb6,3ff3f2dc91771f10e89b24586abbc94c82c31fa7f3a0124bebb9618733c029db,Vulnerability_scanner,1
102072,DDoS_ICMP,808f62c0d2f899f0d3c76d643df9bf0ede47a664c3dd275dca3e635a62819e00,72cd5fb802dcac9c14a1c36f25a68877888c09eb28acef28abc9b975f1970575,DDoS_ICMP,1
102139,MITM,012aa45db3b446a52a8f5fdfe0d959a9e433cbefd8841b518a80fcbd333a5ede,85e6f61f7e3cef02560e47876b6a41cea49e6f294215fc9b1a9285cf436dbfd7,MITM,1
102181,Vulnerability_scanner,1bfb07088ceef3dd89209436f8b78b78c23b0f00e8baf90fe2857e652e227310,3940a26fdc15a2752e2f214f61aa5aa0eb71bf73c781513da52c8aea335aa27b,Vulnerability_scanner,1
102235,Vulnerability_scanner,fd1ed4f899ed862899019ae9f66659056c57de702a130f72ff3000eb1343060a,a17acc164abdfc458853d9b96e41cf908acb8112d5b45acf8f359d89e09f8591,Vulnerability_scanner,1
102248,XSS,ee50d9d1d437e1023f9df5cbcb70dcd07db5350678ced4801f3b75ec9d492770,595b12e56c2d6dcdc04f585274aa321f4abd00f3874e23d42d783e70e7f7b8d3,XSS,1
102267,XSS,f5eb5683abd172ac46102b9dc1f4a998b701cd7f70f20621edc0fc3ffbd97f65,e8333d16c803ae6e1ae090962dc4bd7f12a77005ca3745df6389de10d03a7ce8,XSS,1
102323,Vulnerability_scanner,c0b54c5ce03d9226361bc2c42b72aa3d2819e4224374158c7824560a2bbd2505,47e9e82c46cfc51421e0c44dc1f7aa63131e8544fde1cbcc355773ae0de2435a,Vulnerability_scanner,1
102387,MITM,2c16fbcdf9ae764396db726e85d88d51220c895d6cd2d13557118654b1435d79,f16f93b86149b5877d6393eab597213a591e2c77ae1c20e329fcee0d15aabffc,MITM,1
102439,Normal,f66f63f7f018e467daed10e019ecdcb3897036be7d0300f7bbab7b2f9b750faf,2b6dc3bfae868d94be2ed96e92974ccecca6923733b51ca86100483377914f9e,Normal,1
102478,Vulnerability_scanner,672bd0cc629354369c98f0f6acf0ef967e861e6f7c29f8976a7f0c3496b9f079,a0b5105007e0084dae86dc57417e344ec7a4f45ea7f1f79a28d997a1d56836ac,Vulnerability_scanner,1
102490,DDoS_TCP,78d50feabcd78a4affe882f25d4698417b1b5a590e7e36ec0b018731e20009f4,95e1413d1feb0504806e175abaf70e8ef8e4a73be82d71aed2a178363a156c2d,DDoS_TCP,1
102580,MITM,926cb5acde56d461faef74e7355dd5b171b9cb1edbae9668a8013ef7c79fa30a,fdd718561723c2b10fb788ac3258670a5086d4edbe99071b96364d73d50a9867,MITM,1
102599,Backdoor,7e49191e65f98a2ea0cae0b091f0680112d8aa1a23960eabb6f0f9660ccc9e77,4414083364fc2e391dcc713c13ab4c4d2ef13a5dad36f22379351793677710de,Backdoor,1
102676,Normal,79d4e39d3192b19d05eb539d6608cd30561e0c805e3ecf1c8c827a3d31cbb7b9,ffbf5805f08ef5174d3d6c8711140f1b6214975709ea5a9584cd26e69b8c52de,Normal,1
102709,Ransomware,f8dde0aaf186909e76a0c84eb93976999f1f62a4812ebbeb87834f17318952dd,238218b039283f5a45ee0d38f4ad7e90ea8db0b682a1f59d4cc6831d5db1ceda,Ransomware,1
102726,DDoS_TCP,5798e7d71641dfb2d70e0762865f166453c0507f8c7ceb30c376f561a04de5e0,8a318e5f33bad791f9c5b494368dbc746f27d75fa88c1f2fb5f58e4b21cd7f64,DDoS_TCP,1
102744,Backdoor,927ab50d1bb261a9161889df3ff219fa1b510a1df845e7fdb072a8733603c496,799635b400ddd6d31ea9d96d23a8445df6032e2bb8ead17f5cc2a379144523e2,Backdoor,1
103016,Ransomware,6afaa981ef3c1b2fd345df3f41d4a6504056edfce2675b3fd21d409b7bc6daf0,238218b039283f5a45ee0d38f4ad7e90ea8db0b682a1f59d4cc6831d5db1ceda,Ransomware,1
103425,Vulnerability_scanner,6bb304871c66bb104d214692f0cdd7aaca65fe14a9a71bae5d5488673f6777ef,a6c3b237d84ee1412889ef962ad3c3ae592b4ca4af231e94ff38fc770e463a53,Vulnerability_scanner,1
103444,DDoS_TCP,40d57c103846ea45ea2e93e7071849bfcbc218a6b86fe53c4d333742ad8842c8,69e17a115eaff3e8a332685c75fc423cbb9d1b0a5d065bbe886ec8e9fff26996,DDoS_TCP,1
103446,Password,db5e01fb320bd3f8a55f9117da9b8e2f2988b3ff47072ba7e6462dfd929f3512,27f69216563629bc665e7639c62c241344187583f16851fa8af1bd73bc8171d6,Password,1
103509,Vulnerability_scanner,dc60a03b34495ceeeda3811015546ace0dde283447939bd1705fe8bdaebb76a0,ea6b49beaec27f2c57bbf6d00ade438162773808ac2ced26d7a8b6ab2124a853,Vulnerability_scanner,1
103689,MITM,bae42f1c3f3e5950c0743d0d59f28114d7ed491ee31a25135a6d1499d6732e14,30a4cdbdeb117e033080216cfb416bfe482ec31c27d733981afeee213a506e0c,MITM,1
103836,Port_Scanning,0b78f9fa92af3be4f412bfb777e156687df0f567a1cdde0a5937cf64367a0ff9,74a15fa29bf74f3892cd3f2e6a04a10c37dbc213771446dc403c70458b134e2f,Port_Scanning,1
103879,DDoS_ICMP,1d1af99bbff2e2f130f3c72fb98df7e6690b21884d38b4622cbb26debbc947da,21ab39f44ed24ded156a03a201244cf4fbfef55501608dc472addd20de958f05,DDoS_ICMP,1
103931,Password,b91dc0cef5508e8715e501b6fcf60a064e66ae06db71e52c2094fd9e2c65cb60,c55c82a434d49fd8dcdc0c07f26a9b0e583ea25d7a2fba26b6c8140003a13ab5,DDoS_HTTP,0
103963,Uploading,0ce8aae9b86f966f90fa5e5b2f349c56b186ab7b21dc78ef407e444ac3281e7f,058d5d434c3d430ab2e3d7721f944ab8a62a5769e01b1144960cb01cc6766daf,Uploading,1
104058,DDoS_UDP,84658a8a45bffe097cc719819cd336c4bf240c0c908a608e8449b4f555d021d1,2b4bed5415c5c4748e3768f0c81e8fc2ffd67f2452bdc05f31f792173307abd5,DDoS_ICMP,0
104061,DDoS_UDP,3d46e71760e81c899e3aff5776e627b5653462ab7746f7ea87b5b8943e3810d8,dda009062a080ff1253e00431e7f1b25fe57deb399a832554775122c3ea3b243,DDoS_UDP,1
104136,Ransomware,e4d1362f69c7ee23ce1245083db08b06baf285e567798aa444feafd9bc50c180,8d0bcb2004f4e16217f62d305debe4a3142edc254133d5b99d18db1422ff21aa,Ransomware,1
104162,XSS,38c885d7d9b6e8d228d561541ca8adeaafa7ccf880c06ad3cdaf267516f458c0,d5700b3145b62bebf5a9df90d1be06a1e1510f0150799073f1ba455dbb8bb577,XSS,1
104193,Backdoor,ee71093f02e9e3c1ff7821c171f20a89cf5a10885da3d5430757ab55e8995eef,fa6df089bd19511426edc1bae8aa476babc04f3bf650f9efe875f1dea44bd299,Backdoor,1
104233,Backdoor,215c12e6f7b7a07ffa43f130d011c34ad2be3a4613767532ac1d02de37457275,1cff1a1148d0e4ab078982bc06106b1a4149d1ab42c1341078d0dd3d7b403cdd,Backdoor,1
104306,DDoS_ICMP,6741142c31000fa1b2d010e833bde83639c1a350524cb7cc60ad501c672c4e34,af73620ec5bd6fd2e3d868faa02e66da4996a6962a4157dc1b54b8183104cd12,DDoS_ICMP,1
104341,Password,9f1a72612e32b42b072590671b6790bd9a5e3684170c1c6e7d53ff5f14cbdddd,0927900d76522993ffc3ee21acf73d51be5fb7ccf1597cd2fca107f0630c64c6,XSS,0
104376,DDoS_UDP,fd8309b73df536d5106ae1146ab6186b5cc8a54c946908e31c73113ca21caea5,49bdd3354f62b17cddbdba65c05c5c958b1c58e3c9fd54bf31d02897cf6850a7,DDoS_UDP,1
104379,MITM,bae42f1c3f3e5950c0743d0d59f28114d7ed491ee31a25135a6d1499d6732e14,30a4cdbdeb117e033080216cfb416bfe482ec31c27d733981afeee213a506e0c,MITM,1
104405,Backdoor,cdf5aef14108e5718037ea4693a630135a0988f6642bffd5539078f6daf461d6,799635b400ddd6d31ea9d96d23a8445df6032e2bb8ead17f5cc2a379144523e2,Backdoor,1
104426,Port_Scanning,d076e0a696d79220bb9f25e788aced17ce270d618f2f81b37485e59ef1d5a179,247c4cf60cb9e42518b5774190e896d575efd7160b2aafc33bd2db12af8b2873,Port_Scanning,1
104593,Vulnerability_scanner,0b7a719f3b9757ab59cc25d44890ec3523356a86dcfe4e1bcf2791fdb7f27727,f3c72db0d304c03c165dc8c8ce5df6a9e9310d7f245f810e9d1e1e2c160fd472,Vulnerability_scanner,1
104683,Backdoor,0fd099551d997c6b364508067394f9a6cc8412491c4dc4e3192198112cf4c163,1cff1a1148d0e4ab078982bc06106b1a4149d1ab42c1341078d0dd3d7b403cdd,Backdoor,1
104703,Normal,9482813dae2c317370caca334bcf4a7d4bfbfcb1d53e59f81e086ac64994df58,8301f679108c1d651fd79de8d0495f35af289605bc4bac29bcb1a04741746b22,Normal,1
104751,DDoS_HTTP,45190c16d0e693a67c2c36108102ad8190a99e09a50859b9aaee9b856d32f5cd,e4df285e06665ac7c91757229465196d02545e0d4d41f84479d0cdddbb6f8638,DDoS_HTTP,1
104760,DDoS_ICMP,b83ea538d81d5ef6120a83456521321afc0c879dc053a8dbf8f8c5f860126630,476fe0951f79eda1b1a1407da68b8668921cced7e7fc1d90946de10084423892,DDoS_ICMP,1
104761,SQL_injection,63664ca80227e0d5caab7bb7e5ee4e495d44f62face3281007349102707bb7da,cdf8d91a7872a6a7b05dd20a820e82e8812d16c22ae42e6ef3570bc7c465b358,SQL_injection,1
104960,Backdoor,ae513548047a30d3892402cc7e6a642f374453e2a0406f08b32e9db99314da0c,1cff1a1148d0e4ab078982bc06106b1a4149d1ab42c1341078d0dd3d7b403cdd,Backdoor,1
105077,DDoS_UDP,932d02ca7f7f5db63331049d5164fff87070156efbdf48ddbee4791ca2e5912e,271b17e7097ed326d52b59c0cb2266f9ecb94ca06db3468242e128f06d95efee,DDoS_UDP,1
105215,DDoS_HTTP,5dc3b6dd11da07d9c9b5ae278db2d0d6b9c9e73cdca5cc416dffead523d16b20,7154bdd50fcd0fe9bce14fe1f43b6cf4587d868f0c63b1d9516e89316209a254,Password,0
105241,SQL_injection,51d3ef43cb5e3566d9c0e8cc69f2c4deb600b6a84a566c85b7ed1f7db2417159,e2dd03ddfa16686e32d7db16f7030d8e866581e1426ae5aa4030fda5758c25ce,SQL_injection,1
105298,DDoS_HTTP,a59b7fbc644d145ed49cb131b8cb11574d527fe5416a99f0a790b631cf273bd4,4fb96a861dd2fbf4e3dd4906d70e63c142d0408a040b4d9693873c79eeb34115,DDoS_HTTP,1
105323,Fingerprinting,0ada4d5384138a6e87342c99cfdac9352741dbac91afdca1083f3821685e5fce,0c9b8ee6d7462f93ca1089c93bac8ac8e610de7b1e2e6ea1cc85817e83a18a12,Fingerprinting,1
105332,Port_Scanning,366e1175f775bdfe30f32189b68c20fd1affa7d70d73639e20894bc9bcc0f2bf,45ecf4365bdf61fcd92cbf42c1a223712c32c8cd4b32556dec0bcc2c9f0f38a2,Port_Scanning,1
105378,DDoS_ICMP,992a248aae0b4f82672976c29ea5d89c1cda92c69468f7bf16c3f3a90d021a33,a406412cdcb12cef9fa35539e048cf13c6505a0df307d6f4d8b2223b0f85d0b1,DDoS_ICMP,1
105654,SQL_injection,519928d1014767b97530bdc0edcf284f8e87bbc8975f70f795c3d3dd5ac59e67,d884c3ec8da6f3f9d9837d8c0f1a716cff96ea2d48e7ac218f4d84f185d5fb1a,SQL_injection,1
105757,DDoS_ICMP,cb220ea8b016f98aad78c06df3bc3377ee2cb4fd6d135f7abe01fda9e3355905,0e6a2eb8c72f85d9a76d4bbe53f5c9950e6c88ed8f4bbaa024ab9f4810a2c80a,DDoS_ICMP,1
105910,Password,80f149c3030fcd48f27af145dc86889da55f545f66db2e15120099015f5aa9cb,186ec6a82cd05619fd33387550e0fc1e23ae29562feb6d06be37c71f7b4d1369,DDoS_HTTP,0
106336,XSS,f0f86c9404dd9e6d821eb5af1ebebf46eb16deb8c137a7ca35311b63c645b3e0,c8964afc5a722b440c9f05fda8a8721edc62a1d9fc2a600c6f973a6772bda17e,XSS,1
106446,DDoS_HTTP,164bdb7094e753e90f26122abdd4457e3377544507708d3280aaa84097db959b,73c94d6037feca3027924cfc47e1f3925fb78409bdbb799f56559d1805ec34c8,DDoS_HTTP,1
106680,XSS,a616c562fbeb42be0d3c6d3a5594e34dbcd4b6cd116d7df433eac9d51ff91194,c3e0a7c8cf3a1eebe6bddf79204a755e3d63e576e17b4eb6f8eddccc0696b5e7,XSS,1
106695,Ransomware,d5c48a2bc73612d9794ad3234db6c734fe5e6e53060d6f050836d29921f89e97,238218b039283f5a45ee0d38f4ad7e90ea8db0b682a1f59d4cc6831d5db1ceda,Ransomware,1
106769,XSS,e359d46f11f78eef4e741ff988af22ac9bfe4fec4eb19ef7194771b9ba6e066a,2f35091b8a1b68c411c2360e76063e3e77e8d9e0f9b24f60836e7b085b42230e,XSS,1
106774,DDoS_HTTP,0b362d0aed80cf180e1a74e32a1c18c39770724c4599ecea7a698561f999efb2,6c3dc8382d37e4538ff3b8871f7929fdd10690d3891cb335dcee0ceaabc67394,Password,0
106912,Uploading,835866e1a6f8eacd9306cfe5859bbfd69de75eb0eba284cc32bd2cd75ab8c83a,5041f2c56b6b07051ddce6cdbe9f6ed360d810363e8e0198434cf63ee4eb730c,Uploading,1
106931,Fingerprinting,e5e3a1f40dfbabe34528654376f96fcef4f11da704da28db9c430d5cfa0aa889,0c9b8ee6d7462f93ca1089c93bac8ac8e610de7b1e2e6ea1cc85817e83a18a12,Fingerprinting,1
106933,Vulnerability_scanner,dee99e73079a7316dcee278fca4a4dad58384db17f1217df1e5b3e0a7adc5f2b,4b4b28947a9f695337a77eab3ff20fe497ea94d71169e62acf7fc18f2f11d807,Vulnerability_scanner,1
107085,DDoS_TCP,a1f3dfbfd943128fa7cd93b51a13dde27682585c5ae4df00a6c1b024b8aab167,762f5a845222f5984b95d71bdb5afc45fad96e52f34ea558ff9fa460fc417edd,DDoS_TCP,1
107152,DDoS_ICMP,0dac1ab2a94c436b47b91064b8911dd30f50b1d5f7090b269c21dcc447644dbb,2e3c8db7e1189ef62381c0c989f1e83b7304a5bbc383db82bbc8d469b60b42d2,DDoS_ICMP,1
107164,Vulnerability_scanner,10ac5b2af4aa165ae6e2b0105cd7aa5ca2889181ca80faf96b86db75d43d0e42,701068b27c36cc7cf3393ccebbe76833ff42da484ef401f75f609244b2b7949c,Vulnerability_scanner,1
107177,Fingerprinting,a635c2b38cc4cad6579f1add2805792e1aede13239a161bd54d9f444b427af62,5574f823d0b4bbb6641fa7d2c4d2d83206f7896a013095884b608c1d2e5c30fa,Fingerprinting,1
107211,Ransomware,8a4a50b773bbad006f8d7b27c90588816a033204d49834b9357f6de662ce5104,238218b039283f5a45ee0d38f4ad7e90ea8db0b682a1f59d4cc6831d5db1ceda,Ransomware,1
107329,Fingerprinting,592dfaa47f56c9cc549b96ca438a04e71af7f8d5e2c31d77e70792acd618e088,0c9b8ee6d7462f93ca1089c93bac8ac8e610de7b1e2e6ea1cc85817e83a18a12,Fingerprinting,1
107505,Normal,3cc9d8c838070fae26e3b9ef19ed9ea40ab7be83c8aeb37f366c23bd5886684e,49d85f65e4d14e0a913d6418e1fb7c236c53b6909ee0d67071d20fa48a6d9b87,Normal,1
107512,Normal,dfe8c1efe58a679d09e255080fe6d6b9080dd8df1ad1e7cdd2bb8873e39cec08,35711f3ff19e716e311cb436e4bad5d2808489ae5c34c1052dbb53a059ef8eb8,Normal,1
107558,Port_Scanning,de7bb304ddc0fea2d92d999e9a8400822f6f350bc3d1e7f90a33c68a352ced1a,6112ade9b139b1f1333b7090f65f969022b066a03add7e6a1a836b87f9211fe3,Port_Scanning,1
107680,MITM,79e32d8c08c1b08ded6299c05b417a1186e9c41f048394fe610014dcfc9a8008,fdd718561723c2b10fb788ac3258670a5086d4edbe99071b96364d73d50a9867,MITM,1
107781,DDoS_UDP,6428dd2e90e58496748bbdb04c307ab4e739613231d46c33460b9266f58edb47,ef29176fea329583d088bd780884a9165ecacff6f5d5257aca30a0d1c5ea773c,DDoS_UDP,1
107808,Port_Scanning,4b4a9564b61f9cb83d982c0ca977c508945748fa56f6e6b76a8d39b2f19ca059,81d6fe4c6ae736e3cc3785e3e7f2f3bf8f6a2df77ac05947eb0ff8fd9dd53c8b,Port_Scanning,1
107909,Password,583c395befb1ab98fc0e04ebfaa878da1acf123aebdbe9adea9f0132d97aa279,6bd1e4194dc30fb1eb68c359878db688383336d91e3e0005a3b623aaddae88f1,DDoS_HTTP,0
108043,Vulnerability_scanner,814f2c41d96f8b389dcd86debfb4a99179485bcdfb8878648810a9fc2eea8b0e,0da32247bb3ab19b806737677b9d364dbeb74f08ca52f72fdd5f6a3eba054871,Vulnerability_scanner,1
108315,SQL_injection,de39bda3483235f29e2aac209cf9aea8726e54709978568be987cbb287caf46b,4ddd0d2e782ef51ac3e4e4ffce8d1bb3ac771b6e159b45468ed0a5731a3e85fb,SQL_injection,1
108398,Password,f0857ddfc0021416a334b3fcb87de39cb697cfd5fcb8e67e63c5a5fb8342ac24,cfa516f987890c5620bdda26a257395a2c85b44c882cef752b5a3a2355023341,Password,1
108451,Fingerprinting,b500bf49df163417f945da41c6c30fa454cc175920baa556ace80bcde34902bf,db5a4a14bb1a41e3c6589f81be0ce01b9581d7aa558baadb59a86949230486c8,Port_Scanning,0
108609,SQL_injection,2952a36d08abb8782bbe9b1dd624894f94b75d1457af7fe4d4e0b30887e4b1b3,1ed52715cfd93c55d056e6e5c7e160e64c19753bafa2904c7bedd658234c8222,SQL_injection,1
108642,Vulnerability_scanner,a6bce98c78ad513e16534a917553a9857dda315b71d6289b2021758b6ea2f710,216b24a6b86bcc1d57b65cf6616662a2532edfa4b8b757c3a7c2b20f13443e95,Vulnerability_scanner,1
108783,DDoS_TCP,003bb517da51389f4b65bb04876ebc11974ac1cf7e9e3143eac9755b94f9e394,0810910cfe2deeb7803db58e6ea33b8395f33f059aec42e402c75a28fe36d7dc,DDoS_TCP,1
108824,XSS,106d8832c3f8e069042a2e2ddd8ed037f1475579311a7bb93463e529cc8908a5,b2c4fc7615761eb443174f2feebbf6b8b8e4459d7162dd710a3a820918fd28be,XSS,1
108836,DDoS_TCP,8faf9f1461217a1ce4ec271a24588e55419ade6adba16ee0ae1329b278200796,6723a4464f8628f75b26ed08c34f7470e7ced0cc0f12b970aa58da579707af04,DDoS_TCP,1
108846,Vulnerability_scanner,0bc8581428af7c91e47c93dfa176b06df8cf83ee8b11cf2540432fa5644bf056,57ba81912f784af695efc02249b0a4be4e0d237af56d43f648b13cfd9ae45d78,Vulnerability_scanner,1
109002,Backdoor,d37fcf2b44cbe0a0561f2b6f080b49e669cb394ddce478f407f0f496d6e16a51,1cff1a1148d0e4ab078982bc06106b1a4149d1ab42c1341078d0dd3d7b403cdd,Backdoor,1
109015,Uploading,9adb8f363807a56dbbfaff8e4e0343a1419b406cc855c2cdc0069b1ffbfa2e95,20ef544aa585839451f31d5d39a01ed1484647e73b7327df6c274a02c9399561,Uploading,1
109121,Vulnerability_scanner,a8c5b35ea920f0d34da759721a8dfb9804f010d4a68f3e79dc7ddaec0dc590c1,82c2d06174dae2ce0aa5d5d1c55832b9f73195094dad04f8c196d4f1fb93f04f,Vulnerability_scanner,1
109185,DDoS_TCP,8645940b1e88b59697f468abd8eb103e36a4d9072a01b57dc0c2719361861fd0,0c56ad6f81349466572389112d980a59390b71c212fb72646254d45496a5c14f,DDoS_TCP,1
109270,Port_Scanning,4f746d9e95127112ad9e7e6f3c3474eeaab3da7fa6f497442347becfec0c6848,feb695500bb6dd89fbe1891196fd4ed5ae6a95eac954efc6c81717fb4e6a7d83,Port_Scanning,1
109388,MITM,dec68e0c094f4d9b0ac15176ddd6b12db6f3a6be57d9183f0c257ee2fbdf82eb,ca165f2533a542704b25dc40a193de9411689a6094036733efb0607124279950,MITM,1
109481,Backdoor,306a3c27122bb6410f94ab65075bb12a69b67e32ff83c3b693f35b8871cad429,fa6df089bd19511426edc1bae8aa476babc04f3bf650f9efe875f1dea44bd299,Backdoor,1
109495,DDoS_UDP,b035b7446434227ef118ddde857d682e146e2314e78ef2e2c7e6de3d42736b8f,4079af215f202b0866e7f8294bb47685bfe28684339cb68c093dff793e907561,DDoS_ICMP,0
109551,SQL_injection,bfab7d7afb93c93d81bc01d5abd004641e6817d69675ff6c2066950274ffcd0b,46af69877ad8a3ee923c29538dc7b1314d13626b841a97907c57ac227c84452a,SQL_injection,1
109638,Password,18f2bfda364da4415f4a890eefcd3cf8ae847b5609d631c84e5288d53368300e,8a6a13838fbc33f529343ca3aacf7a87c22cd22ff3972b96b5eae3a579406a4d,XSS,0
109649,Normal,1d76ef857be80422f353354720780477399d6cb3f246dec0f8dcbccc8ade32a4,07814006ef5cd35fff96a623a9e809e8228b56be293aec857a40ec1792ea6a45,Normal,1
109853,Normal,4b8624aba5bf9417fc71fbbb3c679c163c41716f38f344ad24e5aa083f2cb39f,37a30b41f796bd9d0ffe4010897ab2735f40514ca9fdbc59a16eea6fe3acf8e6,Normal,1
109881,Uploading,8765dfcf1d05ca17a00d6703dda8987d8adecef65cf09208d46930bc047c9c88,b80ba1a482d2e9a1c04d64cb1f0e29549d26c37f2d1ce06c2d5f34d099f0ec7d,XSS,0
110014,Password,414937f320ea95ec2c4b768636af6531fdd7af4d5d0870f9449ff273538138fb,ba1a8591526539833a6f6cd5d0dc617cb3af5c013dd3a5e95c6050e914ffdfa1,Password,1
110074,Backdoor,6b85477f7ad302dbdfb8531b24052af59d5c488876f3ce4b307a1a80ad8652e7,5cab2a32080ab63bcf2a3b4895a163f780b536f76ed6fc185ffa1c174f53e62a,Backdoor,1
110161,Normal,63d6188ece42331e4eefa84aea6c9d703cac9f377d6db3fd2f1ae4b0605ca437,fe6f6d084ad6abf1b64b3fbc0eb88dea176ef0fb837d1a831d7da3a48e0f2eae,Normal,1
110322,Password,a1e3488dbf9c2f426a25b8b2fbb412da5a486e63ca8405d1ce1e24c7e52f03de,ac4d04321c552b743611dcd3c269112fb6c81884caad370cde4d152539d156a8,Password,1
110342,Normal,bae7a78addae744fa868bd20b60b209e555544d670fe3462f3e69b05758abafa,2453481e2d536243a045e52983b63586e83dc50df5bc358abc0a92b8abf11daa,Normal,1
110365,Port_Scanning,55d85ba2175635224cd48495556560fb213e499c30410578b06ac1f85cff5b60,62de7ba72b9db1de46aa0aa1299569e06adcd22f4f4b3fcd55fbe49699e15f15,Port_Scanning,1
110450,Vulnerability_scanner,097b4599a2a87be21632bb25b365d54fa8277b9d493bd02f24a0a93bc8844892,f44febac2cfc95be11dbd004f9ff025db9264b26d8862a1605c94dee47438c0c,Vulnerability_scanner,1
110473,Uploading,58de42752840463b26f27ea7aa0cdada6883404127c38b53f893f51c248a1651,159792173dd3a7f8c310cde3edd68bc989c34b11c2d8b53cd463499d3960299b,Uploading,1
110528,DDoS_HTTP,99e3670eb4b368904e6fd707e929615022b94fb5a0597dcad4dcbdd20d8c43e8,6d3e7ad4058ab2e900c29675b03cb46c70bc31af6165dee60f9e70d29b7c4c33,DDoS_HTTP,1
110534,MITM,695ff1fd62a98570c0c9475d6963fe72eca045048db60be1e605f08bc991e504,89cc3112f38bc350efe19d00e845c613de608b2596c6d481137593aef6feea38,MITM,1
110617,MITM,2c16fbcdf9ae764396db726e85d88d51220c895d6cd2d13557118654b1435d79,f16f93b86149b5877d6393eab597213a591e2c77ae1c20e329fcee0d15aabffc,MITM,1
110731,SQL_injection,ce9e58ca59da841a23044b6d476f2d173313b80302cd262942f41c1f563c8fee,f4c649d3097acb7931df9ac7faac63a732f669ca31db6047c3f11b95a9983b7b,SQL_injection,1
110807,XSS,31c1972ac69219c998dbf8298ffeb861d6aa34b370294d3a63986344a6867ed1,3e59790e2212d794d1b8e83cf048f57b381f7608819915948be4880e73e8dc05,XSS,1
110809,MITM,87a6a711a4b7f2a8a9a4e0b4d6fa9c5113f04f7ab5e2ab3d9bd15f5ced9c24a2,89cc3112f38bc350efe19d00e845c613de608b2596c6d481137593aef6feea38,MITM,1
110855,Port_Scanning,5a45f3539d9baa7cf62bcd1aa40869fa21e858b79a8ac22e42b8f6283778dace,eb8a52630e0c012027ea0f896ac4d84886b92d52e235f3cb8f68ad9de81a1be0,Port_Scanning,1
110870,Fingerprinting,d84347ab3c9c60a9c5a9543131934f81632a8c449cfa0739f0ea9a2430063702,0c9b8ee6d7462f93ca1089c93bac8ac8e610de7b1e2e6ea1cc85817e83a18a12,Fingerprinting,1
110951,XSS,8a443ab0dedf2d0e184de3d9a081b7ca386267d0d8d4c8ce50cbd3138501d0fd,2897d951fb9aa03cd53c339ba90d9d5f0f65599e36e6cc8e0f84c3ec431a757a,XSS,1
111080,Backdoor,1846a31f894d20a7a4a6fa6fab735566bc4cfbd92f244ded0662eac9c3a0629e,1cff1a1148d0e4ab078982bc06106b1a4149d1ab42c1341078d0dd3d7b403cdd,Backdoor,1
111269,DDoS_ICMP,332cd5542872c684fc7c5109978c504a450bc3872ac2771efaf8f6309b6276d5,078520941fe345daf5d5d9f1c32791b666e39b9bd7c2c38f24e8af110cdd7a51,DDoS_ICMP,1
111316,SQL_injection,3f7a9e8b9753917ac7124ae8579e9e97a748aa6491532c18224ddae24de35d06,aa4197acb1aec22d5475cd44356606292c3b8b8985a834f46a0316f1a4582c5c,SQL_injection,1
111353,Normal,5701720d3133eb2c99d28cf1e46b705c53751db045a5ce22401fb35b9ebd5621,8fd57bdc795153b22afc1580d07bed7be3ada3275ffcde0d9bc04ccaeb4bf5c7,Normal,1
111459,Port_Scanning,2de0537bd3f5ba78b2953b601a580875ccb2650255b64de271d60330414378fd,d626efe6f8a2308e253e8b507fc368b7e612123f1dfaeadf568c7d1c9c5fa1c4,Port_Scanning,1
111504,DDoS_ICMP,0f42d20a97c3014668e29c883877ae5188baa489055a4ba01d4e045462d79bf0,655a7a77e9b2a1c5d135d3b52403cacba04714905262a25c0aeda5385310edb0,DDoS_ICMP,1
111593,Normal,d0e35b42dc3dc257b3d287dcfc1d7edb00d237a15b49b8fa92bce93bc70d5482,236a6d688569927b26a4db8087286d7ee26ed1e8e311d3ff9d5d907aaa0be542,Normal,1
111633,Ransomware,0a6552650e1ad5e74143a39e2d412de0c028376940b78f83e80eaae5b7e9d939,15d67b93aeb11dbc8f6289f3d603abf0f5e49547624ebc1efc11203638afe585,Ransomware,1
111662,SQL_injection,1b6fafaec2231b827a2426c864f92cb25ecd09812905f0c8e5f3194ad46f73a4,f1ffc5742baf2f7ba33bb5f190310c7bf2956df5ff4d8c16287ae613bd42d377,SQL_injection,1
111692,Password,f3141358af7043e825da374db78452ba855e83750b17c3158500699d39f420fd,1627bc2cbfed8dcdac5217ebf73c90d5b992c664e7695c0db5520206f9f692eb,Password,1
111708,Backdoor,4db92b7f4d505f36b85cbad2816eaa92bfe0da8803cdce963726b61931f2c189,799635b400ddd6d31ea9d96d23a8445df6032e2bb8ead17f5cc2a379144523e2,Backdoor,1
111757,Uploading,77a10e47d9528ad27aa944f27f481ae751534db895038d87cc63cfcfbedac448,669f6b1b11ec96cbc140cd49ab7e497d04379b96ea32940abc5a782a90e86558,XSS,0
111838,Backdoor,bcc359ad3869c688bce85488379f374e836768cdb61d02ad6632b0d46f55baa8,e8f0bb058137c5a25af3cd5263c6bf16011afb4cca61e79064f75247ab567137,Ransomware,0
111857,Port_Scanning,732674ad992dbfb731f41312c1cf7ec7903f4fa5119df4c7ac161ec941d6737e,294784bfaed379d44d55c0de8a807b7191ec412950288fb273044b0d20d54967,Port_Scanning,1
111908,Normal,45ffb833e382f92371911be327427d239e213f0fafdd5e683731d5722e2ac1b4,fb46c960175006c9ad4a7796d46039d42503fa7622c35d309ed00f473845f266,Normal,1
111922,DDoS_HTTP,c05b5b06e78f53b7033115008fd961399c6c8ed8d8a4fb30e95f666d364ba92f,a770afbb970bf15968f1017ba0cdb602b47ae1e7d5ce40d2b544ddb5a30fe7fc,DDoS_HTTP,1
112428,Backdoor,ee39686cae634d71594c96eff75fa6a3bb614f098bfe3774fdcc3ea5ec9e142c,1cff1a1148d0e4ab078982bc06106b1a4149d1ab42c1341078d0dd3d7b403cdd,Backdoor,1
112620,Ransomware,3f33aea7ae740aa2f2a6a0da9f3f8b07b59041de08af18af13cad2a587edba9f,238218b039283f5a45ee0d38f4ad7e90ea8db0b682a1f59d4cc6831d5db1ceda,Ransomware,1
112630,DDoS_TCP,7b3e359471028daa7c3abf0dfbf42138e4701950cc9da2621c42e4f3dd09a3fc,c5ce591c2f43f162adf998620b20110761c78b418e7590c81ca51d8807a1396c,DDoS_TCP,1
112772,DDoS_HTTP,87c77348329a294dce753c5f599308264e533aaf150bf88df631bf9dda02b036,d96863a59190800b44c459c269eff30b12fc31b8027b88eb06c25f75b6a765ff,DDoS_HTTP,1
112946,Backdoor,d2e58fbb6e92d713a690d5b1062a034d285b7192401dc9d439dfdfb6e6c8d603,1cff1a1148d0e4ab078982bc06106b1a4149d1ab42c1341078d0dd3d7b403cdd,Backdoor,1
112985,MITM,4e579d59581d07ef45094bc09f641b08c008c4ddef7ad78b643df4851626e15f,89cc3112f38bc350efe19d00e845c613de608b2596c6d481137593aef6feea38,MITM,1
113041,DDoS_HTTP,ab5f7153bd0e5cbb2bf6099ed4dc55d952c18bf89f5c7644230af690cd76ef1f,2a3b40e4f3d2861ba538ad278e305089f9976482befe4871b469ab5fd583bbeb,DDoS_HTTP,1
113051,Password,bcaf1356163f51877dd2998d87c4b1db2ce60806effc994947ad85325964ddb2,19fc4216cbff08b20ff311777dd26430e97f29da4a9423d67c785ed54eba15f6,DDoS_HTTP,0
113247,DDoS_HTTP,423eb9e53fdf11a9fcc598c85cd559a6f5f3b75592e5f7684984560dcb0854b6,5f5b2d2e8ea7bc08e85cb79604bf3b5fa7fcbcff3baccac2e6c9c0276d524412,Uploading,0
113367,Vulnerability_scanner,526ac7bca069b018acbf76da40d8a5c34418a42b252e08f056a12ad0dbe49703,06a1a1b1bcb01140d751ce14e97a453a2b64368f1305cfb205115cbe48171321,Vulnerability_scanner,1
113533,DDoS_UDP,074ad73a3c7646ed7f73885bf12a422cc3d3b0ae5a1da2f88ac20433f2c79b0d,b8c8a8dec658077b6acd7021818188f015ed7b05d71a7c91805f97e04e641f03,DDoS_UDP,1
113586,Uploading,e0c844007600320cf15b21c1cf83ed1a387f3443fb1342089f3786cbf050c57c,a3919e18631465127ff07fd65f10beadc3142f77dfc4ab5a9ba44e6e2dd65325,XSS,0
113805,Vulnerability_scanner,f3f00cdf2df504268ac29ec83a6758c3a2d29b67fc83a7c948b9a3e7f700f121,707acc31ba5c58211df1649b56af08cb7a6cb5f1f2a44cb43d66e0d7cbc253a8,Vulnerability_scanner,1
113879,Port_Scanning,cdb3138dd90025b29c3fde1196024e7ac73009fa47eb6d35ff186ca3e0cebcee,e8f0bb058137c5a25af3cd5263c6bf16011afb4cca61e79064f75247ab567137,Ransomware,0
113969,Fingerprinting,d7f520be48f47388873157f57e6a884ffd20c7543576dc058d2591d55e09b388,e738910669de10b61f26c56780ef14cd8bf3016b154773cd5813bac6b8b7ab6e,Fingerprinting,1
114090,DDoS_TCP,0b756920419b4723b61c5068063b7f13cdee0407d24f9874816b4841befc4049,3448f7c9e560924603ad72b06fe0bf745003003a618de40d9af81394543baa89,DDoS_TCP,1
114131,Uploading,826ad68c61f668e4a44c7c1f2ce0171f9e65e1ea08e1fd4333c5e0e71f7fb6ef,32edf29701c3050ab550320e5dd50406620fd62659e0ba71c80745492764b15f,Uploading,1
114144,SQL_injection,f8e9b7277633c2ee5de6cff57f9c9ff83d511f883d9222106039b124d95d430e,b518612e597956fbe71895e74c952960e3020da463aef8a06950eec18344b6ca,SQL_injection,1
114175,DDoS_HTTP,cbee9f8efe2b591f0898f291e6a44dfd47447443906d6cdde5e628ddcca2d9c1,7b5bd51d26ac542d91d6ba640337a4c175197d6634b682940c544c3e11f1719d,DDoS_HTTP,1
114219,DDoS_HTTP,54148f3b33a884a429939303e5e1779d63446bf47b623df4f6e62e84ba13290a,2eb9c2773082d3e53d2b0c6c0b36c94084102389e9ead0ef5ac509c73058df0c,DDoS_HTTP,1
114478,Port_Scanning,505ed7cb560152359b13517c737f7fffbd5168cf41c4a519cb775ef020fd72e6,3799081e7a2b17d5aaccfb7dc0ff935e874d15ee7db621d761eb384cf0579d1d,Port_Scanning,1
114609,MITM,bae42f1c3f3e5950c0743d0d59f28114d7ed491ee31a25135a6d1499d6732e14,30a4cdbdeb117e033080216cfb416bfe482ec31c27d733981afeee213a506e0c,MITM,1
114768,DDoS_ICMP,1bdf4b89628e29472e58cf968439e74ee3f35c51e316cc67f3b59a745c205721,7f686a40f5dceaefd0253d2e7375b728a0a4d024c0f7dfb25cd9d0aa06c1f8b3,DDoS_ICMP,1
114875,SQL_injection,347c251f1cf2eb31c8abd25daa16152be99722a7474d7d5f66182ee28c8c4329,f57b2d025520f6f6640457177f74a33843b79eaa4b5833ef8483af337fa8d0cf,SQL_injection,1
115028,Port_Scanning,c7bb7ed03640688565654b59705fb8944e6ca1a8985c2b53e6552527c905fea4,b3a0a1e60b034ae947830cc7154b48d148b6b2006d16d3fd5fc8c6553b58d104,Port_Scanning,1
115137,MITM,bae42f1c3f3e5950c0743d0d59f28114d7ed491ee31a25135a6d1499d6732e14,30a4cdbdeb117e033080216cfb416bfe482ec31c27d733981afeee213a506e0c,MITM,1
115179,Backdoor,a76b48a91f1da3993828808e279a872572e3525629be99ce9e3b14e1c7ba7eaf,799635b400ddd6d31ea9d96d23a8445df6032e2bb8ead17f5cc2a379144523e2,Backdoor,1
115300,Password,8cd212201f9a46e0caae693c96d72bd6fc09f9ed519244035772ee6de5e930a6,16c729c2018d605ea9ed0933eedc6deb81299c2333b49b896091ce40cc9b989c,Password,1
115520,Port_Scanning,78a833e2cb2105149446bba69c8aed85d2bb24996860622ff40a16489df78426,a12524faeaf6dc5097fb4d37a856ae9f30ca7b91b9b8051c6f0db3014c3f074a,Port_Scanning,1
115646,SQL_injection,6835661d00c00db073a7fff1e01e85e156c9d8b878e15ceb39197068ef9bef6b,e378b0f7558ee7469f946ab6bcb3716e628a32a83d1acfecab07b696b2a9d14d,SQL_injection,1
116006,DDoS_ICMP,386c211b3866e42850dbbee2ef0f858a9c29aa3b6a814ff8aa74d266af50ab8a,a271f9bc612b805b46644662da6c1096df812fa265de8895c1eee47ac9544242,DDoS_ICMP,1
116044,DDoS_TCP,d2d7630f18d817882649f9118ea56b13a650795fcb28fde91e310f1783577ae6,7c58fa046f05478a12abe635935d8b54e5d2ea78aa549b2d892cc050922d0c7b,DDoS_TCP,1
116087,Password,9d489ebce6b0417a2f1ea5b2efeca7e7aa6ebf502a622c09dfa8a25a6e73d3a5,8c8bb49f41eef7717e3b06459c86a037e50a9e3c7c30c2291433724b8114f735,Password,1
116151,Ransomware,3ecb4863a26f7b344a8adad23e50c646c5a8165db184a8a68bf3c73732eb65f6,238218b039283f5a45ee0d38f4ad7e90ea8db0b682a1f59d4cc6831d5db1ceda,Ransomware,1
116152,Password,adee09fc2536495b33980dd6fca8c549a639657d8b41d52c3115929f33b5ac33,76ed9d1d1ddbb2a9d3342a3f3a534689d1a2a88d0c249661e30d1a868ae7a1b7,Uploading,0
116166,Uploading,03f75964255e7329edd925a92d0dd6bc405eae9859f8570d413d45f7adf0ca4f,2f98a68875d7ed829d15c40da943255f8a1c2c42d2225dd13279fe3a8a76d0b7,DDoS_HTTP,0
116388,Backdoor,931e6cd0a1163d57ee4ae661b83ba5e610b877b646713772975369b65db0be34,1cff1a1148d0e4ab078982bc06106b1a4149d1ab42c1341078d0dd3d7b403cdd,Backdoor,1
116710,XSS,e5f71eaaea65940a35c11d6a0893adedff02e14edbb7c21812bb7dda78407eeb,d9575c4af721e7cc3f2aadf043513874e636cec4fa0d8bc2a9db6823a6135461,XSS,1
116736,Uploading,f4c2ca772bb3768b2dc381bcd4f83edad5170ee027ef186fe0b1b9564d41766d,0675ac70379a655d01e0ab74e9d20004ab256e42448b7416535127a1e1322820,Uploading,1
116767,Password,d4ec1f41cf11ea0ed2f2dde97de12f838a2a39ef8a3f3ace5d9aeb3d858eaf4d,2a1b868002cb30f6f23d419934a106716b4ccf7629d01ce2795e1a26e6b08d9d,Password,1
116807,XSS,a0f0a3273fa9751b35ebc05091996c75ed09451a9a08c24a1c7befd0f99576b2,efb41a9bd7eaeed392d8dc652b2529a1bbda298c9baeeb3990cb5d4bf6d6f722,XSS,1
116814,DDoS_ICMP,bb3c4d05b01b42b9cb4d05ecc547195964968600c101007b05a308656381e1fe,3be82e49bdd94bed29258b3f7c365147dbb86b6ad5129cd7e3901f8c384c2774,DDoS_ICMP,1
116831,Vulnerability_scanner,cb6dabc6fd9f64f6250401ea612ebaefadcbb74c7b5e94bf14689e710d74a6b5,bc97543964b5ea94d531543cfc967508d179551b12565836e11f937c05beaeb8,Vulnerability_scanner,1
116951,Vulnerability_scanner,1ce2896b326a2dc0f23a96550cf1d112bbd9441a3fceaf38859e5d0826bbf1d9,fd37035b4e2561f6f63f3847cdb354b8168a8e6b219223c53546e4b6aa9bf35f,Vulnerability_scanner,1
117000,MITM,f2f6549d92d09855aebda49ec7a3237f2af6fba1308401a15c588009c55ce391,89cc3112f38bc350efe19d00e845c613de608b2596c6d481137593aef6feea38,MITM,1
117006,Port_Scanning,4b1b61f85239afabdf098c0f0633cf81c9ac9d38ffd95bfd72876e13f34c825c,f64b963cc24417ab743e7bb4436f0dc1934d6aae4c969e1250a15870212f32ce,Port_Scanning,1
117274,Ransomware,f2d292df9a3c511bac2fa78bfd3e3f0f40fc0cfb4c3c0a84108e897488ea2122,8b8769b55133d61bc6ab7eb3ee94ef210ee970dc3d028235e3e664094e54a086,Ransomware,1
117368,DDoS_TCP,59ce539103340bba94cfda8b58d468950cb13e3188e3aeb8f6acf0fc9ae99452,44afb17a9751dfe9e4e5cd79e19298aca7bdbc25b2c1aac5281d0f783d029e5b,DDoS_TCP,1
117434,XSS,9c0a1bf209f2afc3e67bcfa02aeabf0c7c35019fe4b752a5cc005f3c1b4a1dab,3afce135d16e4a2f173a39d68a980cfed5619f16a4c77799581f757fb417e60a,XSS,1
117645,Password,f90426bfcb0862e6bea95f01bd0dc1cb89a3b5c0a435ba3fb9fd307315855d11,c0fe06ed53616901e90adecc3575f6c8f3630f42e4d3b02e853a23c639e37b7d,Password,1
117684,XSS,e1f59334f3c3e9b062b347119d150344d137f5b5da88ba8fd328471393959d3d,f42102f550d8c6c1a68ec6309035fcbd1a2161e35d0ecc418ab76a15a5ecffc3,XSS,1
117733,Vulnerability_scanner,7f0ad6e25632673b030ba6c3155586d00e55de416b806d24560c0e4ea90ce3c8,7d6d87a7345a93b1551db5db0458421ac01457c5fe6b3fdfe3a92c336e52302b,Vulnerability_scanner,1
117774,DDoS_ICMP,241b64a9a47be15cc3c4a6322381aa76fa514f2808b9e6ce32e6a24aba7606b5,ae452922d4a2cb8c088e3227e72c523e448366d20297da1e7fc1369be7937455,DDoS_ICMP,1
117782,DDoS_TCP,5ddbffc1c5973d0aaf6e0eb310cc7c769b7e418adc7e20b17afbeecfc4344dd4,86c18a3a4c10cd4b4f2e98a09fa77cc521e0062d8585fb4ae20191c265ef3e10,DDoS_TCP,1
117880,Backdoor,53b77de5d90b2a847b51fd6496abe14f6453af247b7c0d75d0b92f5619980148,17197f127d6e22817df3de6c97189e42b1c3f2d3a5e55e4645751fe3f97f140e,Backdoor,1
117904,DDoS_ICMP,fcf7fb33e6b15913dfd40e9c3e0e31df8ace53fdd5aa610593fe21a003acb4f2,252720a0f813badc3c383ec788f0daf37d2d90a4fbb7ed7c5293370f600aac4d,DDoS_ICMP,1
118068,Uploading,dde38f4d0ec4f8b83273514b945d02e4efcdeaef1c9a266a656e4c58827ce20d,7e2c66c00cb41fdedaacffa5e6f239bc2bc2286c03d2466bacfe19544b40193e,XSS,0
118071,Port_Scanning,9cc6e43346d1fa937ebf7a44941e44224667af882bf73b6720604c74ec33f885,048e279b95293f7b6992250f9a930919425eb0646a35e49c183d3730c006d883,Port_Scanning,1
118103,DDoS_HTTP,444e31ba0ba79cf646094f91bea3782048f5ff8cbf55023fba38c305db80579e,d3c2c55fe4ec7a25d8bf41ee7d565ffd895e6b554ff535b24d9323b7a7438de2,Password,0
118270,Vulnerability_scanner,9a3d3a649d903120d6978af640299a03ba4391a7ebfbe9ee35313478d3600fb3,ff1f0923cda7bd40cd36f15dee390b34039d2d4c7adfa58f90891481139f1057,Vulnerability_scanner,1
118386,SQL_injection,e04e1ec0038e937f3bb461a6494f0bfb86fea4cc8e134275f51096630d053761,e4393e02f9d63b93d8edf29823dd707c036c715b356d104a927c8bcf0be266f1,SQL_injection,1
118438,MITM,bae42f1c3f3e5950c0743d0d59f28114d7ed491ee31a25135a6d1499d6732e14,30a4cdbdeb117e033080216cfb416bfe482ec31c27d733981afeee213a506e0c,MITM,1
118462,MITM,2c16fbcdf9ae764396db726e85d88d51220c895d6cd2d13557118654b1435d79,f16f93b86149b5877d6393eab597213a591e2c77ae1c20e329fcee0d15aabffc,MITM,1
118505,XSS,7ad21a89ab75534175f628edb388ddf4bd2521386a98b740532279d3e3f190a7,8571c05e04c871282328f41dd67bcb7cd08cd02ac2f4ff58ebfeeaa6e3930a0f,XSS,1
118610,Password,bf729d70c4f78630fdee424f5a50f5fd4dc7dfb89ca4c33584b060a165ba8ead,5a7faf43a77abdf016b399b3411bf4471e3529a11bd47fbbe3b289e6cf466285,XSS,0
118618,Uploading,e0e71a798bc3226ef2be4a90f8af588c7307860248846d5934a67e2a1fe91e7f,836335bed140dbb389cc70f3d3e86bf2245ab66a1b8eb00e7dd70533b6d1c87d,Uploading,1
118740,Backdoor,61dcb4c3f52411520302bc47d4b1a126f6a21871c0cd5261cc39d97933ce2f7f,1cff1a1148d0e4ab078982bc06106b1a4149d1ab42c1341078d0dd3d7b403cdd,Backdoor,1
118850,Password,db4fcb486e1bc5d5467f1bd2ef5598dcdb4c3d480e696576ec2c0e32b353d564,915e6b965ad23c4cae95698973f19bd7dbf2999c971c381051aa0e26cde271b9,DDoS_HTTP,0
119010,Backdoor,eacac18466459726e15c106e8be5b69655fc516abe09aeac6c339193a19bff8e,1cff1a1148d0e4ab078982bc06106b1a4149d1ab42c1341078d0dd3d7b403cdd,Backdoor,1
119169,Port_Scanning,05a46d868d0e70d8bb4966993380240a392163692543a0d3e317b987520e7d6a,101455d87bd7f9601a31d6f0e43cb5e13c8378f0db5f0d671b0e95d7e937291b,Port_Scanning,1
119526,Backdoor,ed4396647e467423d58f7d96dc2ff795d5124a1bfc5a4915f410e841cd895567,d9460e583fc8cddee567a326d0888e4b4535839a26a1468b0a9057207ebb4fa3,Backdoor,1
119610,DDoS_HTTP,90994b7cfffe9c9f0896034e2ff82a5114bacc5a05fbd8878d5bd3800d301d3c,0fb9ee29b9bb79f330fe491ae5d0f2ef5f6e776bce41628a5559c5fe52f86bfa,DDoS_HTTP,1
119785,XSS,c0761c9f3ac1c821f5b5584d25e06acf80b8162caa04865441440e1417957af0,278e9b51c9d564532fab752c7526ee760e3a0576f7df43fdcbb1d33584b29ffa,XSS,1
119819,Backdoor,6c6be219a04049f158ee45797df5d7e4f3bc3360b5792a601d167fd6945a4ced,799635b400ddd6d31ea9d96d23a8445df6032e2bb8ead17f5cc2a379144523e2,Backdoor,1
119837,DDoS_HTTP,b11c4554e35446f5a8bd0957ed2980f929f97b4ada56fbfff1aa37c308031b22,787478d81cf877c306156d0a4674b67fbea30bbe62fb6477dbd402d30517f2d4,DDoS_HTTP,1
119969,Ransomware,12d7378fcd0e101390a1fe54b174441b222965b11820957b9156c7c2d4a3838c,8b8769b55133d61bc6ab7eb3ee94ef210ee970dc3d028235e3e664094e54a086,Ransomware,1
120119,Normal,f0d5ddefaf2e6c3903cd63333e3588e846cf953330dd3ac3d255eccf5bd1484e,9e27894f0b5b3c2fc9f9640b7bb02e8635b5ce722ec01de82c6eb66128b9dcdb,Normal,1
120157,DDoS_HTTP,284bb2363f549acf5aca756850df5b18e8e314e8a92a8045f433863217cf9803,7f06008cd24b55d53ca7ac798f2791ac660ac13d8ca01bc33f7d855e7756acfa,DDoS_HTTP,1
120213,Password,154d7ac09036af95f7f29c5367b00d819f271f1e937c2288ba1e5ed9eee76294,7335bfa18cce89dd6f162e019783224441ff1f4858192764f25adf4e5d376b99,Password,1
120231,Ransomware,166780344e2dfb5e9e98c1a377b8af55c5c4b98f1f9f89b2d7db8cf522cb88fb,15d67b93aeb11dbc8f6289f3d603abf0f5e49547624ebc1efc11203638afe585,Ransomware,1
120232,DDoS_ICMP,4d901d49bc0721d290690a1df6eb5302b812a37ba55f60abfa3943e407c577eb,aba3b9380df9449f7004acdd98958d65f790fa1c84b24dea63928f882d795b2f,DDoS_ICMP,1
120270,Ransomware,12c91cd4d5e4d7212d80fcb43e8d8911068eddf710fa0f6b8781d0f849f4495c,15d67b93aeb11dbc8f6289f3d603abf0f5e49547624ebc1efc11203638afe585,Ransomware,1
120445,Uploading,483fd60571e0c1cf7713c01f75ba3792da56e5c74d1598ae96c62a47b1e04545,72a0172d58fe0a5244a7e63ec0a3ac92cd189dd42b8bdd06ec60f6d10baf9e47,XSS,0
120531,Port_Scanning,857eefaad3c6084c5f32f67f81f8c788e8ffdf94b8e15034973c98a616e541cb,3063dcbfe49fbae2beb03e07624337443d720bdb60c69f0aeb217d95a25b6753,Port_Scanning,1
120579,Port_Scanning,836fea3e7b19fd2e7c0831fe14719e6cc25ea708eb23ae28213f6d2a2a834e9c,e6f3180f1570af3aa904d96189757a7c7d3d608a4d628365afd09e06199ecde8,Port_Scanning,1
120704,SQL_injection,ec03c421b36a62ca648d2b4a4e1c664f1b48d6e1bb7cc896ebfaa4a2f6705a9f,398b954b6aaed4578abbcadab72477660cf58565ab0fa665e50898988c956c6c,SQL_injection,1
120745,Port_Scanning,0cb5f78cf3b4c7a83290b2cac4ddd6dcb71285983c24844ef1010a35cd0e82d0,c3c8581286a326896e3db5bed7b200dc8ece6dd7353a75ebb39ead1696ab79b5,Port_Scanning,1
120752,Password,5fe79ce710ebeb75ae3940be853f0d0da5d9fa3e3ab203e9e537be7e2743b7d8,42de3932f1df2ad661d2921ebbf1ae082f84155b360b16e4103a8707d9e25fe2,DDoS_HTTP,0
120778,DDoS_TCP,536f59d3f0a6f0b9dcb54c9384d7bbc74a35fc75312adb6e563889f0622ab963,df3a7d835c9ac8b015978a9edd97a7d8614960d2b27b195525ba3b1dd1a166e8,DDoS_TCP,1
120896,Ransomware,9c546bdaa8193635a416fbe2fd94cb44c2d8b2b4da91478471305b50147c84fb,238218b039283f5a45ee0d38f4ad7e90ea8db0b682a1f59d4cc6831d5db1ceda,Ransomware,1
120900,Normal,882abb6bebdb45668e03b74f0bc099ff8b072b49ad1dbc97878bdc5b312bcb65,2914deb57f69ac821f8859ca85df30949b1d895d31bf79195e81a2249f00d3d7,Normal,1
120987,Port_Scanning,b4dcb12de205a5a39729821e314e725411978aa3d5ef676f02c6253942542aa0,63f651c7fd342a012f962a372e91a8e0e8993314e72f9dbd4ca4c5bb79729746,Port_Scanning,1
120988,Port_Scanning,39ca207ec137b63c031d7deffa6bb117acd39775f53aa97c5a3ff57d8bc3dc57,d7359bed2bdf7c98a1c0981422b70fcf50360145a2f24cd01679873125777c01,Port_Scanning,1
120994,XSS,d5e23e64f1ea0a92b8f9256d054e7a9b5f933885ab87c05103fd4709bc0f76ef,aae5917260d22689d2664e8f820fcfe148231ae77cb6f2ddf904dde6816675fa,XSS,1
121362,DDoS_ICMP,a77cbb3b926399d1ff798fa6861b0b5e08fba3b671c70ae7e8bc154fd4df674d,1ea148001dd81b0ac91c959c3f2153c588f0a3b7d809506c17bd67828f36d5c4,DDoS_ICMP,1
121373,DDoS_TCP,6cc64b28de13422b038633b3228242e70c83e4089bf9c6fd7d14e28d2ce1c1d3,8b2abec6ecd80b8d38e94fc02448a8ec69ec3169b05cdc3d7dafcd529b7d3108,DDoS_TCP,1
121376,Ransomware,4d5e3b169c80a9c3e8dd3d6f1b7f90e1575c6a3ca0a385a1b5e4d2851500f42c,238218b039283f5a45ee0d38f4ad7e90ea8db0b682a1f59d4cc6831d5db1ceda,Ransomware,1
121594,DDoS_HTTP,deb384439491e09454dfe8258f028003241d37cc201c0886cefbb7e6bda49720,bf06e09a79d5ec2b0f9df42a1fc5f8d5831cddf101a54224ba7f772bf7800162,DDoS_HTTP,1
121627,DDoS_TCP,20a43ff6b61396a8916543b05e665aada0fbb3e26bd7a579ba88f9610e7725ee,34e2d215a8a7b8a3f86628d41b7a00b4b47c75ee14f7fee78d8e53a4d56b1d3c,DDoS_TCP,1
121718,MITM,f168816d8082d4113c61ecc41ad9991c22e66cf58e068826a41912eb3bde0a49,203891931f4197054ee8e62b6be9c77eae2a8dbadccff382d0f018ac88a443bf,MITM,1
121959,DDoS_HTTP,3f2e6d97b3d0624071fbb57b68b50a98bbc5a625d7221128675a6e6f01966e22,6be4ee6b80ec08b658b5f44ec61285dfe196bcfa7f6348e9baa5cd6e13438585,DDoS_HTTP,1
122005,Uploading,e9a2b7977f950c308fa92a0f702dac86458747d9ad42109d8e67712d56da8c9e,1ac679aae03044b32e5638356d0cda000b2a01ba303387437fce8fb1cf69e9a2,XSS,0
122019,Ransomware,7957e83a36b4cfb84bb66f7868ecf39f049e24d97f6f1a24f18ae84adac171c1,8d0bcb2004f4e16217f62d305debe4a3142edc254133d5b99d18db1422ff21aa,Ransomware,1
122058,DDoS_HTTP,8eb216026cad90dc3d6f7f52433ae7f000c49c1f13a2d7b1471a5f577ea644c8,54ab0d6615e88a4f11d8dc3df515f099cbdd489cbce3f518e13645624f4a6a64,DDoS_HTTP,1
122114,SQL_injection,19f8d2f250b3c746f44508afa8e851db9fe9d72651156e6295d08c55e326c4fe,7d94f4b648eee157fa0134aac28a08b1e1d9baa23c740be25f6e9ee821f7259e,SQL_injection,1
122539,Port_Scanning,9c73be97cf31b9b091ea7e5d41f7c68b02a96c7517f452caabd234f0bc2eec5e,db5a4a14bb1a41e3c6589f81be0ce01b9581d7aa558baadb59a86949230486c8,Port_Scanning,1
122689,SQL_injection,01a29fca4bc74128aa1a416429b4748e23dffa267f719744679e9ccc6d214876,8e952b153cd25101c3e8215ad51b8254302d60fe240242d46586d7a8a3bbd3d6,SQL_injection,1
122755,Backdoor,ca04ceca42412246334b4d0fada7ffd7ed46e6ba7c8a4e75adaf9355828ebe04,799635b400ddd6d31ea9d96d23a8445df6032e2bb8ead17f5cc2a379144523e2,Backdoor,1
122802,Fingerprinting,864b53b48dd0557ce11d1eb01f297766a3878fca3009a77510d265f3578c762f,e361ae3bbbd3c4ff174de1d64c1dbfde83e84408d4ac8f377e1306311c7a25ed,Fingerprinting,1
122949,DDoS_UDP,5757b9e839d55ce5c615e0a96748be90715139a4867be053e572ae4d692d6967,d46b72793909cd006b53f6d0b2109149f80fa9d392849e61a35cd7a7e1383c63,DDoS_UDP,1
122989,Password,0d4169635dffead18a80a6e116560ec3fc3d5dce5de04b494a5c9c5c0c4829fa,537e299467471bb11eafc42e9042503efd3666e9d98bb810e896299a285504b1,Password,1
122998,Port_Scanning,6c6684d64579720a2a512f982f0fd6a5e76ff561a53d8a8c365ca0b42f3e4272,e93945573b64f2b49e0ce0edc7298d8ae4df19bec757544a5fd25ccae2ee1c48,Port_Scanning,1
123040,Password,cbac82c5aa9d562603f221c7230dfc1988e369defbea2f3a73e777bf421bcd8f,1429a730f179b7e2a3f327a023abb09afb74aea8fd7bdab4a689ea166552cf0f,Password,1
123063,DDoS_UDP,1b1cd003dc0907d1a6254f037f099b4c585b695bd99cb5b00d7a3b5d13210f49,7f937d16a3fdfebf0170994170c54c42fb392652bdc08fe1dc9a179efccebaff,DDoS_UDP,1
123164,DDoS_TCP,23fc797211f5b123b1ba2237560551d1b32cb237e3746d619c76044bf4fc6ec5,5629c2c4192d1428898180741bf8649731ec8eebc588f63d2be0b9da61da00d0,DDoS_TCP,1
123392,SQL_injection,bc568d4194d3f93124b4e8fcbe6242004ae20a9f3c75304505d478c110e7f911,2763a1576f4e31e3eeaa8da7cbe3f039aed7bb2825ebe8c9182d82e7d260f48d,SQL_injection,1
123693,Ransomware,07983475123087c847cda2772d892e54a143e20b88f83cf204ed60259d3e771b,238218b039283f5a45ee0d38f4ad7e90ea8db0b682a1f59d4cc6831d5db1ceda,Ransomware,1
123717,DDoS_HTTP,7ce0b59725ee9e37082b63b4ba0207cf1d83102b6868d1c3bbd6f9e4c0f3f801,8036ca9ae6b44b1c37225b7ae51fd3a26c5afa0aa78211ebbb322afbf1bec2ed,DDoS_HTTP,1
123762,Fingerprinting,f93344234d9ed2759ca55e668c2b6c644e8a0cd6c6f1d8a94d02ccd3271ba7bc,101455d87bd7f9601a31d6f0e43cb5e13c8378f0db5f0d671b0e95d7e937291b,Port_Scanning,0
123992,SQL_injection,d3703ca03ce11de74fbd8ac074d04fdaf10fe98d736edebded42cb909dc30250,8b64e0d6e2b1bccbdc468898003933cc827dd8c49953dda4b15c82ceffe88df6,SQL_injection,1
124079,SQL_injection,f8db70bc6e34050df91913fa5ff536e2f8508515380b946757ec461505a2667b,123b6a2aff88ed4e9f37ece2f720fce06b5f4f38f8a499115fc7b83d8ba6f331,SQL_injection,1
124088,DDoS_TCP,ee3e881ed644b104cd3009a4f769d5a7965f84e90c44da79d6d3ea6bb105d614,aac9f80f90b17a9ccb671500c320337cb55f783da70ee04adccb0cb0dc998fd3,DDoS_TCP,1
124404,Normal,92854c9c83b2e6ee3d47521ec80b75b329ed34973dafb86495aab30b3f198165,1e4f91b1283e91fa64d921dd502376cf017df0ddd602bee3492e82a8e9758c6e,Normal,1
124535,DDoS_TCP,8d49fe20e6a9e66c9cedec14c7cd842777b15ee6a0626428bf4bd6cf9ef90b66,71ed7b647abf68946477f1d6ac5f14e1942b70a0e32a65a20d3308ce9a0102bf,DDoS_TCP,1
124566,Password,5ecb7d6b3d4209e87c725bf208fbd718ac7026b493ba0cab99bc7acaf187076f,7514819f17d831ecfcdacac9a5f3a75963fb94777a306e75a576e853e175394c,Password,1
124585,DDoS_HTTP,8caf5fbdd36d78ea3497f0115e3f56fa13189ca78d169c43ea01863893204b29,52451a61ff3160986e876ead73958e27736f098c2817bab5808b5fc555f332ab,DDoS_HTTP,1
124598,DDoS_HTTP,68ce207205204d2385210b4467fc254eeecbcd964d9227d735c752cd9d4a995e,b871fd838e38305987ea72d804041ae8b19ec990e1afd5296ae0530076d9fcac,DDoS_HTTP,1
124629,DDoS_UDP,d9ba362cc117b4448c7c1643c032bba585701e5797e54209118b8010d020575d,a93fb7051ef5fe3a8282c6ed890b53bc100ac57f515c650dba6dfbe045afff14,DDoS_UDP,1
124709,DDoS_HTTP,a0d92c2b42a5fa269cf9bd9f50881d7327767ebf7559834f51f9951aff1d552e,465e302dce35d2796dc3d9338332f803aad2b8aaebb9ac1080aa04f0d2f4812e,Password,0
124800,DDoS_UDP,500b9957160ed1ee97d803192971ebbc86bde12a202c637756db0b49a739cc21,78e3f9fddc446b15d256a74fd528fc1b17fbb475221ac9f62ba776cf9324bf03,DDoS_UDP,1
124944,Vulnerability_scanner,1b8eb46e4ce36767be8236c4b13eb190c748a5ffd79d3402eb6d757208312213,fd93c93d372e82167dbcd08c191df7b0706a8cffda9dbc21ad2fe9c930db1bab,Vulnerability_scanner,1
125000,Vulnerability_scanner,cfb415a1138c4d3345d87af2e944f25209c28daf037d51f10347d7af0b0adf31,ee52061aad3bdceaaf70458292955e09fb980744fa3453476999c907c8befd73,Vulnerability_scanner,1
125046,Backdoor,0bf9e8c832027ba1cc3237849e094b80b86dd77bbf528e15536da05fa5dab56a,799635b400ddd6d31ea9d96d23a8445df6032e2bb8ead17f5cc2a379144523e2,Backdoor,1
125058,SQL_injection,64dabf3f75f80caa40f6be9633d7e1468bd775084f3d3211dca903ba58e60fe8,b5ddb4a6372e7d2e4cf748191182f55acaf9ec46ee1d83b58f992da2494d956a,SQL_injection,1
125078,Uploading,91c5d352e15a1d046012dcfce84df2348a01f3fab0c67b4e66fcd7e74494ab53,46f729cdeffabbc71b49004e6bb392dd8f5fc142b2735b0ae9615da82143b0a9,Uploading,1
125276,SQL_injection,b3ca76bc1fe780dfadc4664e35d8b0f7e3ac7f3e9546020983bc6b6aca407960,421e6167920584e678a7362f50f380f7fe1990368a4162d23d8f4ce0626dda04,SQL_injection,1
125417,Password,84aeabaa47f0a43a0afc856afe26f176a2e49ef7a01aafaccbf099d2d19a084f,880040f40231e69a630cbb6a739bee250d4143c86d8732488bed4c1c6f2c4bb1,DDoS_HTTP,0
125565,Password,b1967e9b698b1f800159588f7d572efbd6aa04f294ceebbcb4ac5fbf254c6af9,ccb0678eb223d68f65e282569d3a33feb5e734afd8d946a7264a4a18ace0371b,XSS,0
125644,Fingerprinting,582561a79d5d1d966102c93956603879e5669a9c2500771d7dad96dab0376bc7,0c9b8ee6d7462f93ca1089c93bac8ac8e610de7b1e2e6ea1cc85817e83a18a12,Fingerprinting,1
125675,SQL_injection,87487b95d32eeecfa1a507bf30bdf6263381012464419072d34c90bce96f97bb,822e1d7a9ed9b4e6093e065ae4f09a87f4fe5be2efd3e99a8adabf915bf8cc9d,SQL_injection,1
125781,DDoS_HTTP,97787e0c1ed62539e5f46b3fe37b20ee3261fc16734442ce4c3a4fb00ecfdc35,8525faf1eb0007df8e43edb0a7ba1f2112b5bac6fad76ed364c1e6b5dd8174b8,XSS,0
125930,DDoS_TCP,c84d2399473999f467ff33ff1d89d376f5b894a04bb84f3653e2884fbef4d15d,c004bc5204864f07db31c2ba6ce4b7166d3ac375e5b82010102e79ac14233933,DDoS_TCP,1
125986,Password,e0d533e6abc3ad795e411cc97de39b3939df4d58e4c8ab27cbf7c783c689f737,f9b7d8ec216ca9b9cf3fce13b85ac47ac152ebacac98a99a3cf56b027256d093,XSS,0
126033,Uploading,a894d071d6540305908530d221abe4658d5fb6e3ac28e35a93e1fbee3e5e0ddc,77f0918e3177bbd3b26746d4206117001fcb5f92fd50d0453c8e9efd37a5ae00,Uploading,1
126204,Port_Scanning,a2e11281d71343a58ac5425e56dcd4933dc61ac2016fee6dffbadd69fb6d5384,15b96b6e0d5f484038f0450e17dd2ba8eb3e6721924019880f4911f1bfbf9299,Port_Scanning,1
126414,Normal,04d283abd988fdbd2ae748a54c1b1d31d13539964fe154bad1c023c49be0d3f2,433b47cd5f911ed12497c4719b255553adcc135a3523c576a4f201a743de6f6a,Normal,1
126680,MITM,d22cdda13141a716124a7a6d66fee5b39009cecb533a43ee1b7da2fbeda32293,d1ca59a4b2348861eb2e088f5e445ef8c2c3a9548766140cec48b5647c15361a,MITM,1
126690,DDoS_ICMP,042ba4b6f726a5db56d943cf3a8d5b51ca94d12e5484841440ddaae6c5d99bfd,c08c65c9e612c30674973b48bbbe7141982c9b1af55ebc56b51a8c81b1085ccd,DDoS_ICMP,1
126718,XSS,3d63d2cc0b6172746b6a85bd47db89321e50a1d10a997bf495d331fb5517ae7d,2cf09fb46cccdeff49b9c4053fc18ffc0c17ccde5d9a47b75c2a0c18bcfebba9,XSS,1
126793,DDoS_ICMP,592c3cb6ec5006922655e52bda0256325d04fc9d61378edf85209a70395e73ac,0edde670cceade6286db9eaf0d463e6f8539c66cfad9510163897392825c7439,DDoS_ICMP,1
126797,Password,f290f90a246fafa868325e6d61ecf60c7aef206b0ed5c843280abb692ecc2d64,74d7b3425ded632e81d5d56c84a69f41c2bd8c00415b2e2923e83cb4a7919b1e,DDoS_HTTP,0
127105,Vulnerability_scanner,c28c3b824ec86c2e39d6f35371ae11097ed06504081739431c49b8a03a1d2364,d3c62be81eabc9be61e0bf5c11ccd11cd13c0452f554e17b3172358b8d93016f,Vulnerability_scanner,1
127167,DDoS_HTTP,b631b12ef6e1e0c38ff0e64009b68d3c38233804f38322a3a7901e266a88c716,47cd78ceec42946f1e92f498de7412ccf2622b77e7ff9ead541cc20ab1389e64,XSS,0
127245,DDoS_HTTP,18e1c40455bd17d54ccd11deafda00f04b2f01db56a4dbb5ad16c198cbbb2016,8c5987e7e35f2906e47f51ee5f2dba5fbbae242697d510ebae4495e45e2a5caa,DDoS_HTTP,1
127368,DDoS_UDP,39b8b58bfcfb4863c34dd0b09c5da3fe5196e17acf68c6fe9e74002e0a5f8cdc,9b97290bc8691918960461dc48afa165baf616ee17b5e58db00ba3be1b7d8cdd,DDoS_UDP,1
127452,DDoS_HTTP,eff02d8131109d8080e96a4fa24a54f9e41c2fa136982c241e8bca0c74b7730a,d14f5315ee50620ff4f9a98d7d4d8945377ec898437755dfb1b448d23309d4be,DDoS_HTTP,1
127756,Fingerprinting,7e605b54592ce75f5e3f299728a3bfb37049d3894e0ee4ca04c785502570b623,0c9b8ee6d7462f93ca1089c93bac8ac8e610de7b1e2e6ea1cc85817e83a18a12,Fingerprinting,1
127794,Port_Scanning,290f943996c5cbf0c21d2e6cd981a35595cec17f7e99e743937925b2361f5f48,2c56fb6ac58ac96d68a61cd18955f914fd6444d1315536a46c4dd50bf8172cf9,Port_Scanning,1
127918,Backdoor,4663014723752eebbaef84540d7265ac7755ccd2245729c9a61eef94a679a0df,799635b400ddd6d31ea9d96d23a8445df6032e2bb8ead17f5cc2a379144523e2,Backdoor,1
127977,DDoS_UDP,12f5b30d39eddff8cb6c24a423c0768836337929f0e4582c7d1171a229da3ab9,329e818238cf72b30d670329e2164a0945e1547702e919610b9167079b5a55c0,DDoS_ICMP,0
128049,Vulnerability_scanner,06f2601838c8b01e80af5daaf7362ec0ec45ed185f62ff35e884ea18a4e42700,dd48f88ca3e78a06dd570df17c6af81782b05f8c100875808e01b92fc437f486,Vulnerability_scanner,1
128179,DDoS_TCP,8087745176662927bfa3d2a621cee41273bbba0b2c43d2ce14d2fab0acb86485,55c450fe343e4f246f8012cfb6beeebfdad2492f391d293287f0ac1efdf1b05b,DDoS_TCP,1
128199,Normal,ac3a73711dbaa86873b09f1caee554d3c4f88f05d093911d02eeab1c871645f7,5855000ff104498c465917fe884d43d317b20cc4f700e9e78fc4da624910fa2a,Normal,1
128216,DDoS_ICMP,3c5006e91a35df7d23d5f9424a9ef30d600e9261cc37fc3247145777c91b30a5,47a372c419e885ecc756d899009299212f1779d522204fb88e9c6b2f0a2dc03f,DDoS_ICMP,1
128530,DDoS_ICMP,41370a556554760963ec3597a082acc00ddfb53663d68cc5ce71e9dcd72b08dc,93c16d3c478d713e165ab0d9cef0fe820750d110c5dbb920c7c472f10f86bdf1,DDoS_ICMP,1
128563,Password,c9273bd6fdaddd6d7e85ebd55022b679b9ef56f58969a9ce6e0501cca930bb04,ebf8ecdf0c873520c20338d7f985dcb953aa9147ec7b8c807c68df27b539d6ce,Password,1
128637,DDoS_TCP,47e3ad4224b8e07ea98fc7f7b3e7e351d98da7f742c0652c3015873682786138,344c081514220997c04fce4388b943ade488f6ef412211ba67b3b4f7d455de2c,DDoS_TCP,1
128754,Port_Scanning,c48287fd2a40583e9e5f139e4c08361e4397bb50c9bdc4232921f3f8a7d6e83c,f4a352d096620591b5185dcc9823f9b0a003c12b58314fb00872e5d304fda18b,Port_Scanning,1
128792,SQL_injection,5b91a9eac9c321a625f44e4cf1b2a8580f60842771ccae51cbaacb792ebe599b,d15961a91104766b4f66506c809fbb43a1705aedcf51bf160175640b8b28d2de,SQL_injection,1
128794,Password,40c6a1214d38574b9dd8843d16da17b87dac2ff002e28f642206df3ea862b244,e6c01a4c23d89f46b967fd056fb6457b97bf35a01b1da0f37dac7efe7a41f1ba,Password,1
128930,Backdoor,e79413fe179f41c629f3d61daef2d6e13208d1e5d3942ded17cab7b63f13d3b8,1cff1a1148d0e4ab078982bc06106b1a4149d1ab42c1341078d0dd3d7b403cdd,Backdoor,1
129009,Backdoor,6fe614b34f2fe1ab02f09329979fbda36ace4a9cc505ed2e5a85c14357801870,799635b400ddd6d31ea9d96d23a8445df6032e2bb8ead17f5cc2a379144523e2,Backdoor,1
129081,Normal,362dd8451e9524e40d5cad0597a9d1f01cf29a05da92f1f8e731c2f5e65519de,bcfa8855dd4754b298734e08d059f0f443001c68c92da71aaef1c85a2a758ec2,Normal,1
129217,DDoS_HTTP,bd53e57af5dfce68f6a35ff4a06856dab6f76cd546b662e53cb5a055ddfe1544,d9360240ed2375279c06732222205924eb9c57d416193d601de55fc0f8e920df,DDoS_HTTP,1
129297,DDoS_UDP,d47218a9f44622db92ee1a89a3e833bebdcbec01cdc3e8d0a2498879b7060a72,66e1474c9a2130718e5dff914d6e36d18a44a54319cc9778b0b97b1ea839378b,DDoS_UDP,1
129335,Password,7c4df78921e3b96f38e1a87a1d4adb20371232a7c404e39286624ac168fd90d5,0edbe4f045f40f94ad4a2693560578d6ec900aac4bd659b8ef0d14b4507408c9,Password,1
129606,Backdoor,21ecb34233fda70ff68b0d7d049f8420627cb0c996d32c107c0bc895a922699b,1cff1a1148d0e4ab078982bc06106b1a4149d1ab42c1341078d0dd3d7b403cdd,Backdoor,1
129684,Backdoor,923dacc50c702a6f654fa1331ae52e56215c75c6d3bfa737327876d8e9255555,1cff1a1148d0e4ab078982bc06106b1a4149d1ab42c1341078d0dd3d7b403cdd,Backdoor,1
129745,Ransomware,dd338626bdeab20380892275d3098704186645d4c9c9652b953ac13ea0ce3fe0,8b8769b55133d61bc6ab7eb3ee94ef210ee970dc3d028235e3e664094e54a086,Ransomware,1
129754,MITM,9b08ca85c7feda0136ff73412ef530da36368065592d147c144fba40e3c633ce,89cc3112f38bc350efe19d00e845c613de608b2596c6d481137593aef6feea38,MITM,1
129799,XSS,88928c2169b2913c0a054ee8d858307bc205868637ffb92efb95081baaa8453d,0b588d493919b5c7b34845000462997effc4387565d0f7d8f61380ddd0db1b72,XSS,1
129869,DDoS_ICMP,5e582058cd59745b622d9605c9d3c4391f7851ece42cd935cac988634709a513,cd7819d4b628bf76627f23e6a9a9253f99a5429cf337345241c4eee60818385c,DDoS_ICMP,1
129994,DDoS_UDP,83413e42dd91fdc4147ad9d98a6691049fbc897b8f26cbe9fc67b512621b76ca,e11714a2b5ce383bd24ab720eec61c1e8c263a434d257241d435cb421b8becdd,DDoS_UDP,1
130029,Normal,e042417b9bd2287158e6a18b30e220c7c94854430c3798902a2c0e12a2ba10ae,01f4d6a1b053063e4ad6e39939b0e63536259dab4480287dbdfe9ada1d1f364b,Normal,1
130228,MITM,bae42f1c3f3e5950c0743d0d59f28114d7ed491ee31a25135a6d1499d6732e14,30a4cdbdeb117e033080216cfb416bfe482ec31c27d733981afeee213a506e0c,MITM,1
130439,DDoS_ICMP,943737c7d26500221d72ebcc2149cb437321b5ef2fd7ed1db1969d886b59f094,4b9c78261aca3ef3e3f4bcd5e6bd233ced93b15df0800b05e2f933a7bfdb42c7,DDoS_ICMP,1
130478,Ransomware,e3ce0f7b9c6c0aa36eb1d00bbe1331618dcf74a72bb96a80bbdfccffb116e12c,238218b039283f5a45ee0d38f4ad7e90ea8db0b682a1f59d4cc6831d5db1ceda,Ransomware,1
130556,Vulnerability_scanner,5dd22bf201a6741987a1874adb57f617f5d025d460b88c82760220d201288c5a,677329e3b0b3b6bfef3ed66cb4ce5f4fdde2d4a73e3806cbc1231a3f5883b56e,Vulnerability_scanner,1
130577,Port_Scanning,e807d94ffd7c556ed94b68b62b7428179152720697b6400bab6e0f2340981e05,a94fc56e347227b9e4376893fb9eae7c212decc72a4357d413bb5dba6ed24b41,Port_Scanning,1
130584,SQL_injection,88c4ebd52946045649f57b323fc202c97efa2f1cc5691740666f88276e592535,928e6e5642a60d56e2d6674daeadb0ba4c74ac4babbaef49a18b2b99a7f95daa,SQL_injection,1
130609,DDoS_UDP,93f03f51ea1cb83ce6ef898ca53e85523db33e6321c6762170c61747b3b70cd7,a32c9d82a95927011bb7ae268c90dc2a7ab0e6394fc07f9eaaf465fd94d81057,DDoS_ICMP,0
130630,Ransomware,ac7fbd31eaa22c1622bb8dbf80380faf6430e12acaa95b9faad59cd52af7a2cf,238218b039283f5a45ee0d38f4ad7e90ea8db0b682a1f59d4cc6831d5db1ceda,Ransomware,1
130753,DDoS_HTTP,c303dc56159ccfbf6c3b30260b9a2317a2bcba366879f04de717b38e87f5eee6,3c0951bcd297c872bd6cd0fca747570bd452c200be86caec4706208d8a2ec351,DDoS_HTTP,1
130852,DDoS_HTTP,ea677910a101e64ea4f74a1f089cfa7e378d183fe9bec3b6865a293bd1071ec5,2dde90895e439a2597dc146ccb8ad547fc54e30a273537d51a1cccf3572d0d34,DDoS_HTTP,1
130922,Ransomware,ecc51d18cab6b817aa6661204936d2f1fe95123a718aae55bd673c3ebb286894,238218b039283f5a45ee0d38f4ad7e90ea8db0b682a1f59d4cc6831d5db1ceda,Ransomware,1
131092,DDoS_TCP,9198e4fcc94708d9534376aae13fb4a29e93b071a1b2d8f7bd691e5bd64daff9,87df118544c467441bd95c715b7c9b7a1898fc2b859fc3d6b5ba8f8bfb1926a9,DDoS_TCP,1
131200,Port_Scanning,92f492256453338355ec6b58b04f60940dfb5245fcb65a78b1b1c2ec052d2ba7,9b326ff062109fc7cb518ce087e133524d32ab946375b58876376b2d370e4973,Port_Scanning,1
131242,DDoS_HTTP,8d3efb1f5e9e42cff033c28e8eff2b4bc34569c4634cc638fe4d59ab0a869ead,04d2d4f6298953b9b820f46902528d9715ce6dbd39ba79e2fcedcbd6f938a91a,Password,0
131316,Normal,0d9cd7b18e20edd056593dadbb90c7b616370faeee5959b6a30e32509f87be20,5877dccf8108a7ae7f4867ffeedd0eba2da1a1a707e979c900741fb5eef1bb77,Normal,1
131319,DDoS_HTTP,a3670dbae43f0a51a230130d0f92d680cf9effbf4c7a6750f4c5e8dacc270be1,869bf25ca262d93d20a5766abc3a919cc74bab474d0aea679ea5788f197ef36e,DDoS_HTTP,1
131498,DDoS_TCP,fd2cd176bfb9846b1f288da60400aea13ff0caebd12e901e08961ecbc9f64a8d,86e9a0fd0bc895303cec441d808d7749e8dc710b83265fe07f426b2617c4b9b4,DDoS_TCP,1
131646,Normal,18457ea4116cff218596210a2e9d4c4bcc50a3b72a5272c5669162aa7cae479a,17116681afd0e8615b3d6bcd866cc8b0db5958baa80edde8d4a50ea8b1b55c47,Normal,1
131827,Uploading,00230cc446aab2727d1dbeb34da3c318c8c2fb262a088240ad0b5cde107824e2,28239b60d29e4512c5485351bf92a08354d847d28d554cf1399731259045b410,Uploading,1
131905,DDoS_HTTP,52b54ae489e38db709bbe0ccd469b9984801f7d28a9a1d1d8347fadf61f372a6,248a0d8149206cbb84ba3c2cd0998e2c420ccccbc5bfc29b6fdd99b9942cbebf,DDoS_HTTP,1
132014,Port_Scanning,731cb893bcc53a7202e4dbe99229563c06b2294ced29afac7c860e1c0feb7c03,0e3c56ab104b27ac3f853865ce6f050586c0df3fbaf64549fcd71fea18e2c852,Port_Scanning,1
132065,Port_Scanning,f679ad047ba0966fe2ba382285cb4c9f9ef316473dfd062a0728863a9314d7a1,bf42dfc05c35e1f8c6e46ec0c62314cec9901a891514474847aa269e32c99886,Port_Scanning,1
132230,Port_Scanning,a2843c53a4fd69ff752eeb362254277361d2dc19b358a821dc8de90d076a59c5,bb05b4cbe6acf62aa6d391c2e6b5244379b7e48d4d6ec068a82c4bb8d405f053,Port_Scanning,1
132255,DDoS_UDP,7703ff4ad296b1f811b886a83d5c43f563d293073351536e65ba5670490d8e2e,35f7def93e50f8ca7f6a88632a583d4e9237090b7bc54b298d9d67e91a81b58d,DDoS_UDP,1
132518,Port_Scanning,a518e7980beae80509d4445bc3b8e06715d55ced623a8f92d8657e202ce42458,bd4c584133d0fe93258e38437554e09ee78c05011a3b6e95040316adb0b96842,Port_Scanning,1
132637,Backdoor,c169a71d58fc3899a736f67c8242b20ee6cf13bd33bbf920302be6cc7059a3e6,208591fa13d1444b3c73e3d95aff3a88601c213e90b4bf92a6f8e8804e6c88df,Backdoor,1
132656,Vulnerability_scanner,9b603df1d7966aa13b68830915af3c37922d27ff5f1ec2cebf6af4af87d50481,63b72458b5ebe59340bd8bf8a265e52850689d4a362b0012caa704ba18852d96,Vulnerability_scanner,1
132824,Ransomware,060d8863b4234514841c4fd0e36712942a4532c5f78867236592b362603dded9,8d0bcb2004f4e16217f62d305debe4a3142edc254133d5b99d18db1422ff21aa,Ransomware,1
132949,Normal,3ff834007d8b3ce95ab3d4225e532f2c5ca3459628545399e9399e8a630763ed,a4267ca27856f36325f340676172df506ce4b890f6fdf16287bc656492ac3a4d,Normal,1
133091,Password,b31923041a62c909d3fedb06b5f0c9e4e11155b74bcd942875681e416a648e7e,63fe16f78344b96f56103b5b03fef70b82670ebd0168973aaf26f0e9d94efbdb,Password,1
133098,Backdoor,b0b69476891b9bf8a322bf998e7e006be6a43b4f4855580bb3bf8bf94a7e905f,3aa126f09674f032a1c71af920cbb9dde830bc5b2f092169aebc9ba5e3fd32da,Backdoor,1
133107,Backdoor,8e8439e3912b3f0d076d7dac83a9919bcb6ab225c930b28fdab38fa3dc2606ab,fa6df089bd19511426edc1bae8aa476babc04f3bf650f9efe875f1dea44bd299,Backdoor,1
133176,DDoS_ICMP,02d729795e5320e88473ff3801d38504fc94d9207533007533b89a038620a98d,71bc90e91a3b7055036960cc8f110c758929b2470d8fd4e515ca58ed10965f5b,DDoS_ICMP,1
133201,Normal,c723274aa38be21a73eed4f8347ecff24a4cc13dada9842062a5c89dc3f6e10d,2c778dbc8cee9d678bacaa70b4eea120600dfb4e82b905c97dc374b9e1955860,Normal,1
133297,DDoS_UDP,212de149fb99ac4334a58bb0d76dbe663311b2389452c81086f5f2f7e573c00e,8c47290ec2802c33d5900fb339f8f3197c23e4d5f9851bc7dfbde7c4f7568e5e,DDoS_ICMP,0
133319,Port_Scanning,b4cde6f09e54fdfcfdd687b81144877c7db0ad6fc7eec30053074da24a8f14d3,a4b16e477c493234297f547b8669bcf79c679e8c6b080a9b9f9862b8f2816c99,Port_Scanning,1
133370,Backdoor,7f7de4cf0a9e061f2bf8396c65a579bee5dbc22a9197853c177591b54f210836,799635b400ddd6d31ea9d96d23a8445df6032e2bb8ead17f5cc2a379144523e2,Backdoor,1
133474,Normal,3a16831901c58cc67014e13816cd1fc3dfad08d0aee5284b446a6c30805555b6,a8ef372c08230eaaf27e1a4b73ca0e9125aab98eba4ca20c37e42807bbf2e57a,Normal,1
133608,Fingerprinting,f285f6d34145528fd77f91c228d51dd0dc6e78bd1f1edf7cd8d6d8bc8db6ddae,e361ae3bbbd3c4ff174de1d64c1dbfde83e84408d4ac8f377e1306311c7a25ed,Fingerprinting,1
133635,DDoS_UDP,3e11d3d11b67c9647443ae6bbb976ad4c535841a1dc91349ff2fe61409fb966e,9b85cde535a8edba1ebc702225b3322274101641621911eab972f749ab318c30,DDoS_UDP,1
133755,Backdoor,c603cc8a7d872d8ded521c68142742f0a5e7015be0bd6cb633561a44e8ffc5b3,799635b400ddd6d31ea9d96d23a8445df6032e2bb8ead17f5cc2a379144523e2,Backdoor,1
133771,XSS,3570a0cd76440d82856280fa509b68c9ebfe9068cbd87703c202f1f21b0bbbf9,a5d35a649ce436135aae3f323515a2c4f9985000b91f985f218abd32fe3bd0b9,XSS,1
133804,SQL_injection,39f010805fd408015805ebf2f02892ecf793d9f362bb9d790947d7ccd1654978,922ccb318c0f7763b22ce8e72d911ada051e9c43a8ab102ba1c210e748f0ee09,SQL_injection,1
133853,DDoS_ICMP,7690d9faa0e05b1159153f1b14624939a3975b7ecd29d39e102bbf93661308bb,4b110ff5974512d71d7cae061ccd055eb41fd810ce695883b4e74aec90bd623b,DDoS_ICMP,1
133861,DDoS_HTTP,c827897d4624b3948872c0d24ac63058b6d4243543b3db4865e46faa241c78ff,306ed1c6bd8c15c04662af480b73a13e7fe0774c17c47357408891cd4ae37107,DDoS_HTTP,1
133877,DDoS_UDP,1920014ecc0152982ef83b91114bd24bce1aa00fb453428a7234a81e9ecb25d3,d2591917c8816ae48d3d707a065514311b8e5693db52341801d36b1a440db50e,DDoS_UDP,1
134088,XSS,7fbe4dd189c789b2db7aeaa840e61b5a1fef079c644978b04f0d4356ddc54e0f,aa3184944c739306226b1259b1baee0b4f64514d26d6308fefec996ac4cf7d75,XSS,1
134277,DDoS_UDP,fb7fb862648f4c68d2b63bf1dee178a149045796e0e39d1eb8e7cbb59c6a16a5,6aa76f2b3963b876978df3ad907d6c6fbea47971ca4d7631d47a3ccbfc4ade34,DDoS_UDP,1
134288,DDoS_ICMP,91aa7a0cbe745c5c60ce18f2a611bcf214818434cd54a3be7e23bc64bc1abffb,bf319981b338d8cc41f85dcd3b3ee725452b95a62c30b79a3d2f0d0f9635caa4,DDoS_ICMP,1
134310,Normal,480472e31a41fc5d479529c4b8cfbf2647da2b8d1ac281a18ad5239efef5eb56,7ba27870ac8a40fb3ec740b002482fab18198b5514350aca622e783b14b89402,Normal,1
134391,Ransomware,d933a87b759adfcd6ee4ec068970c3e0e84dc561ed4579d9558b8fb1d52094c4,8d0bcb2004f4e16217f62d305debe4a3142edc254133d5b99d18db1422ff21aa,Ransomware,1
134397,DDoS_UDP,df29ddec25db41ff6fedc9a5f5daf034a3286236cc33b85f9666ffaa687f9bc9,76e55bed3035ed38a6d37b876dcca7ecf62004736bedb3c0bd6edfb3c722ffa6,DDoS_UDP,1
134592,Vulnerability_scanner,129070dca3f9f0e63e26218e17c3d450d744f874c869fe235a39a12da2920752,317ca96f3bccbdd4ea2d2d023e64c48768cebe4c6c30f8cf008f8ba5b47407f6,Vulnerability_scanner,1
134662,Password,2ce2c7ae4298869191e65b8edf77e9341038bdb91e7efedf9bd97baa507f8bdf,852e786ae3598895a2528be80903a9bef6d771f40071b16173d688e6fa09ceb5,Password,1
134773,Port_Scanning,d9f068b40fb5220c888e238b621950def8f1d6da40230952ec2165a8263e7115,291082dbaf5d01db3c0b7d041369631717ef0310a2d28ac36c3e8127fef4a934,Port_Scanning,1
134814,Password,285221fd75a247103bd2e65e47c00e04bda876f1aa3e66fe8034023ae7b4c441,7be27e82a20dfacca290d620ed323b40d34b250fd7f72dd5c8af10f4d09ba5b5,Password,1
134815,Vulnerability_scanner,1a3d5226067ab61e331b4304f70d0356d72be1519ca740d892e4ca69cb4679ea,c02abca635bcb8496268393ea27b3d81b2dea0f101006b7c13ddd146f338eb9c,Vulnerability_scanner,1
134939,DDoS_HTTP,d69b5cc0eed78e2266cf0ba6ae66dbbd40cd2d6ff926b504254b74f1885fdf66,2ec2723a1d8b40e7c97939678e1eeac1e41cad46b54bc63efd4844e98888df54,DDoS_HTTP,1
134989,DDoS_HTTP,9409ed79e5b6d23df97afbce37ebecd111ea5edcc2e91bf1ceffbfa667366c1c,92133d586914e750884ffcf1b22fcac5e57ebf5e4b77cec1cfd3b7e19324f5f3,DDoS_HTTP,1
135006,Fingerprinting,134ef6b7e94db5246fdb6d33ce79242baa7fd38e0e6a76d0edf2353d98abead7,83ffa52c2456dfffa80f8de076662e665a22f3506bbd5e068c2113bea06ddb11,Ransomware,0
135039,DDoS_UDP,56aec26006bc6da2075e11d9219ef24f1eab9ec0d312d9f2b7b561bbe9bc9fc2,71bb9dd58bbe389f67990409a3719fc6b77e13426840cabdadc3e45f8e59e883,DDoS_UDP,1
135056,Backdoor,ca5e0cba7755658250751ab7ce26d2b03b7c7a76ef7055075f1a5f8b40142751,e82587d77aa6875796007d0637906a131a63c6f2f2ffe81b845edabf54859fba,Backdoor,1
135096,Ransomware,da1de4ba2eb068db9b9752abee7b06702e0a0fb0ee0034e1244358bb5d14561c,8b8769b55133d61bc6ab7eb3ee94ef210ee970dc3d028235e3e664094e54a086,Ransomware,1
135190,SQL_injection,3f25380f672ed91202443a5878cdef1bd6df2e516f84c2622690ce951dcb194d,a4990c66284296f6ea16aa2b5941d5228789a4a4c6d5a5913c6851b2e29e4282,SQL_injection,1
135208,Backdoor,c39cacd9e702e3e3379612b767416a168265c9afafa35f196da5d2dbb79ccc14,23fefaaeca8e763be2bfbd97da3fef4b979bc20753984fe1e07e3296f419b9b7,Backdoor,1
135402,Port_Scanning,f1686f9ad41b6c81ccd02089c57ada080d1728f33e7f07904d3a22740c499c98,c36e6262f3dd686b7012adef3ed6da6cc2cb3300e0a03820dd20bc2237c22290,Port_Scanning,1
135497,Ransomware,6d2edc9558e1da85bc632ef96cadfe54e92362b54c0093f3551c42e1a2dfae87,8d0bcb2004f4e16217f62d305debe4a3142edc254133d5b99d18db1422ff21aa,Ransomware,1
135509,MITM,bae42f1c3f3e5950c0743d0d59f28114d7ed491ee31a25135a6d1499d6732e14,30a4cdbdeb117e033080216cfb416bfe482ec31c27d733981afeee213a506e0c,MITM,1
135538,Ransomware,945d1cda984db53cce2ca00c4a0eeadb9d5337ac94afb9ea9f6379ad2b5d0aa2,15d67b93aeb11dbc8f6289f3d603abf0f5e49547624ebc1efc11203638afe585,Ransomware,1
135592,SQL_injection,568ccb5e093165568302f22b2b2b53b8b153983acb144c239654fc96d73c9989,1ee37492d50817a6469129e87f96659cea4a250f39463fc6450b18a1c834c84c,SQL_injection,1
135602,Ransomware,8d459438ed6538de6ece72618304c1b18f17dbb1ebaf37d9965dc6188a49b36b,238218b039283f5a45ee0d38f4ad7e90ea8db0b682a1f59d4cc6831d5db1ceda,Ransomware,1
135699,Uploading,c7f759c6b63fb22c9a4dc41e27e08333dfd06e8c036a82f1125e16cc8781c0d9,d4618b81fcf334706dfe68d6d1d53691e9f8ce7d5d62159a1dc012aade7b35ad,Uploading,1
135705,Ransomware,8174d6e1f820dc66584c66e80689d1f5ec90572de82fed62a1dbf101f1e8fe69,238218b039283f5a45ee0d38f4ad7e90ea8db0b682a1f59d4cc6831d5db1ceda,Ransomware,1
135733,Port_Scanning,30e0315dc7f76c9daa274c586a437f8e472d1a20d3980a9dad4e285086217a52,4fab8dafbd6f2246d6085f9ab6ed154f5ff50fe566878ec49314eba38afda1ef,Port_Scanning,1
135775,DDoS_HTTP,68cf6717bb47f4489b68ef0c6aa10bd9df81eb9951857f897052addc5a11cd80,fb36f2d51724f211a063cb6f133d6c6f767166676a67b1cd90bba4e025f0c315,DDoS_HTTP,1
135837,Normal,b91e7aabcd4073f549c48788b3d13cd019d3ceb35cadc6875ff4aa39680b0055,69e2e5470b88b2f6573549c373d5fa6caa93cd65b64b95fd10da99ba97bfb8ab,Normal,1
135908,Fingerprinting,bf761689477d6839e6835627ebe62fac8ec2a16c0b3b74c64a349643303fa513,db5a4a14bb1a41e3c6589f81be0ce01b9581d7aa558baadb59a86949230486c8,Port_Scanning,0
136195,Ransomware,f86ab32a0c0fe33ce9a7d20091173c4648861d12a6f3332e82b32cac25da1d0a,8d0bcb2004f4e16217f62d305debe4a3142edc254133d5b99d18db1422ff21aa,Ransomware,1
136237,Fingerprinting,582205d723226330e2a8f91c770373cbb731567289116bd6b09a30c4e8999b06,0c9b8ee6d7462f93ca1089c93bac8ac8e610de7b1e2e6ea1cc85817e83a18a12,Fingerprinting,1
136307,Password,fb731c7f778ae8ba10104a266d4aea6a7c8efcde758575d2d50afcec24a3add7,3735f99365a6df32b9ff14ae1ab613dcbe0b8a2460b6ec4feac178df45b3795d,Password,1
136415,DDoS_ICMP,e0b7975537f607777e327e618785969092ec1e8b4fadeeee29c8cdc1e4970d9a,d2c1440e2a912e60c7ae3c8c3986966db2beede931b39856f61b7d255aaee82d,DDoS_ICMP,1
136809,Port_Scanning,d71072c66107aaad113d29ad1970d6a9c432000a414aa150ca55f4492bd28e32,7a63357df85d3e46a36c1dff953d0931f77017272823b813712ab783562ddeff,Port_Scanning,1
136886,SQL_injection,479ed66062495569a6662c98d46537668243b5710529b233a0233e54f8aac433,773c328d1128bbfe86b8d37b73d5bb30bf9536e0a320ce51447e5db2d6c9dff0,SQL_injection,1
136890,MITM,d22cdda13141a716124a7a6d66fee5b39009cecb533a43ee1b7da2fbeda32293,d1ca59a4b2348861eb2e088f5e445ef8c2c3a9548766140cec48b5647c15361a,MITM,1
136891,Ransomware,d0b63963099a386029c7fa60b52f82d12a45e0ef6de6a8b56df5aa073c940748,238218b039283f5a45ee0d38f4ad7e90ea8db0b682a1f59d4cc6831d5db1ceda,Ransomware,1
136961,DDoS_HTTP,f9280d33c0467036ea2c292f6be343f9494cd8bc63ca65fae17150b4043f6116,f9a39b3f3ba31067841a85035d9d787c6aa046ad3ce60cd7dbc67d3642e0d1d6,DDoS_HTTP,1
137082,MITM,d22cdda13141a716124a7a6d66fee5b39009cecb533a43ee1b7da2fbeda32293,d1ca59a4b2348861eb2e088f5e445ef8c2c3a9548766140cec48b5647c15361a,MITM,1
137288,XSS,12a24d1fc9a2f3ede68bb4dfdaec665cdd80c053671b2b174222397f0c6a7666,b864ae030f99c9765b7a3bd865ac576cb4b998387ecd38645ea4fc5ed7cffe06,XSS,1
137305,Port_Scanning,c843d0a9185bcbb5725399d78fe31744a7461081735bb7803f3be852b1f0c58b,73703cd1942cd908538d2d2f3d1ca1c67017dc5ef08f0b877c5ce5caa8ede397,Port_Scanning,1
137324,Vulnerability_scanner,e330e238cc24a9ad4ab41f92f053c158e99dab0c8a74b1d795f683d1ae3bf2be,056c22d5b314ecf21b39ac7cdd352ce1dc66e8a1610d6ff3e4fde1e5b039cf88,Vulnerability_scanner,1
137370,Ransomware,1b29d844f806a5d29b1025f5d36335f5585856cc6dd0f5341694d6d71cc7a746,db5a4a14bb1a41e3c6589f81be0ce01b9581d7aa558baadb59a86949230486c8,Port_Scanning,0
137403,Uploading,b6dd96d3b0afde8d71ad03854f83a8bb49e9e20c593134138ea775c54c3dbba5,8c243a73bb50dabbc80d1f11819c985e6baecd5a37416b2dfc4f6264e5c54b51,XSS,0
137480,XSS,f8fc73e24642257ae7b4090681173d1dc14f6fd5dc30453b079ddbad1daeb8f3,15b68b896253bb013620296772daa73246096714d2b11b694a0a5529e939afa5,XSS,1
137497,DDoS_TCP,3d1d44e4003be9af2648f378b3c8f58c3a1c137d8625766aa3d4a69dfc81bc0c,99351ab12d83e67442d95038f70e99e7ab969232109d1efc818e0f0044c44f4e,DDoS_TCP,1
137565,Port_Scanning,0921c5601670671117ccf5791ae66f8a9f4a666a58d4c5b414e9413c46822cf8,f0e27318fcbc602c77fad8b302ab904a328934a03277315afe74fe6a1dcac809,Port_Scanning,1
137689,Port_Scanning,a9b93c57d6938e3d5552819c6216d6fbed0893cfe36941b92a75c6868d8c80ff,fda4418ae56194910100bb3ab280675d08b300e1654fb388ffd12d3eec594ddc,Port_Scanning,1
137742,Backdoor,066ad5d2108858d27dd561050b8e9310aef6047afe0e6d5fd7fc20db0ea38ecc,1cff1a1148d0e4ab078982bc06106b1a4149d1ab42c1341078d0dd3d7b403cdd,Backdoor,1
137938,Ransomware,481229a1b44efa27855f38fd11518211af54c3370bbfc545af5d69973f6f5472,8b8769b55133d61bc6ab7eb3ee94ef210ee970dc3d028235e3e664094e54a086,Ransomware,1
138227,Normal,725c848a1cdf36e61daa50704f8aeef3e17862c4399540240c2bee019693e6b2,9a1029f20f29d7818cb086905dc8d757b385a12e953389eaf76ce2bc9bddf877,Normal,1
138262,Backdoor,b35301c6e5e5148829b9074b42c0705706d61af045da0d8457063fdc31b10835,799635b400ddd6d31ea9d96d23a8445df6032e2bb8ead17f5cc2a379144523e2,Backdoor,1
138463,MITM,2c16fbcdf9ae764396db726e85d88d51220c895d6cd2d13557118654b1435d79,f16f93b86149b5877d6393eab597213a591e2c77ae1c20e329fcee0d15aabffc,MITM,1
138481,DDoS_UDP,200ec44002b5011cd085123142aa6981851601631af8ff16126b00f67988c20f,f94fffa6fd880c72c88deaeac90048b56eb52c6b281a78387e2ed9083a284582,DDoS_UDP,1
138511,Uploading,eaaecf10141d69c872f554fa2c1b50f40290fc930fdd72cea990d8890b98b191,caaf490f96b23950d876194f6a85a5b803a9a165e34fcb9a54565d5c307c11de,XSS,0
138512,Normal,75f9bc81041ccb4d45709def78fb7dd0ccb81e748b006af516d2b2e07c6b7ed7,5b2faf57303a9d3b4ea29c42857a2d33121aeb8c88158331ce92d80f39ea94a6,Normal,1
138656,Port_Scanning,fd82ac1c90963ee40fd4bbcd457b358f3cc81bb100701641a2d832c32f786a83,f8f9858f1236bfeb79da0adabff9f7db64001384a4047f862393d1978c4ff9e6,Port_Scanning,1
138763,MITM,bae42f1c3f3e5950c0743d0d59f28114d7ed491ee31a25135a6d1499d6732e14,30a4cdbdeb117e033080216cfb416bfe482ec31c27d733981afeee213a506e0c,MITM,1
138782,Ransomware,624958688bdd786eefa600ade46b8c6bb3b2ce305d30584660829b20acf0cce6,8b8769b55133d61bc6ab7eb3ee94ef210ee970dc3d028235e3e664094e54a086,Ransomware,1
138820,Password,ea03c6918f9f3b1cfc5b6b8f7f52f13da65e5f2fa27a6a18a00fb73439efbc56,a0e0e15731de4fb56cf31ede5beef7a39a71fac307cabb9f2d95a8dd5fbc669b,DDoS_HTTP,0
138866,DDoS_UDP,6f44a8bd84c86a05220e6af18d59966f875c63c1df69ec3cf980134e91663dbd,626949b5f0339e2aaa02fe6b44289b722df0cd068870a4344fe9cbc0bc478601,DDoS_UDP,1
138892,DDoS_ICMP,4a2cc019cae78426804d20c2180f288da3f8122fe55a465e0edb5242e5881a97,71ca1b0b85c05a312a841d751ff208863cf44d1f60e3367247fec817d0e19f2d,DDoS_ICMP,1
138906,Backdoor,a9bf41a70906498450709c958edecf19d11a61c9be8ea2ec3becba3f6a7eab2c,04307f2539b50075b8af42314054493ba81d8e428dc79cb7c41e4dfc0c16cc96,Backdoor,1
138927,XSS,f3b7609bcd02be0055f8d1930278fd93e120ff0f248674b672d1d0971db43269,3caa63bd7786dcfc719d9d694a3dfc51ec6ea68a47461e7f07ab6882b0015941,XSS,1
139014,DDoS_TCP,fa9d9984fa765903f4a46a351829a74bbb2a750f252916c73121585f3b3d17c7,31ad438b74c63ec292922427fdd68def87cdd41fb3712dc0a3e121abf7dc7ee2,DDoS_TCP,1
139137,SQL_injection,05f1d5f6158a0efc237edb0df28f6776f53b0b1b57bf79dc4a2a783fe58807f7,c273d91e1e1f4a7cd35adc25c89ff92787a46d68e40163a9994bc1869713559f,SQL_injection,1
139149,DDoS_TCP,7e0130de2d3dc2e09e5201992be071ae04ba8a0cc10fccc7eecb3548abdf4e65,14d1bf810cccfe0833f793903512cd30d81cc96f2ac2fb2a25f99fa7e7dccf4a,DDoS_TCP,1
139187,Vulnerability_scanner,f3c885570188838bb1da3f77594ac7b59b1465c10e900aa5d35a7b6e8b669971,0d6abcedaa6acc7ff8b7cdd7cf08a7ac58b41d8b3ff12754cf55b929d0fb50c7,Vulnerability_scanner,1
139271,Normal,e802092a34f357c368f6dbfd744161267dac7bcd8086fce871711ae6bc8fcda1,e25fbc4493151454483382d6c581975ab0a34111099d7bb3e01259e7624f09a0,Normal,1
139293,Port_Scanning,3587929a923acd3316b42f6367eb670012e690ea208ffd49f94b7aa30a3163ca,7d5339dd6ac5425923efedd961db203708b1245538ca68d484fcce2c9461db01,Port_Scanning,1
139354,Uploading,ebda75c0904716a79bb70bbf3570e556a7d4ba73bf131617d163154e1ac6e3e0,d962fc73189e653cffe098f4db716c966eef68e10d20fcc5d04274b96ead6681,Uploading,1
139360,Normal,0ab65c27fa4bceda30aa748bf984cdff3ce6d83a05443fd649da344a60858382,54ad440a5de352f35a79fa7b7d9548ef96fa9630dd3a75c104b53ab3abc8cd62,Normal,1
139398,Ransomware,3933015a3b2b0072590eb05c10dd40904ab72010433e3edd3c6081fa4dc37e6b,979550698efc92e409a07f8ce14e1406733da263c8763b436bfb6bd074e50719,Ransomware,1
139488,Ransomware,dc28f4f227cf25dd0c0ba3a83383f11d6f3fe9b63948958d15eacf472426d6de,238218b039283f5a45ee0d38f4ad7e90ea8db0b682a1f59d4cc6831d5db1ceda,Ransomware,1
139523,DDoS_ICMP,1adb3a95dcb66ead9c21d1ac4f6c704a00f162c12a0d2f8f78926b1dd46a88b7,8d5176cbedde82c129f3118640b10fa80397ebf18abb67b4be35498d7740811e,DDoS_ICMP,1
139552,Uploading,fd1dfe932e74fb8fd7d47b8779af9ac0ac3cd7c241400a8185f03f5583738014,c623d0424b630571429e06b05b7fd0e2613e649680f61cc105e2c8a3f1b4cc39,Uploading,1
139736,DDoS_ICMP,7cdcd77c32464e632502f081042b19d1935db11ca5c55eedea687992f8d07a8c,de4822e476dd5220f1f7fa9de2d633442e834554f3b1ec73fc8cab70df8091b9,DDoS_ICMP,1
139883,Vulnerability_scanner,c7f56ea3d68bcec544b54708d0d9152092f8b4a3d57052620d958bac7cae7fa8,577a9374d096fa0ff34efaf2ffe816648f0c6e750514abf84ccf80a8f9fb3edb,Vulnerability_scanner,1
139951,Port_Scanning,46c82f977e810fee3b7c355067a6858f60d10f2ae308a27647933afbd4b07e01,621d1501b6cc8f1a2154b7178fa741d7168550d38add2a2a6840c12967673ea0,Port_Scanning,1
140012,DDoS_HTTP,2ab4e10f080bfa6117c988790d1fe77e32491117bda6274ec3a16c1aa017b57e,b7c39e48ef3ba1150dc781dbcc4116aa1952797d39dbe003ee19b7fd04c6bcf0,DDoS_HTTP,1
140119,Vulnerability_scanner,da0df877cef960600506455424d63c6f071e3fe9dd5aa1bf6930ed4b7cdcff62,d108e4f592e50ab94fb7c035a4b3f206c9a7d00e2293d0352b87cedc0c6c7e03,Vulnerability_scanner,1
140149,SQL_injection,32df2dea8e33df9aeaafc9a0cc0b631d2840adfdc4f702d0306f7fea4d8682ac,dbef3d5b50950fa27ce4ac3efc83a112daf3716f0de0977283a1f35f8721a4bb,SQL_injection,1
140174,Vulnerability_scanner,44127a28b3ee6552261b9862a9f03655114956f636c3a360a96179e197625103,4134252a1ba365a5fd5c303be0654b6ecce017f794e033ee3769c5d5b9050842,Vulnerability_scanner,1
140371,Vulnerability_scanner,b822ae46e61e1b7690579feef91ee0390cd1a5500c089bd4be9e9e9057adfe2b,f9ab1ecf77b0d54c39896bc07aa193e734adcefd35b2ec9d3512afc46ca2258b,Vulnerability_scanner,1
140624,Normal,6a8be805fab16c645afc7944349306128bcc34421f24a2a6bf77abeb2b4b6fb8,dbfd821c23b32a477543b07acc90f211c82cb9135ad9121ec6d987e6209eeca2,Normal,1
140877,Fingerprinting,e53e4fd3338cec3abd478dd2018880e09990ec1bd6d9f0659bdf30085d94b586,101455d87bd7f9601a31d6f0e43cb5e13c8378f0db5f0d671b0e95d7e937291b,Port_Scanning,0
140957,DDoS_TCP,ae560763609e9652be8b4db6be0c5ab4fd327e73fb0bb0b8c49132a80dbb770b,94a7b8b88d9fcb0ef62bce0aea3ec111f166e99b81ea496e1f653d3e2685bd13,DDoS_TCP,1
140965,DDoS_ICMP,efd927d9f09118bca131045022c4bd49c3c83f22f1d9fff978f6f51b50c6db72,e5369cd227bfaf22dfe2e422e09f4a46d7ed74b58a4f02af033c7cf9ee45ba5e,DDoS_ICMP,1
141150,Password,34be583006997bb5b0c47f819f446337c1ce215fd83ae6a72417ac905d763400,27617197b2092c946eaf1c00a35cc35027ee37ae6e21655bf6a599a7b4a01c00,Password,1
141192,Uploading,563687bacc823878ae6d5fe2091b2e770ce5615a173b173defee380c5d99868c,21788136a5be99e344333abfff72b5400a661d8b0e85deebdc253865cb9774c1,Uploading,1
141288,Fingerprinting,2566e68708b69848272b97d9bb1c2bed25148da2de5100bb34b0e21a77171e7c,0c9b8ee6d7462f93ca1089c93bac8ac8e610de7b1e2e6ea1cc85817e83a18a12,Fingerprinting,1
141329,Normal,77a5f73aeb532ae34d60087e3dc60577b3d882d623eb6aa877a4c641d8beac65,d0476b5f175769b108f68f500be4c82f87ed641b561f43d27b89179c9c2ee700,Normal,1
141418,Normal,47d22686d84d0db7bce917d7d1f96f7981cd6803e15a071f4f67e3eba5ff9acb,bcfa8855dd4754b298734e08d059f0f443001c68c92da71aaef1c85a2a758ec2,Normal,1
141483,DDoS_TCP,9a133c68f6872de722c80ee13889292a9f1428075f86cec92474bd1570318a2d,8bfcf0bda8a5184a45093ff43bdb83c4c61400d84234f966ffbb282c7c9278a9,DDoS_TCP,1
141485,XSS,75cfdb53eb909e79eddb3a45fed347dbff1667bcfdf2a3a08649d9ff9cb37c5b,48faf4e0464ce4b6db6fb2359999c370e336abd05d87518169aada4d9200d90d,XSS,1
141506,Uploading,5a9e57cd0cb2bb5697b7f07f88d2c9dac4830538f3088837b4807f2244281051,6363bc6163c1dfe91395df2cdf88cdc5b7314cca4a7c63908613f3ccd8d458d1,XSS,0
141597,Ransomware,e7faf3233b255e004d8909665e06fd28112501a51113526fdeb8a02d51b0aa6c,8d0bcb2004f4e16217f62d305debe4a3142edc254133d5b99d18db1422ff21aa,Ransomware,1
141684,SQL_injection,3ac13baf585a91eb079c64aede0405fd3e1992d71d305f6e92c06cc570535370,d5ba22d129388fccf599d9845d1c97e79614f0b5871fe94914fa6671a8b86214,SQL_injection,1
141750,Password,a33e09b62455f1b866ba68cea68596a060d6c5a857b0616a982ab9f787cc8707,f1a704c1495bd11d5db1278868b58677fe19d6f022420174c90258a0e013c3b0,Password,1
141763,DDoS_TCP,597c509f5c41e2b09204fcadcb000ff912233f9cd9e0c0fe3f445dc03e18e518,5c097728f0ac9e47bb6b7622a68c248210fe061a2474a631cef869d85d7d3786,DDoS_TCP,1
141964,Fingerprinting,588787958e587ff42b256d4549ef204776fab128573ae08f748f6b2342e3c946,e361ae3bbbd3c4ff174de1d64c1dbfde83e84408d4ac8f377e1306311c7a25ed,Fingerprinting,1
142008,DDoS_HTTP,09c745f825122e7f59021905864b1cebef4972ce628d52f27070390dba4e1009,356b6fed7e33cc4626d7a3bb7ff4b5f762cfe10bb2d8c1bb07bf4c91af4558e5,DDoS_HTTP,1
142137,Port_Scanning,38784be8738ec352288fabe893d4727dd33f2e19f3d5c1abf6a54d6435447593,bd43ee8a29309ea214749570cc6ea4f4f077faeaaea9118a67921afab9c006c7,Port_Scanning,1
142195,DDoS_UDP,d3bcc8470fd56300c83505e3f7e8fc357554588a1a829d6a0210143db5bdfa41,f8f21faf6f407df382dfcd108cc04557735c21b38c4ad7f4703eeee18d2bd55d,DDoS_UDP,1
142458,DDoS_HTTP,4a96893d7ad00e86c2017be534a02e12764bad899d11bcb15c6d2336adb06dd2,61a080df4ce3230edd6ab80fb5cccea748a6f0d92b93424b0ed3e4b3b52aae59,DDoS_HTTP,1
142527,DDoS_TCP,e0988a1eff599a8ebfb392d24b2fcabd7caf3a6108b527912e04dc83ebc79073,bcae76d3d9a7eeed6a3f1a8fe675cab42bcfc755de592ce29aaf8cc713cf7709,DDoS_TCP,1
142591,SQL_injection,e2abdac48aef3038e7c3a9c44cf1c893462375d8b0fbda09b29403b0360c0e44,dae77857fcb7a1501db6e8861c1dad291bc61b87bc7b2577a42f6006e1f9df11,SQL_injection,1
142741,Port_Scanning,bd6b8722b44405359559ad8e59d7d272eb375269b9844c81de9e191dfdaf4956,101455d87bd7f9601a31d6f0e43cb5e13c8378f0db5f0d671b0e95d7e937291b,Port_Scanning,1
142986,Fingerprinting,e1012e4cc588d5f122f36d72be9d37e97b7b7735d9279a8712dc728d6b8e1385,e361ae3bbbd3c4ff174de1d64c1dbfde83e84408d4ac8f377e1306311c7a25ed,Fingerprinting,1
143182,Port_Scanning,7e4bd60ec62c973de3e09276c75f0b2d1aa5ba609365dcc671d748d8328a0732,16500ab7d0e558c945bd628433285f27c7eb030440be8938a62245df376d0cd5,Port_Scanning,1
143234,Backdoor,6ccb0132a7dfe5b5a64ebc22dadc412ae6d0fb4494e0fd976bcb4bee52af8225,c2a82d36602d597a55320fd53d18d48f3fe46e52528f525af2d66e6481273e53,Backdoor,1
143271,Fingerprinting,82d4450da992bd9e246a8f9fd07d064526c16bb2a91eb1a4c9229357550f0108,740bee9d9548bb1df37dfef32c976ddf9de70455bf4312f3136ee35d2caabbcc,Fingerprinting,1
143340,XSS,04890d3a0264978a48611f592396edd55e4dc3cd2885a4c973f48462e76c3a49,ef3064e8633dcd90d9de3f555060c5c53f57b4be738a7717e00745e0637b1dfe,XSS,1
143348,SQL_injection,309ce9fcb4f9c1e9edc32f37c892321f9575f9e8ffffe6b4111e97a0d024fc5f,5a57c26c8239634e1ee4c4b5029caf3d6490fb56e48d1b4e3d6236ea9c1fafac,SQL_injection,1
143408,Password,e99552218f01b02f7550006c504a73e6d2641f5f80958aed796301a75b600bec,38a29552a88a4c081c8b10ef22978f5f55f4f8609485fb213b1e6b0fcfa780fe,Password,1
143413,DDoS_HTTP,7074a029e1e07863f7d9300ab688df635ef409a694684b885111fd8971700858,af113c02bc0ff82bdea15bcd7881fc6c2d2786cda8343192133514aff7aa505b,DDoS_HTTP,1
143440,DDoS_TCP,dc01afd3e3d25c0c2f4fe4244f8300679a5e70eb3b5a6b243934faee7182bc80,c99e6df62bbf54073351897077743a7b0cdce40df108ef800f056a24c90d122f,DDoS_TCP,1
143821,Uploading,99cc03af130764221446e17b2a47d62bee4ba1b5b2d3c14bb8d9d3bde85877c7,f46af6e5f44abbe1c6af349d39bcc5f143c3c8fc43367db1a0cf772772316e3d,Uploading,1
143921,Ransomware,3ee90abcc93978bfbf2b69fafdf35cab539e863770bb33a19ec2bd3c6f31f8b4,101455d87bd7f9601a31d6f0e43cb5e13c8378f0db5f0d671b0e95d7e937291b,Port_Scanning,0
144077,Backdoor,6178225100709641363ef698417d9def26d26ab67311a2adf85e3ae8eab417e3,799635b400ddd6d31ea9d96d23a8445df6032e2bb8ead17f5cc2a379144523e2,Backdoor,1
144105,Normal,0a10a29c67d6acb6d562fb494197cf1d0d257170598cc6425930619435aaca1b,06672abe6fffe1311f3d4eb939493c6739a4386041ad480e62f151a669370c0d,Normal,1
144233,Port_Scanning,ee2421172e143b9a585f82b0857c17dcefd2374a81ec7f09c87101d2d9c5af47,45cb74a065a512ce424953c54694a95dc7d5337371ac8d2ecff18af34f273652,Port_Scanning,1
144375,Ransomware,70037ae19901e7ccd70289909ee4316774cc01703f19e95dfb369fb90d18768b,8b8769b55133d61bc6ab7eb3ee94ef210ee970dc3d028235e3e664094e54a086,Ransomware,1
144524,Uploading,25456a1fcda8a6cb6dcf7b90fdbccb82197c03aad8064b087f9d831c4529f6bb,a3712e86fe7badcb0bfacd4d65f844e95ee91f0183dc7bf6da28407b2a619b21,XSS,0
144637,Normal,5f3bd33659451a74a483e40aebd16df93854c9895ae65276b7d987c15b32ce28,5d79816da3fa3d745f1b850105027289ae0d9f478622a984ccbd0b3e5bf15727,Normal,1
144836,SQL_injection,05f621017dacc38d6fdf067dae14ef74ab1867b3f7c147f843a98716798fadc1,286b71eea79f877cce55606616f7833b681d3c60fd06abd4fc470f3878604881,SQL_injection,1
144857,DDoS_HTTP,894ae025dac345208ac91b51a124b90e639a36328c27ce15c589a1493b543475,4878d8b9119fa7e27ee31b449e931975a97c2c584be021e7e779c602c7b846a1,DDoS_HTTP,1
145093,SQL_injection,6e095e177e99efe2b6455d01532a0713e5e05b4740e9d498992ca925c6ddab4f,f1770537bdf7c2f6f4750c4c8efbfc0b96f84635082ad3369b69ff62f53c834e,SQL_injection,1
145237,DDoS_ICMP,2d58ef9c377745c54e85a6760e21625c92709e4f85e26ff6d81e6af3e2499a4c,64095b3e1776a5ac9dc37af4b05adccea8966f9b286c347d82d5aa46415bdbce,DDoS_ICMP,1
145243,Port_Scanning,58db2ac363052b44fae7448ea02dc23b1ae745936342b01b884a6aca26268b12,e8f0bb058137c5a25af3cd5263c6bf16011afb4cca61e79064f75247ab567137,Ransomware,0
145278,Normal,c21ca2e20cff6620bd0fa1c88347d99008fd974299d283c39bc629d0fb0d4c1f,afd8e3d9a577233dc36044fbc559b0b5d4b893676f6cbf595ebe555c67fa7cba,Normal,1
145287,DDoS_HTTP,f27be04cd8f529a3f96cdb29794069cceef2e59dfe1b2b02e465624bf95a3461,bc28e443ed44e3bb63881a013ed8782b4901d24b2ca6e0bce9c279ad5dc640cd,DDoS_HTTP,1
145309,Vulnerability_scanner,4aad0f341c965839ed6264bc035508e4a284905ad029d2b3d4625dd2d7ff70ec,8becb07b353fda068149cc41c0f63469fb82bc852e7f0a240019c005e5b7e84c,Vulnerability_scanner,1
145338,Vulnerability_scanner,4dc7419970a313fb76bc20f65a842eaa01a3522f706a5ea95858f3b2daa22bec,a9a7cbb0a5085e9169932ff94f9b585f0c168fb88b219571941cb0ca980c0f39,Vulnerability_scanner,1
145375,Password,b81eab19541359a0729fb1aa4e60f747109de3fb7aff1c19ef9a1c13700ff555,1a70ce49fc031fc71a4c89927086ab069ce7119244f9b4ccd027141035df2043,Password,1
145443,Password,8deac183a091a9e3853f5865cc4ca8c7280e4d03179336a840d644bd02c3fe7a,bf3cf913e75c170f903f6bc08adba9f0d53635603b563cbdb09097e7651dfaf6,Password,1
145447,Fingerprinting,1f2fb6968a7b6a4fd1b84df624f26f0bb31f8a1fb5af083051ea964e989b07ad,0c9b8ee6d7462f93ca1089c93bac8ac8e610de7b1e2e6ea1cc85817e83a18a12,Fingerprinting,1
145454,Fingerprinting,8d64779b869c048b53e7b8c2c3cd506522ffed1da8bc74a1c758d8bf91aaabfc,5a3d6344ed95580cf2a4eb427efebc7e0f8a843ce466887eba8cd2549a020818,Fingerprinting,1
145533,Normal,af096ce2365a1891654a5950522e74d7954ce1fd8cdb787440ff5364d3540556,51029953615bfb04af56dc5bbc9f590e45120af0f3a7fe3a59310c1f889e05c1,Normal,1
145619,MITM,bae42f1c3f3e5950c0743d0d59f28114d7ed491ee31a25135a6d1499d6732e14,30a4cdbdeb117e033080216cfb416bfe482ec31c27d733981afeee213a506e0c,MITM,1
145710,Normal,dad0862b386648c29d418bd6571ea03fd6b1e2c37cc91dcf64404f9a41c6da20,66eb5146fff5876e7dd3f8001ab65ffcf7ecbf3fdfa29f3b0f858f91f8293c88,Normal,1
145859,Backdoor,fd571991bc5e08001db802c4e660fe2a32d551e0ce75253d7acc8ff765e73dbc,db5a4a14bb1a41e3c6589f81be0ce01b9581d7aa558baadb59a86949230486c8,Port_Scanning,0
145897,Vulnerability_scanner,acce77537354063b12c62d0212cb5336ae089b047d90a59c0544c3709838092d,ab3b088bb7df14bc96bf90ee9accf51a0aff3feba005e5ccf52de414d0873920,Vulnerability_scanner,1
146034,DDoS_ICMP,a0d3f7f00b3c205ffe69c09809a23025ee6415a7361f9bc83216c087d1c86ae5,948b20bb88b52b8ff84e1df0c722b1a2bc5df9c50735c8c21a7fc8681cd2a512,DDoS_ICMP,1
146253,SQL_injection,0fd0337dbacc73ad59aa8421afec9b8edecc1caf461b7e4de0dbb1c82f81f8d3,e6fc2f3a489ce65f1b07adbe0ffe7054ee233b49c3f04a5621b00b9b1cfa727b,SQL_injection,1
146325,XSS,f6d0bc0d4f302e9bfbb11f9b66ed3855459ba7e58c721a6f5f8e56b093424ded,d4c20950e5fa72d04475c00b698ff32d7fc5bf2e495aa60224bf2869d08428c7,XSS,1
146376,XSS,509c9bc6880e74d7a0f66b42d63faa324b8d2c5f30c1d5bfe73daa44dc778ac9,d090a92a33815c90d04a4cd017d440f9925f91a71a1714e7d849d49c1669cf17,XSS,1
146426,XSS,65d6d6473af5c741247c5181a61b784f463ce5fad40438e25f1e372f58754f37,8a9eb772a7c0d446eeabbd1edaf1180c89ad28099731f34348832c74cc35b6d1,XSS,1
146466,Backdoor,225e24584dd69651610ba840097cf498d93d2b9bcc7b63001498b1c3d3355f06,c2a82d36602d597a55320fd53d18d48f3fe46e52528f525af2d66e6481273e53,Backdoor,1
146738,Ransomware,30b2b5667428c190acc6003eedfb6c42e135445dffd53e535d51b83e8b5afb74,8b8769b55133d61bc6ab7eb3ee94ef210ee970dc3d028235e3e664094e54a086,Ransomware,1
146797,Password,2b7df82610b57e7dfe4971c7b00a2ba9676f0c6981d83ed0b2e7b51539a93c27,4b1e6b84dd4f5d368838d5aecaf578c9fd29297c4f2e274d67ac62ca4c1f7f92,XSS,0
146816,Fingerprinting,eab9b7e457a414d38c40c71070257758174689150fa69627f46a19444501f4b7,0c9b8ee6d7462f93ca1089c93bac8ac8e610de7b1e2e6ea1cc85817e83a18a12,Fingerprinting,1
146838,Normal,f34fb2a4d678630a0a72f32a750216fb6c020aab442cce1649f180e5ca0f0720,5c764b5f421dd5082d2eb8d8bb0548c0bc03a34dc1eb24e8ed7d6256bb7d2981,Normal,1
146960,SQL_injection,71bbff871b5fc7efc7529b30fb7e4e536d10a9f38256dd169f9fb39e077ce42c,7d257e286a10f251ad362f9cb566615db8377a155d4dff56ca30a1584fb2b2c2,SQL_injection,1
146966,Vulnerability_scanner,53ea2640009888283d17290c239085507e5b679fd7b914c263486b66f3d99225,b71b5c07fd4ac2cdb4ad90ce8fb5751c60394a8f115ead41db77403b18a3019a,Vulnerability_scanner,1
146971,SQL_injection,65592dd7f38a8870360fceb4b1e22735821d669e6250f58b43d5d8b7f63f6eb3,f26ea6eaee45006034aea7d872fa123edcccec43846aaa142547c1fc0376e4ff,SQL_injection,1
147061,SQL_injection,cd0d23655c0a335bf2d358a0d051ee546ee6bb2140874756164f390bc5673514,52d1fb909a1ad9ed3061068f630d0937e125588a891fadade4e638ec743920c4,SQL_injection,1
147269,Vulnerability_scanner,2a9b0b667e47e3f9f85b7ee3bc716357f1bb66c403328ba773b3dbc597b8201f,7cffb6f9b90e5158aba30577b8a76671772ab80a952600fb73de478a31b41c79,Vulnerability_scanner,1
147299,SQL_injection,5854b23da7b0e521172f665ad99a346842779853750f9dd41e5fb475f1a6126d,6114cd55404f226e5c5b090f192236da7e4256a9da9f87131ef90c78c096cdac,SQL_injection,1
147438,Ransomware,9531ea46c5b59492b4a44536e7a851524c64795ca837e236619750b38778ebc2,d881350344c5f283440e6fda0685097703b4bc4077566d00e5d256cbdba498ef,Ransomware,1
147462,XSS,5bd1bf75ea62b5f58c71e4129b0450b53bd37ef2c2d86d5f181869e5dd62bd63,c7124a29a696011a3871e4eebf17bddefd1db84b167f1007c8ec49a95c4b5481,XSS,1
147560,XSS,056282c92fe42f95d2dc3f81b94eaf3807e1c5ecb72900fdb4175bc760516363,a67a9f9c466d724f2a98c8b7da12171b42ed786a05662eb5221952341bef6068,XSS,1
147575,MITM,ba47e538cd651248ba62fa9bc0f1f5b4f6da441d8d5e0bae43b8410d49f592ce,85e6f61f7e3cef02560e47876b6a41cea49e6f294215fc9b1a9285cf436dbfd7,MITM,1
147846,DDoS_ICMP,916c2831b2aef332b41941987b1c0276186b43a7a08ebb50b20bae72d3c5e197,41bbd0a1fc38a49f1f0d17d386faccfec70c27b33821d45c57e7b852ad005fd8,DDoS_ICMP,1
147938,Vulnerability_scanner,5c5b2952a2c3af049ebd56b95796fa463d0c9a5355a46b6c459952058d276aef,c920c4bfab893c71a269b8842c33e3a8a470d50ec90c6afa5b714faefa7cb29b,Vulnerability_scanner,1
147965,DDoS_ICMP,cc224dcf2c9623f653400daec0959cbdbfc4cb64c7a017c47c7ee94b692b31aa,d646d186575e1fb621883cdaab62f3d9b3696276f222f29fc6af50af20be23e2,DDoS_ICMP,1
148036,Uploading,3ed38997f6ff74c592e938de7b173b3487cfc011fe6fa51cf3596a1d6d8fe2be,71d0322dcb359326cb281e8b08bde97d60b0eb40ca9349c54ac2315003e6773a,Uploading,1
148161,XSS,6325e7a2e90a9b5b95be0e9bc873fdf1a41c1a7b048a3d1cef925f63743cb4ee,38ff2387b03631ec35bcc982b0ccd42ff38cf5a29b1f9c54780f3c120693cab9,XSS,1
148355,Normal,4566e031a0070335c7612c1c91d69fbd76c19bde9919915feae86a501a6ef106,4997dec46a8803e83581e460732d4163209d0139b389e1375ddecd554c08a930,Normal,1
148417,DDoS_TCP,192cf90c18f443c733e36f396ce13fd8ebebbf7c16aea208828309d307c42aba,a59545bc4c5a7a04f40b164136ebc2f24dc486638a11eafde86ea431f2e3e213,DDoS_TCP,1
148422,Ransomware,817575a402d44a92d123d98d66da47e059b7af20e8ed676026789ef3565424a1,101455d87bd7f9601a31d6f0e43cb5e13c8378f0db5f0d671b0e95d7e937291b,Port_Scanning,0
148429,Password,bc617b9522fd009f4244c18107ab899db210013e2a528dde6975f3948541c5cb,626d25466d04f8d029226fc77773ba971da3bba14885f31204c657e44840cb50,Password,1
148455,Uploading,ccf6de550a1b5edc94f2584ae53ded09078269702249dc24c45379ceb2ab3411,8a76cf768f69d8dafaf9e628ff7034a143e353eaf8950ad8a2a4b535c7786905,XSS,0
148482,DDoS_ICMP,4cca804edc989fabcb3f9a6d1e09fa77260c28eab607cb025cd745e7f8db55a3,7a5dd0008a24279bcf8c3acc4066f76b3e4083693ce6d2b8b1e9b61e58c27efe,DDoS_ICMP,1
148522,DDoS_ICMP,4e919de714415ee32bd7ec1940f56f2b97523fd524c6deabfd3906b6d78a6c41,2c8819de249f25df0943f861649978cd15ae772632a9ddf1266c739e5c7d324a,DDoS_ICMP,1
148591,DDoS_TCP,b56cc869432862e49a83020f60e853822ee359f11765aac4f25058bd65e49c64,cb3f33977ef9be529be82a782a1f565dcd6acbd9c5a3f1120e1a133f30f66256,DDoS_TCP,1
148612,Ransomware,fdcda4637a89f23157a6d19dcbc909fe3efc3f4d1641b17178bfb22261ba59f1,101455d87bd7f9601a31d6f0e43cb5e13c8378f0db5f0d671b0e95d7e937291b,Port_Scanning,0
148633,Vulnerability_scanner,1d528b5f794cd66925c16751d785aa04b15d8194355a46a94f97fd48566b06c6,4a70cbe46bc38fcd6e3a63cbb10a765a22d566607e7579d7890bf3314dbe6d85,Vulnerability_scanner,1
148664,Vulnerability_scanner,2a581a7b66fef73cd4e95c556e0e630ff47b42ebf21af18f8078808024e55e65,83f96f6c004dd6a67a7dcd54a32b96b45092c257290ec66316179363fc574f45,Vulnerability_scanner,1
148710,DDoS_UDP,ed8e1f041227b59ae50273e0260d36382b4197aba0005c1eb390b7a7821c6144,0f50d10ba0f07b95a181db262acaf19b1c8804ae33a66a21ebaef463f071d2c9,DDoS_UDP,1
148731,Password,8236a3efe2281140cc53b86fdde8ad74f3ec98ac76e9396473101927ce52d236,0eb01ff5619d79f2f4dd54a60e2ca5f3204044b84bddac866850ee9ac73bf892,Password,1
148837,DDoS_HTTP,e777c69dc6c591f7295e56c9295bd03bbbb68fcdb8108c2d510db3db6e71993f,c56835facf1a3e5e4e5edd416851b2d79ea7112098be64ccee385225781efbeb,DDoS_HTTP,1
148841,Backdoor,2f0dc76cfb259bd3a931b3a8f64b892e4aeefa13af977d5f23448ee4b07826d0,fa6df089bd19511426edc1bae8aa476babc04f3bf650f9efe875f1dea44bd299,Backdoor,1
148894,Password,c329c4963b622bd3a59deacd9c97e2086f20775c31a1e9e56c1aff46a0bb473c,ddc84eca0076d49ecd695ef896f9068cea37810726cb46e94003e3e7984b1f7f,DDoS_HTTP,0
149018,DDoS_HTTP,3865a0ee83227a055c39a65086c3cb3fb658a657c5db35fafc21e8638f46290c,124717b6eb3c71dc9c1aec3b76374d373fe41b023f78ef62f9edb7b31c1b0f64,Password,0
149074,Backdoor,59412c7a127c35819b9d25eda45dd0e7b5156ae03c86ad45995518cddfddbd4c,799635b400ddd6d31ea9d96d23a8445df6032e2bb8ead17f5cc2a379144523e2,Backdoor,1
149278,SQL_injection,c06722e31aa2926431feddd2af8601c2eee01865f0ffcbdcae70132cf47a553e,9627763a23016ee5090a54972926bf8aa6c1c26d711a4b04df437f9cd0bd13d4,SQL_injection,1
149496,Password,a8e078e1d3db469b9200e597f085d3c9a56e0d2c3b06826baf1f5c3316454399,e4519996c31f36d74d8b14f49e4a3512688c07bc8faf3287ddf6a8d804dc74bd,DDoS_HTTP,0
149546,DDoS_TCP,a2852bab35acaf66f5c14dafb07523f475b547d684040c31842d57a59cbee759,020b5e7a5d82a731fff9e879bc4af140a58dfae36e507010e9da29d5e76ec55d,DDoS_TCP,1
149915,DDoS_ICMP,c70f3f449868b4d786fa3bbe46b213a1d137f22df59c29a8ddac2fbc5ea3905a,ed76e3b4c80c91f1bcdcb4fd451e75661198f49336363e716958e7d4e0068815,DDoS_ICMP,1
150054,Vulnerability_scanner,31aa891b158942581a0870df2a4ea399185405c5069b2916369528586df00425,11ce14ca348132468131b712787198e8411052faf4c1026ee3c61efbfb5c08ca,Vulnerability_scanner,1
150173,DDoS_UDP,e89fca9d98f598561d5779e21eb4ff2b91e40c99572180befe7b0b6cace59a37,5373c1b62b89cb95d1670c7b0742bde354eabcb872d9986602683d3091952e04,DDoS_UDP,1
150300,Password,62b0ca8845bfcfee19acc0aac9dc5a454ef17b3047e056fdc8a16b988973d901,e4f1c8407204a37673852688351511e0ec5fcb990e6e7923e257d96ebfd6db62,Password,1
150353,DDoS_HTTP,b658280ea1a94529396893cfbbbea4dade2edea727fcd271fca57fb9fe4778e7,ed696815d179788a5d6e7fafc1edaeba2c57cbac96fd292097f9c0a91f016413,DDoS_HTTP,1
150537,Uploading,df275785cdf0f355b39ad96230db3456e39976ae49f5f0ec379d7c2fa096b3ee,653aae1d8f2b02b24d9af17193883b5e6e2744ad99ee57e231e3a64a82d9feac,Uploading,1
150633,SQL_injection,58747867ca5ea2555cead4750a3f6651117b95df41032416abb00aa846fdfa23,6743691b24ed4bbe9a83d08f51adf5165f4fc9646badb15ae345e1e3bccbcddb,SQL_injection,1
150657,Normal,9e423d2ca8d48c04d4e964a0a503d5fbf94c2738db57c43b8d99fce7982e38ef,0ab0a4bdc11b65147e2d17e6272ea58ea7c96e1d15a0591d1e17b6626d20e996,Normal,1
150670,DDoS_ICMP,1b9202e8f8318295d042a473468c90768004e73ed57f1cbc588490cf987f3007,2d906ea7dee5a036cde8c3b64a8ffa853010c7565ce8e716b7bdc61ef0658dea,DDoS_ICMP,1
150733,Fingerprinting,643dd062aeb6be1edb557380c3969322087655c909d698e86202f9e84ba8d705,101455d87bd7f9601a31d6f0e43cb5e13c8378f0db5f0d671b0e95d7e937291b,Port_Scanning,0
150818,SQL_injection,5034f606ee38c65e2d0ad1605fe1aa56c0d7239f14250c40d8e5ca77febef050,810313f13d19db945c8441e679cc5b4a65f71062f81b35d80728e395226e58ec,SQL_injection,1
150868,Port_Scanning,9d763b6b80f14f06fc7ab61661896ce3517977579bd1766ef5b0a3dd6cff98c8,101455d87bd7f9601a31d6f0e43cb5e13c8378f0db5f0d671b0e95d7e937291b,Port_Scanning,1
150900,DDoS_HTTP,68b863546990107c4fb75d76aa8846d1d6911070a01495470b885103310c3cfe,5ea0d8d0962211e49c3445bca1ec9c87236be17459c4f2a7b65c61bfc5f6015b,DDoS_HTTP,1
150903,Vulnerability_scanner,1bed71bcc21d73d7bb1c66082f99925f8f01d2539ea7a01ddc84d581956ab2af,b9d8ef639f4f6195378ab5648dd84c5bb3758ac23c5a03fdae1648455f0bd85b,Vulnerability_scanner,1
150960,DDoS_UDP,ea64409ffebed76376d204be2d174e09ae9ff93bf6a1d58885958ef450199362,dafd195e9082d9026ef8d977930d1f2919bcf40201b8a60ca3a479483cf2e33d,DDoS_UDP,1
150967,DDoS_TCP,05411178501f2fb3cc7880a79e6bc11fcc7f654934d0a073b0a855abef82937c,0dd4c30b9456b3806388046b5deb743be0849f1bc8252b589bf86351beab0511,DDoS_TCP,1
150994,Ransomware,ab74b5aff3b67a06667fe93c1df98f5f9ee57b29f3e051fd30a8d2487ab5b7b9,e8f0bb058137c5a25af3cd5263c6bf16011afb4cca61e79064f75247ab567137,Ransomware,1
151050,DDoS_TCP,e50f3d268a98e58cb13e86f3ab689cfc8a470ec647cc63135ec0baffcc080674,283e6ae8c7833fa2f41bb46c7f40d964f901afe5fad4fd13b23194c3496afc1d,DDoS_TCP,1
151123,Normal,e20f08554c3f86a49beedf527c061b371f2381dc2ce31909e7f55ac4520168da,73820d0fb22bab0989073e45358904ab7dfad756b8abf6369fae4bfb4c3a7daa,Normal,1
151282,Uploading,51248e2ba9bdd1dc0561f1f306e522541005f71d570c964872d699bc8331bbc6,80ffc8bb2d7dd0fcb6368cbdcd35dada03935b5d3c6bd883913daa8b9c83b290,XSS,0
151408,Ransomware,73e71fb8858cd8bd79175148ecaa256e5d173f58b7260fffb24fef9d6a35ce4e,238218b039283f5a45ee0d38f4ad7e90ea8db0b682a1f59d4cc6831d5db1ceda,Ransomware,1
151556,Password,98deb0885bbd797691d54f94d37bfd6fd87e55b921dae68037715e1c0518502b,9d873c3b1d019c4faeea99d9ad3de01a1cf082fb526cc2a7e7e6dd8b0f8538f1,Password,1
151582,Normal,9b24ab8ffb5c71f08afb2501f30c0a0e71351eb79f96c7bc14882d7914c6599e,f1c6dda1616030c8276baf0a3f458b6523d96dfe7bb4c56d128a0999e4b1cd72,Normal,1
151779,Ransomware,71dafd5ac4b3f640320b3bf2c4cfd2a6c1a58267c248727ffe387a3bd673ede4,8b8769b55133d61bc6ab7eb3ee94ef210ee970dc3d028235e3e664094e54a086,Ransomware,1
151788,DDoS_ICMP,d3cfcd7bb7556513f6bfe7a725f1cf7e848f492c9b6020457c757abbe22550d7,2ebf7a3eb3bd2a724a6147a2af582d70c9c51576049936e1279250b5a649ba07,DDoS_ICMP,1
151909,DDoS_UDP,5a82eafdd7e5234e0b7713a5ff2d384a503b931ba0a079b6405e086e762a48b8,af0bb47c331aec249d7acf3b25c2ea2a726db14a3f0f817e3385ca2e382de851,DDoS_UDP,1
151999,MITM,d22cdda13141a716124a7a6d66fee5b39009cecb533a43ee1b7da2fbeda32293,d1ca59a4b2348861eb2e088f5e445ef8c2c3a9548766140cec48b5647c15361a,MITM,1
152075,SQL_injection,f3ed8c43373d017ecca859dd63654ddc4b16261441edf8b758c504c1ae1b4816,aeea352cd55dbcffacb307dded79d6de52b2e70c87cbcc9e10d711fe11166ce9,SQL_injection,1
152288,DDoS_HTTP,0987ec7f30c6a9502e4c23456e37871cd6129bb7b54e6eab44fce97409646161,63abd87226399489c528860b1831dd662d815f61cb40ce108a2ecc8adc748cde,DDoS_HTTP,1
152670,DDoS_HTTP,db0558e4f29b04c34e5e52fe36c50f720b73b4a34d7f1c03b864de357b9c9c62,f06d1da9248dc51d8ced28358d8ddf7dda74a5399808be6c9eb60f3f584e74fb,DDoS_HTTP,1
152674,Backdoor,04a1a014d67757e532d0539cf566b0f1fcfdf4ca0402ad4371144240139e5874,1cff1a1148d0e4ab078982bc06106b1a4149d1ab42c1341078d0dd3d7b403cdd,Backdoor,1
153134,Vulnerability_scanner,e8cb94e14fe82f49184449fdd80b1e396a9ef1277b0e0e784f361d60e9df937d,0273ac33618dd34bbc46726d9cd59ee14e66f05d4cf1aab9ec1b95f8396a9bc2,Vulnerability_scanner,1
153159,Password,c8e79d1479cd04952e9fe76b6daad02f3796241212f765eea3dd8146c99f3995,de1ccc2f28f2b04d19104d80cbc3524ccfaf0fd30b66b76824f490815c645fce,Password,1
153334,DDoS_UDP,8b8a20f5f30ecb7e32a179ab47a577dcfe891d26adb5d7eac5095e94df447e97,ebd6fae29f3317eb8b315978318bc70ff890d04356bbc4937fd2fb64d7de1e07,DDoS_UDP,1
153418,Password,030a939b9f34d256e88128205f57ab3a5639a0e5edd5148582a27c87e2f807c3,9b307224c447793ba08eb234e8ef472b490c25b2a313308541532ce5b5d54a8c,Password,1
153459,Backdoor,47514cbd0443167eb9cbc465b074730b2b12b1789f933929769c6033b24783cc,1738c8fc94c2d26633bf905b1f21ddd920a8d20d5363b29ded62133ba5819050,Backdoor,1
153532,SQL_injection,45519fcb9ecc8ee43689ff536e3b146bb996a824f7bfee47452af917c7410704,79bf3dde272d8189324caceba180f059f5f4bdce3ea75c1ddea68b4ada386792,SQL_injection,1
153539,MITM,97308c320a8dcdca2e9f750370b87aceebc5d7a22791b5fdfdf466fcdb7ffda7,89cc3112f38bc350efe19d00e845c613de608b2596c6d481137593aef6feea38,MITM,1
153774,MITM,d22cdda13141a716124a7a6d66fee5b39009cecb533a43ee1b7da2fbeda32293,d1ca59a4b2348861eb2e088f5e445ef8c2c3a9548766140cec48b5647c15361a,MITM,1
153796,Ransomware,69490e5724474920714f539e57056d2b5c8f59cc6d5750e30cc672604159b3c6,8b8769b55133d61bc6ab7eb3ee94ef210ee970dc3d028235e3e664094e54a086,Ransomware,1
153867,DDoS_ICMP,f8cef5b8bea34f8705a8f68d20cd006906e9f3a86c430fee863cbd2fc9f4f004,2787b6b27f8b52e5a2ce7f9b48a7b83f5144432e5ea41b11dca310f37ae19aff,DDoS_ICMP,1
153874,Port_Scanning,8846fe0d7457a1024c68023005da02cc9e039cc704c50584a379b7e15db9f0d0,a660bd96b94bcaf1f612a9a8f25bc07df61343454a142ab5ee4ea3b6d21fee76,Port_Scanning,1
153966,DDoS_HTTP,cc5dc32fa2a2e074a79209a01be8601b3d00f9a26e7e119819039009c97295dc,71f67e1b1befe46cf99a8cf50c17a2701cfd45fc4064dc7bf19e338800e24c4e,XSS,0
154355,Ransomware,bb3ef4e8f708497860433a0432e50431bf904b406ac39bcaf784ae7346881d02,180023274e8ef2af8c5c51463390b1f3d1f784d023e36b5cdd537428c860a15a,Ransomware,1
154537,DDoS_ICMP,abd34aa196fe129019b72b139b901378577a047c3a1ae8e6506a77e641f7b228,2233fbef1b7f83b43a5a36e181f4f609625a22779f44f5a10a9743537eb40bd3,DDoS_ICMP,1
154688,Password,d57dc7305a204ae97da62462968a0a55369e3c1aa4862c2973bb8a425766e9cc,97fcf8ff40c5af37ef44c22cd5bb52ea7697ebc041faf200a09ec2236f522114,Password,1
154868,DDoS_HTTP,56729bde607334a44a581c3fa904c241b2652381ce794763ff6022beef80ca77,d630a16ddd1cea0e1ae7e1b9c6c3c763801c6cea48a915d9ae36dfda9bd6c3fd,DDoS_HTTP,1
155229,MITM,bae42f1c3f3e5950c0743d0d59f28114d7ed491ee31a25135a6d1499d6732e14,30a4cdbdeb117e033080216cfb416bfe482ec31c27d733981afeee213a506e0c,MITM,1
155364,Vulnerability_scanner,d7c708c9c9523cbf8eeab2f7625c8a658d77ebbdf5b2ff8bd70eac5303a53f20,3c684d0d4e0c6ae4a25429e9da7f3e636f141ee644f336ed89f52f8981a20b85,Vulnerability_scanner,1
155391,DDoS_HTTP,cfa64d294e99080b5b756b73039b0accad08c7298a1d6e50b0c2a006877b42a9,baf3f78a82cf3b39b22e8c8fade49c4dea562acfac9bb6c648d4588cdc3a207d,DDoS_HTTP,1
155517,DDoS_ICMP,8ac84dc736cc12aa73ddcaa7a4c8352ca3db6b582fcd3246ce0a8807c7332399,1254be40513ca94973a1693299093a5fbff3091f80c147292994e7828f8964b0,DDoS_ICMP,1
155662,DDoS_ICMP,1a0e7eaceb326b03ea99090a5742db7b8a9e323a8610113f58b70d3753730125,2f33f0058cc9268cdd48deab9b2c15d4dfd4050e2b8fd3f3b30451989a79fa27,DDoS_ICMP,1
155668,DDoS_HTTP,fb8174f2abca20a441662a2d656d569168389f1e0e8618c997dff9f727eed2b1,c4f4893154c9377ee6943b42cf870b38894e469b772969274466d9c560b6764e,Password,0
155828,XSS,e0d4c7d12fe0ba8e93418f882b6bb9c5bc3825839ee66cc94ff06cd2ad166cc0,b64ec4451582fc1d30890aa69d565a2a8f1b069e046c255529de715b727c95fe,XSS,1
155905,Backdoor,264dd67b6fc0d0df00b71fcf735c499451ff1f2ef1789dabf405c6a0792d5679,1cff1a1148d0e4ab078982bc06106b1a4149d1ab42c1341078d0dd3d7b403cdd,Backdoor,1
155918,Port_Scanning,9d51b0810ba312831d87a4b6d4b0d9baa92d732557b2583598ec20d16ee0aa43,6e34e63e034a415bb61b08154568ec2dc4b8906c40ba7e60f9cbce3b9bb7a975,Port_Scanning,1
156027,MITM,02eb34bc8d206e44151bb1cd00b78a52eb7ea55ccccbcb2f181d9b28a1b3cf42,89cc3112f38bc350efe19d00e845c613de608b2596c6d481137593aef6feea38,MITM,1
156049,SQL_injection,6299db331f14253da6420613af34b419588cc97020294d7943f85d03291a7042,1d9587d8e6f49ace6cbbb2b464e898897f3f8a4487a3ef8337ec55121b2248f2,SQL_injection,1
156143,Uploading,5d3f8720c6d750a5bdf652d6670820292fc5a3905b9b900502b32d999cd85eef,d89222015f855e3923f459a04ce35fcefc7ee9a11a65132af45a89d229ea274a,XSS,0
156287,DDoS_TCP,038509907f96ef7d8a1ad1215450f22f35b9ad1cf49918a72781740e9a84e9c3,29ebb849376c6ca6867ffe9a8c48ff5f53047e1a807679e0b786b64aa68c54eb,DDoS_TCP,1
156343,DDoS_TCP,68a3cb947802fc26087891bd9234bb8b7460f47213f38ced13513664742209ee,1680a311d80dbe5cacba420469e28bb8a3e243f3bb8e1434fd7e138600707132,DDoS_TCP,1
156392,Port_Scanning,ae2546049559767feb9fdb24f6f20cf74b51f6fa1936247c101a9676d9bb2d42,a7b2bbdae8a43c8023b7a52821d9f5fac2568448ca072cb796912fddf282ee47,Port_Scanning,1
156446,Port_Scanning,42d79bfe9f2c5c762c99d3ec239d5aa9debdfa9e45ab22820c42f3215b15bc23,94d2adb597db6361303a6dff52d9452aa3676b24571cfb7302bcabfc51fef567,Port_Scanning,1
156523,Uploading,1a4c1dc7546606da6c80125996f86149e1da1ad507b63122c185332885896e30,45f091d7344a34205cd5a4e4d7a17b9828990f244b7502e3e011ee58310ee076,XSS,0
156557,DDoS_ICMP,e3eb0d29b0b255a40782e87d09a1508901fa524894ff449c14a8ff7dea28c3e5,a3c745ce979a726c2616d789b5d31c98f3ec0a83678182d0238a1e72eb11aeba,DDoS_ICMP,1
156692,Password,2daf917be0b254e98a76978289a8d98f0416a2bfcda00f0a76c9697de1fb46b1,454c39415e0a5a13149650e40ca4069dd5d4844c604044dbc7c2a4c3bb04f48b,Password,1
156732,Password,ea737fe5b21b990703a6e6f398263d29cca31ec439e614e079e994b099fce6f5,27a4283f3663dae785022552458a1da6c6a62c848f65e844abee5066c4bcb172,DDoS_HTTP,0
156833,SQL_injection,211a370f6f5360b624732581a05bd105cab772aabb77e0cfe6368b1b01a7ff76,a4ee90b924c16bbfe6ce0ca70edce4e0d5b6b13e94f21fa845b0f373631e7730,SQL_injection,1
156936,Password,55e2902817d3e8fb3ee430ce069758bd48b6dbcaba92c0ef8f1a61d3a9e8b059,27479b7f5f9b6f7c7ecba6e4fa8d529bb2ade512696562aa4d7db665eba9e7d5,Password,1
156966,Vulnerability_scanner,596cc09a7f8efa0d92047ba58961e0531234f936fe15fe4d2bc9286298ca5791,1d71ac51b32971d62311d5d09d0c52efd633acdf12befb38fca45eccb10ec34a,Vulnerability_scanner,1
157068,Ransomware,b5eb7880aa3febc8618bb9c713a8fe8b31f0c875d293c758ccc7bd6245b05e17,238218b039283f5a45ee0d38f4ad7e90ea8db0b682a1f59d4cc6831d5db1ceda,Ransomware,1
157119,DDoS_HTTP,c247a3ee6ab0290d81f45a24362e2c9990fc8490521f8a41605dbfffd173a41c,2ac1ab80fc43424da7b69ecfe8d63ec8c6ef796815920157c8bd28413dfce333,DDoS_HTTP,1
157228,DDoS_HTTP,750efe1e1e09558fc9feb77d1ef22503bdeb939b334dd9092201019ac88e12f2,46939c7efe4a20d1d920805e5ae66d1444b0173d3bf8ebd02d0dd8aae74f7bd6,XSS,0
157268,Backdoor,c23da68a8dd7df683cf3514c8feb4417531dddbfa8a2b27b0483da5acf5b587e,d7e366a3c0aed5c051f84a2f62373944a683893e5624be1584467d27e0c05f60,Backdoor,1
157383,Normal,5cce39332cb414793698e63edd20f0ca6de633d2c739ed3c00a35d9f1d7fa60e,77d7943c2002d8456159d4376669d9201882fc3801c1b4e197f50e3bfb5069ad,Normal,1
157453,DDoS_UDP,65fc700eee2761957b4269792aeede6ffc66ecb16bfe26441b4c265e971b4a66,1ad985cdb986f36d80ee7af0db537d8a8bd548a6f508dceb3d2c49f7c3b3df40,DDoS_UDP,1
157496,Backdoor,81b579ebdf5e4837567fda81842935b5cd1bcde49c9208e6caee77476dc56b1e,1cff1a1148d0e4ab078982bc06106b1a4149d1ab42c1341078d0dd3d7b403cdd,Backdoor,1
157626,Fingerprinting,9c7c627a462c73e1c21d5e9037138bd8a76ce5c1e17ea870a2eccc6d9d5f6b41,e361ae3bbbd3c4ff174de1d64c1dbfde83e84408d4ac8f377e1306311c7a25ed,Fingerprinting,1
157733,DDoS_ICMP,223c722f986cd8e23755557a5ea5994366eaf664de947d1f22302adcc844b9dd,7c2e641a22846ae8fcca94706475d763ad2828282161d7441a255d46fb2e73e2,DDoS_ICMP,1
157877,Normal,8feb755f8a72ffa1fd9b0e033cc30c101e5e49508bfe992e78e4e2ed48a2330e,fad016d3b4dbbc74562964d10267d4edd35a887a3f0b2b4ae560dbf8858d0a12,Normal,1
158158,Uploading,0caff924e934956c2c660372be435188801869824528a3f62235e77cfe1cc0f4,6c0d66e2de68ca060fd144394dc0da4c504f47cd993fe74b1e32fcecef040ea2,Uploading,1
158171,MITM,d22cdda13141a716124a7a6d66fee5b39009cecb533a43ee1b7da2fbeda32293,d1ca59a4b2348861eb2e088f5e445ef8c2c3a9548766140cec48b5647c15361a,MITM,1
158247,Ransomware,bc9e4e111b6e14087df03e41c53118795311c1d73e7ecdc01665d9c7280d2d95,238218b039283f5a45ee0d38f4ad7e90ea8db0b682a1f59d4cc6831d5db1ceda,Ransomware,1
158297,Port_Scanning,6f82355d41330ede670c72d3b8ce602036df9f748640968d72956df8dc12f211,32dd95dd00d03e2a7be6695df3de1fea9b4a8ca0cacac97cb0d0ec6fd4ad98f0,Port_Scanning,1
158381,Password,5ddd7496573621179dcc4350dee07a856ae5a546a77ba082c375c06b2ec5685a,7a194e2895eb35fe3eb4fb4a645f09baf4e39ee94d05344adc05f0d3347a9dfa,Password,1
158475,MITM,bae42f1c3f3e5950c0743d0d59f28114d7ed491ee31a25135a6d1499d6732e14,30a4cdbdeb117e033080216cfb416bfe482ec31c27d733981afeee213a506e0c,MITM,1
158547,XSS,2f04cc4be0fba977a8608d37317bd7818edc04c88d1af2a73b72e3b9ecd47aae,96badd18dabfeffcedbe60d860d3dbc9814dca53ada5f42d277fb567717e6e23,DDoS_HTTP,0
158590,Backdoor,a421cd566f9f4da720633bdbea89285fa432550e3994b833518f7110f4e52f3a,1cff1a1148d0e4ab078982bc06106b1a4149d1ab42c1341078d0dd3d7b403cdd,Backdoor,1
158785,Backdoor,2c73908fda6b35d0d70c71c82da08d5448046e59ff839aa54be076a60fa80a15,799635b400ddd6d31ea9d96d23a8445df6032e2bb8ead17f5cc2a379144523e2,Backdoor,1
158803,XSS,63998c8645bf1413230e603dcc43d438e56f2e5d072760024d0464773a7afec9,0302caed92388b0524106994a16d4d0e384add83c2d25dda3647081791262557,XSS,1
158812,Uploading,ab8013bcdcf3e2659499f386cf2c641c01cb70f3068bad902fc81e7b48b8d952,1787c6e3691974a3bc9a4836e5cad71ac5d6791fd20d78cd8414e375c859e0b4,XSS,0
158882,Port_Scanning,d69e4fd7032aeff80e53c96443c4aa00e90e1b9faa466b6832f319d5cc59f8ef,c441d7fdcbd1b57ac50dc3451e2255a5ce2039a16ad01765f47b82f3d938fdee,Port_Scanning,1
158897,MITM,2c16fbcdf9ae764396db726e85d88d51220c895d6cd2d13557118654b1435d79,f16f93b86149b5877d6393eab597213a591e2c77ae1c20e329fcee0d15aabffc,MITM,1
159155,XSS,a1de7fa7f529ae1614257f6ffff4b55af52ea59a260b07430e96efaee3a1062a,e505808d2b7d43439cf8af9cc5426a06563f386ac1ba85f6c0bb875bad25465d,XSS,1
159162,Uploading,dcdd85218e886db02ec82b8e1648d0d961b2a361de378b7e421591a787397215,2b049ed994a3738c98f0bf019e8c76220cc67ec7bff984752a9d49ae2a357327,Uploading,1
159271,Password,c5a5c39a2f78595bc2004779646fb076d741420b78cf1a6e807c95fa6e19d137,6c08d6bf0bf210b4f004cd971e369243ee2384d62da1707e4f1834d6a4e8ed01,Password,1
159334,XSS,1b219bc10651104d24612395d6ecce2a25cb5469e1883e5414d5338cd76be10c,af5f65d6ad4365bf72c6bbbff8b762716f1e1a9f6c88c32bf3c4da724c5cd503,XSS,1
159819,MITM,2c16fbcdf9ae764396db726e85d88d51220c895d6cd2d13557118654b1435d79,f16f93b86149b5877d6393eab597213a591e2c77ae1c20e329fcee0d15aabffc,MITM,1
159822,SQL_injection,b890a2d5cf6f6eff5d08e0fc07ea9ec4376e5bdfd5187298142f774093e0cbac,3fa3e00af669d43eff0bbf36abf921285e6bdb6111c6fa878290914f4446d520,SQL_injection,1
159866,Normal,23d36b3e1cb5294c910f120ca9d93857fbef4a95967491229aa2853f6b8d21d0,474274785aa7a83a2cb3175bd4c79ed88bf9745ac96ab27004629fe9c1009bd4,Normal,1
160168,DDoS_HTTP,2fdcce88c4732c279f32c079d21a2c8eb55eb49213f376b755212de27ca44349,b1395f5ea102e213630d6c60d95fb24936a46fa858b3b1a9901231043ca728b9,DDoS_HTTP,1
160433,DDoS_TCP,87cf784a0aa8d959d548bdc421fc899a67aa513a1d4f6e01c9c6782b507dd9c0,cbfb0340c8f7d93904395c10cb9e6b07c8524cc8c7b2dc75533833721c479c7f,DDoS_TCP,1
160608,MITM,bae42f1c3f3e5950c0743d0d59f28114d7ed491ee31a25135a6d1499d6732e14,30a4cdbdeb117e033080216cfb416bfe482ec31c27d733981afeee213a506e0c,MITM,1
160620,XSS,66b52570b00c170f0caa5968929f3629acfd828881913c4d006522f71870df4a,b460d9a06bb0146165b6a6c3c671bb576be5c5207341c04f00359dfa10396b7e,XSS,1
160681,Normal,62fce3b7fdc87282f78e8c44a3561de69613288f788737ff82c89d8a09903336,084e5e8c050312b78062410fe323f35d6fb7e6a78f46d2bfcf06ee9181a51a10,Normal,1
160689,MITM,bae42f1c3f3e5950c0743d0d59f28114d7ed491ee31a25135a6d1499d6732e14,30a4cdbdeb117e033080216cfb416bfe482ec31c27d733981afeee213a506e0c,MITM,1
160760,Fingerprinting,c726497a26e53f8cb611862c25f9c6671854d00c75a3d6eb855179114e0ee2c4,8d5b6d9141c844a46a9c0e992bc9b70798bff6c6efc50de616538688d12bf1c0,Fingerprinting,1
161085,Vulnerability_scanner,07e92a132862d4a7231fe8d50812d3331b6e752e75242ad90f117eb4de2e6521,7f37ba114de1bb6c37c9ffed01c052f561316ff3443df071a71056b0d755a683,Vulnerability_scanner,1
161124,DDoS_HTTP,52b4d8f29d6e0fa335ad36b65b3ebe8c8822650b1d2e67662eac881f801b00c8,ac7cb9119abc1454497918006689c741e8d2128d0197bda81302a7ba940b0b51,DDoS_HTTP,1
161385,DDoS_TCP,2974c15ef355f65cd79fc5d5ad0485cd23e6d56c024016393587036d18aac32b,db94b0f6b040fc2e78f40fcd684e80281df64ae414247227123d4f49d69f369b,DDoS_TCP,1
161544,XSS,2d2858e56f08b7425db71ac9bd875164bb23942f0970a9f2091b8cfb3255e181,3f644a7384a03b98f6be9159dae8e9495a7b99c018e6957bf5600be5983e52d7,XSS,1
161553,XSS,6cd2c02fa7afd06330ecd8f6fe4e82c896e8aa553d98e836041c51370ba37a74,a5299b40193083a27c69b94030b39c9e597686bd724ff9cc683c18ab5581087d,XSS,1
161749,Fingerprinting,8c9d50e414591eeffc760dbf027bfa7d8c225e82ecb89f4e482fcb9b8e5e7e3b,e361ae3bbbd3c4ff174de1d64c1dbfde83e84408d4ac8f377e1306311c7a25ed,Fingerprinting,1
161911,Uploading,c79668671e80aded13ff0a0b5671fa08cf9ab9b62560c457fd0b01441b918b56,52593c672532013b7136b7288e5482167854a215eaf8d0ecc793779b11a18ff6,Uploading,1
162004,Port_Scanning,2ab208393e4ffc9e5c8bdebee41a96a1222cc9d85773f19fd3a36ae79d3d6717,9ef58fc9b52284a0e472005ce38a2f3d3d21857763bf688263037ecba8553da7,Port_Scanning,1
162140,DDoS_UDP,8bcf6b845bab40934f2f6c28364bccd9e3177ca8451d62d543f3beaaf2d422a8,29f2ce4e423639d765bba3afba18e92a62b74ce58ff60f28df6d703cf1927779,DDoS_UDP,1
162256,DDoS_UDP,d4ca60bc5222f3a0ce65b716da5d125ab8d07a044bdd25ad85bc3ab260bcd266,34b958c9458d032805378365d57fd8b21837da8bfedd08d4262e69e527f066f0,DDoS_UDP,1
162423,Ransomware,cb18083f0c11429cbb4561c73f75e15c8ab0ba9a22aac091df4e2c6c5a37ef41,b1fad3c9d62a85381514a91c526472f67e6576b296da22fe78c227e26cdbf424,Ransomware,1
162432,SQL_injection,55140ad6b5ea09f6fef217b3eb5975521710dd537c9a1db7bb8fbb9243cda3b9,dd57f14ffb097d4e8ceb699b54dc11cc80558481f8ae64a56e96e807e6ae381f,SQL_injection,1
162506,Uploading,985c397dc08cbf7793ab04f0c2de4c119aeeeb9e4b1b9ebca48c88b7b4aa4873,7322170b51bfa704dbe30246285923bd54b6979acf1d03d57341dea9393b9114,XSS,0
162901,Normal,fcbf02aa8d586f7caebcaf858c07ee42af9daa5b47b7a9b27d88b5f4c16ba673,e1f7833ad3671c146cec5e0b3dc69823346034aa5832861396ad4b5a7b28ff0e,Normal,1
162960,XSS,ebf53d19e0ee6c60cf40e257e8973aa4d5d61c51f7a88dd1966594ac907ee80a,3092a99ae882fd0317fb68f711dcf22f88c89d9c14a49bc83b619679a899154c,XSS,1
163010,Normal,e7b541262cfa9440a54e5cd93f558d7980ea1a05cc0cf76bcfa1eb4a1127ea63,126c192bc84a607a96930941157ba7fbad130a5469ac64a0324d3fdc27d72d7d,Normal,1
163023,Uploading,f54ede564d1c62ba8aeaf07b1daa6ba35f2b3dad271ccff4664ce05706815bd6,75dd094c3c13d8c00183c45c99ffd785d29225e800738fa79d99ce3d83daede8,Uploading,1
163084,DDoS_TCP,d676cc6deb233e57c93b54ec0ff0af028becaff4c066d15a202dfe035e274853,7fb6908aad5413da0f30282902fa917a2f1743ec4b73841c4269a26b5a8b4719,DDoS_TCP,1
163107,Port_Scanning,c1b33a1c623b0d0f3681dfe9d301d223d10e54743d8e55f75fadcd292502d956,f35dab5b80ab5c51ff529e484bc6729b8af00a4f5d8f97f0fe8b9c74474cf34a,Port_Scanning,1
163119,MITM,9c2c515def93008c34e5ddebeefd69eee86d59f6d3e8ae887ac89f83d7149dd8,89cc3112f38bc350efe19d00e845c613de608b2596c6d481137593aef6feea38,MITM,1
163144,SQL_injection,242ea641c84fea0e226d2f01e0ab30f8b16301e5bc028cb1a46cb3f209fbd882,f3defae10f7203cf511578de2f4d108e4242919b299aa19ba223539f33b40535,SQL_injection,1
163197,Password,764b9f90961b0dfc44d1429ebaa9e2b3117a67b1128e0542eade52cc8bd01ff4,038cd4fce73f5cdd207b035101ee4b00d086bc832369183d17f0067fd0d6e8fa,Password,1
163208,Uploading,d0b6047675361c8ec61360516b424128503a3eeef0cd44c3f77dc315b6af1d66,fffdcc25d8eb9e547ab6e83e1e46b77e2d926c3a3e0f0f91426a9d8153054306,Uploading,1
163340,DDoS_TCP,2f9f4cfe82beac8b4487141b5c801ff11affb6c1f275379561eba64611890bb2,e78b4bbfbe10e38304d1d2b7e333e3cf421a8d4aa0e8cb476668f1d712ba3101,DDoS_TCP,1
163349,DDoS_ICMP,24f40dca2550d09ca3f5b81f7fe8257e6d0d6b17e3370bb1d1ce5e62dee139bc,e381eb9642a0c3d6f1a8eb05b159e262f1968d9847e40bdc308053445e7a641c,DDoS_ICMP,1
163389,SQL_injection,ffbc36fdf2fb35a9780324d0d147e03eb16dab97b3452580658948c061dbc13b,683949876d80a305519db2cb82274ba13bc3115edc735c696f733e2d9498d4e5,SQL_injection,1
163410,Uploading,9bc4b96bc1aba541ab1365cc7584dc0f950f7678995ca4575989529799c241ef,314c806b6c398c24913c56855cd9685d88180c21fd680ad5b1144e8f9009cf47,Uploading,1
163465,DDoS_ICMP,b4e9ff75f0fa6197af20f3b30cda44d67ca32b3dd315c7b51c27064dee5c6e96,75fb08dfbc1f84a35f3065f849b3402b11a4f9b10efdb7a25ac39935cbfe618e,DDoS_ICMP,1
163706,Fingerprinting,0ed8a54dd897e7c4bfe80a8a8aa7f3a4f6bb286919500d1e35b897a9103d901b,0c9b8ee6d7462f93ca1089c93bac8ac8e610de7b1e2e6ea1cc85817e83a18a12,Fingerprinting,1
163759,DDoS_UDP,c87923921ddf23fcc2732b546e839696f80cba8ebc9ee45ae16f65214263769a,86abc3a867f8114c827afeb7477861318eb499c88354669dd63c17b74377f5e2,DDoS_UDP,1
163760,Normal,0ff09eed688cc9126eb04e9d11a94c2cbf6ec516603a59a2034f674ebcda8d7a,18dbfdc92148f19315e053a98c2f0473fc9da53179472dbc8c2b672a0d3dbd1d,Normal,1
163795,Backdoor,7b7265c3783267b670884514dfab891c950942042ec98b52cf2eb84bbd1a8f8d,1cff1a1148d0e4ab078982bc06106b1a4149d1ab42c1341078d0dd3d7b403cdd,Backdoor,1
163883,Backdoor,db8cc315194ad2eefd39d48f6cbdfdcf9d16997133e0b5540e4679878e9ca49e,0d69dc74f0526f06071023b1904be393f42c6380ab2cd5fa777c2bc0235bc84c,Backdoor,1
163903,Normal,27cd107215409ad0cf386b504b2c010e0d1eaf08fb6f05e11bb71a6cca03a8a3,96c88ffb74023c521e2c8da2bc366b29ec8d4efbd92939b0cf841d922993f575,Normal,1
163984,Uploading,0f69d389cfd4a144ad77120e14e92844fb3a9cf173741d92a58b2a11fdd33236,05e023a2f6d46d94718c62e621aab017a2c24cac33be4063536f9a8f49d26bce,XSS,0
163992,Port_Scanning,874d1d8eca841c099d705971a71b7bed78637e89ee12bd674e78e36a4689e561,1564faa37f98ef51614685e92c069503c919f20fd150caaff7e292cbf49472b8,Port_Scanning,1
164220,SQL_injection,31501e09919d45bb5a74bfd95a51c05efece4ee5d6d61a899335f985083945f0,5902407744a5d23aee357862615040e3b168800f1b2c5a906b7d5f2fb15aaaa2,SQL_injection,1
164275,SQL_injection,0f0efcc7d5766ff6dd22e27e866ceb2f6a05ffbe231c87d2fd6895c71b0a827d,05ef9b136277e6c08f08a9a4d3754fb8ab82594a8c06e211eff599e6608c1e79,SQL_injection,1
164304,Password,413ef44d4a3679e152371e58a7c42e07fe581c585c4c33588cbc8613eb39ab29,29c146f59b5ce13600923eaa239a9d504adbd7635f0ff467b9036162297282d7,Password,1
164315,Password,a30f2f47ad7b0277f64e178e9b8703d6ce4c10158284cd7cc085f665f46d3a46,ac1f4d1840a11c6d2f9c23a868d07d1396ff666cce9bea3fd12f4080be827bb9,XSS,0
164335,DDoS_ICMP,59886cb2c7ac1d198c4f30c43d8ae30ce3c8873c9b8e2977b867199a453cb1ec,3afceb6c0fc06bdf2fa254cb97c0e55f8a5b188a51a1a4e5023661968519d5e3,DDoS_ICMP,1
164341,Ransomware,43d872cc36336c8c7fbce2a9dea01132e718626b2decc89042588f936925f3b2,c9eeb6265a99aad8b7c87ef3f8a2c2be32e4bf5441b37bd864a7a8c7fd2ff36c,Ransomware,1
164474,Port_Scanning,4be385ce2a18ccbb0b8476809e82422016e6777ccbb94f5b2f180d143acbad84,101455d87bd7f9601a31d6f0e43cb5e13c8378f0db5f0d671b0e95d7e937291b,Port_Scanning,1
164542,Vulnerability_scanner,0a3d964fc07427736bb07b6d6720387b87644e799c58c8e664dd5619f83fae8d,0a454974339beebb1e1f401633b1ee142e2e93a89ae31bfdc577a98be22dac30,Vulnerability_scanner,1
164608,Ransomware,5f76d55a9bc8c79e3d730d57a909c14eef9c5e411db61a9de42f725e29e9e63e,f990a368b1b6eb34e5072d78ad3618617802d57a4ddba4ea47d9afac63bed4a4,Ransomware,1
165197,XSS,ecefc014069ae767f4c8c1a2c81190e3e025e0650f2f157d5b06a6ce526c44ca,abfe8d595fa59c5e708d6f35f2e447e341c56a9912251bec5555df4e028adcdb,XSS,1
165302,Normal,352f4b83c7587c6587574e8ac05af9c240632423bbeed3f0eedba76026d42835,be9bb36c66c76b1ddf4bf8ea57afb48632426f28e1677a379d36f03905f8088f,Normal,1
165327,Password,6ac721ea175b7279503f3715c31c257d0c252dca8930dd9f5cde44cff11d6bb0,7b9794d55c31445283a7b5efc775896a506667c0741570787a1bbd161d42276f,DDoS_HTTP,0
165351,Port_Scanning,06265ef0db3f1d84b94718923b0b949bd5b0cbf5975184955a9e84e74babaffd,143daf9b58cb4104f390c9423583291da578a05910e3051de98968489fc8e556,Port_Scanning,1
165737,DDoS_ICMP,4fe8a713fc6792ff60a1a66b94a11a9f0b511c39ae4cfe7834278bcbbe4431e1,a5d1f2ad91c1de98b3e33f7e35a37597cf078bf399f43efbee3cf0ad816951c8,DDoS_ICMP,1
165769,Ransomware,49a62def5f5750e9ff86ee887d218b63d8f0d77b053ccdc7fae1ac89686f4b1f,e8f0bb058137c5a25af3cd5263c6bf16011afb4cca61e79064f75247ab567137,Ransomware,1
165777,MITM,bae42f1c3f3e5950c0743d0d59f28114d7ed491ee31a25135a6d1499d6732e14,30a4cdbdeb117e033080216cfb416bfe482ec31c27d733981afeee213a506e0c,MITM,1
165957,Password,e0a3d4fb68d43c509929143da5c4a4a43e55f5acdece8936e679f400a650503b,3e78cb1b997e0570af11c572cc110e54c6fc8461eb400bee02ddd5f2b5d4de33,Password,1
166055,SQL_injection,ae39cff96348d0e5e3f9b9c3857cfe76ff941494b423cf19aa23439ef9ce129a,6266e3b59bc5f9cdd2cc7787249f4edbd2192bff4fe78e1b3b303885b5f1b582,SQL_injection,1
166057,Ransomware,c8dbc371083ff9b893d83007be725c8f2c23522fd5104b88e30d95c6c4d4d391,8b8769b55133d61bc6ab7eb3ee94ef210ee970dc3d028235e3e664094e54a086,Ransomware,1
166076,Backdoor,f67b85f7b02e2aa6ff2dbcf0ee1e9c2e4f6fadfaf0c2c97728c595e8a36d7e83,10d918ad575c17204031b59bb7cb0ffc4464b4a669694f661c4cc928858dcfde,Backdoor,1
166163,Uploading,8f66e77ff2dd53724c9dc92a32ea913a25442a424b87bd6a3af652332e201a59,d85c62d079ae7a96f8147ef987638b6b15ede56671f60bd094cf10c34303a640,XSS,0
166241,Ransomware,715a32802aaa77e3e6a88e899f815e2cdfde89c4021d2ccec91f28508b0534bc,15d67b93aeb11dbc8f6289f3d603abf0f5e49547624ebc1efc11203638afe585,Ransomware,1
166418,Vulnerability_scanner,cd9619eee7035123ce90e40c8c91de7b577d980350ce89eb481dad31425f8a56,2f6ad841cd42c561c67dc55cc12053a28e3e279369e35d223338e56ba7a006af,Vulnerability_scanner,1
166677,DDoS_HTTP,87eb2a89a8b6fe3ae6f339c8d8cd075a67da2fc2830ba129da120704039417d0,a7b1cc26e801dc01bc63667f265efcaee166531b921c30c268af3e525215a6e0,DDoS_HTTP,1
166719,DDoS_ICMP,7bf36b88b9ce3b9b39905fadcf15b97dc30c0fe88d0bb32305a0bed4289e709a,46e1624f6e6e1cc40d82d5dedcd243b506c47af3c3275eb77a14f228c15f5a04,DDoS_ICMP,1
166820,DDoS_HTTP,24fb9dbc7230e2f20e154253bf720d88cdb6ac3c980e44a06abaeab9971298b8,94af770ee0ddd45ba15b55564bcca2a2c13f07a1f91b3ff0c04c17d8d0860a45,DDoS_HTTP,1
166916,DDoS_UDP,11f6afe9c3e6c7e40231d76e416bc5c7040f5c4db621e5aa54239fdc766da218,ad3056a1a8e4262bb16cab206edc713a88926b558676d05856e8ae36851540ec,DDoS_UDP,1
166929,Normal,57d0e2707cb062a4a80ba7b9acd35e909d515eded05523e622b01e1c0bfb991a,1a578ab24fbad09316e1d797614f3bc0d65554fc72ca483f03c87a10abd4f858,Normal,1
167186,DDoS_TCP,bea71419f653d446a75bb50f2dce527c4e7c23f1802460423e46147cdfa956e8,93caa14ae1c7463dde797e94766febcf912ca00b0d79183f32e52222f70fdb4d,DDoS_TCP,1
167216,XSS,2ad8f71c9b8fb581424fe4b84cfea3773b377f5d973d33d2a312862a24d792c1,3e2d5fe9425571ec313d1f5df69f56a1e7dac25841de0fcb9ecdb01534cf0023,XSS,1
167260,DDoS_HTTP,10b2a6303c7021d3c49c596d233480064f8f1c1dfec77ac92bee7aec37149c2c,e348eaa7e6db1f2243186b8e80090ac9fb5a6f55b339960a34e904aba80f7106,DDoS_HTTP,1
167382,Normal,ba1cb92b45516da87bc8e531ea95fa9711e1410a953f492cbc146b5a9cbb6ee8,964b29a477aca6a5c67b38b85fce27ec9a15ed3ab0b8c676abf2709c3d07f999,Normal,1
167419,XSS,3cee0f1bc94f0a7bbb1c111b41ebb79b3927d91680a2bd16769756f3939efe50,1150c77cf096a784ef8cc98157a8280af3c23dd14959632b4162d1b8cb3f842d,XSS,1
167538,Password,122493c765f5a7e47f6b8552592ee53c378f1a4cf7f9dfae3b777052a26d64c9,1824b369500a9e1eeaeaf517f3f65e2e785f958d8a78ba31ef54b19a139a552f,Password,1
167577,Password,ad1feab6416ff89b90065773ef091c85bd1805c43b78947e8ecb0875dbb28ef3,a12b864da18f7ed5f3f846c70ecd504a52a3c623e67be4d7adba5a7bee67199d,Uploading,0
167585,XSS,3949b83acfdf90521263fe1e7407217f8dbfbe0f2c67a4ce20c9fb17c25569c5,2a3363cd893ce10bf160dbc4550019361b4aefbf0c56e1d1f9acb60ca63a0bc2,XSS,1
167697,Vulnerability_scanner,085617218f142b465c411f97113f0875449b5c483c0fe9c4d379e5b602c2123e,507df3f7bf6baec2b609e3d9cc0ac1a56b9dc346b378c781e45cd963000b584d,Vulnerability_scanner,1
167726,Fingerprinting,5234cceeae45b94d1731b2139288a324ab4f5bab8c4cb432b2348f4ad48ce0a2,87c26f7e50a2697da37b7ea60fa95c610816de2f01efeb456508017b9ce6304f,Fingerprinting,1
167737,Uploading,d8c8eca34d94586076bd2fd606fb048bea8d9d5d3be794e2ca20799f1cf8f431,c076d94ee104802ab95ff5bab2677b783921db66ef798780d722d45036d59194,Uploading,1
167783,Port_Scanning,984eb1f6023329ed70367028e8396d72788fd92794740f201397cd9df06be045,f51a735e846e083eddb3aeaf2f28db9eeb4bd3979605b40fd09ae6c9b459bead,Port_Scanning,1
167806,SQL_injection,b178d7c21693815734d14479a32a9752a9c32ee9cb3d240a1443793c9bdff787,804aa09972d306638852654251aca8eb0d30505b46a107dc6d94bf0aee0c460f,SQL_injection,1
167810,Ransomware,68b0569021d2aa01213484bc775afede0e6831914f31f63c91aed6d76a02aae6,8d0bcb2004f4e16217f62d305debe4a3142edc254133d5b99d18db1422ff21aa,Ransomware,1
167832,Port_Scanning,457a94c277a317ee65dddc135a2096ffb9c33b3f3512b37dafa6dfc52cfe8885,75d45ac6f453d7dfcc9c2c5b6169328e0a7b15eac41bc75f40f2e784842dbee9,Port_Scanning,1
167910,DDoS_UDP,c77337ecd789bf6b674230917085eba2aef12836935ad6cab180bde13e6b8dc0,a4b99b165f01c3e366483f429221a30d27d1e3cc576ae0e2b873884f2a20d903,DDoS_UDP,1
168099,Ransomware,8281ff6b69358a473d7c6380b9a65c9d65adc5807d7aeaa39193857c1904a1fa,74723a8f87f172aa6dbc2ea0afff58a9a8c859764f242ebe33741610321e7bf5,Ransomware,1
168335,Backdoor,8a2af64e2787e0600464c28e74c4447ce39a636a8d4f31fff9bdaeaf1e1c5fdc,799635b400ddd6d31ea9d96d23a8445df6032e2bb8ead17f5cc2a379144523e2,Backdoor,1
168355,DDoS_TCP,8559b3ade83b3c52d8ca588d491f7c443e3dac9f48a05a7a789eb8d5edf2fbda,bb89ac3ed0d653899023fd0c2ec3418480537610b028a598a044c6ca87faf03d,DDoS_TCP,1
168632,DDoS_HTTP,9617d4742b0177449068e4b895aef8495b2aa7413e7fe954f927c59536bcaca2,1cedd452d15d04a48c0434243372c9120716f718318833a5aa30f4e3c2413bc8,DDoS_HTTP,1
168682,Vulnerability_scanner,d4003a649a550202cd71ebe2ca3b8929e9382ebd6f0779ccd4678080c7f656e3,503c42ddd2e103d710c84ccf26ce451a00469a30f2b5aab38b34b088e649172f,Vulnerability_scanner,1
168703,DDoS_UDP,6dbcd62ec7c0b557015fd7c240b4c738d4cdb367f80bd30a75ee13aed9999a5c,236ea263284216402a9a63e5bdbda14bf5c455df8b5b2953f304df57125feff5,DDoS_UDP,1
168852,Vulnerability_scanner,853b55fa16b394d8e1129a71eaef342e97cbc38eeab259a5017bd2de8d625c93,c858dc5688c5863519eeb749dce4fa2bfe74247e8d9c4f7ea9c35175b3789414,Vulnerability_scanner,1
168862,SQL_injection,8a54076fdcc5b3d90f4341bcec35996c418329d98da9b6a47b781ea8f5cdf6e1,a1ac83aa3c486f7a6454958ecc2afe3d44b2359d619a34891ace3d5d2574f471,SQL_injection,1
169015,Uploading,91144ff75c2b9d1aec6888814479caee227207d0d1a3db927e51d07f9325c124,000f1d4703318d916b718ca6ed807e58c5e59a08bdd632862d84eaeb8acd22af,Uploading,1
169079,Normal,4dd9cd37cf2ea848dc4c4101aeb8087f41ca28bde97e112d3ff798c64c31b2cb,3a5e8b88af9069113039e6fff6335cb781d5ca78c45edeff0d59600f0d152604,Normal,1
169099,MITM,bae42f1c3f3e5950c0743d0d59f28114d7ed491ee31a25135a6d1499d6732e14,30a4cdbdeb117e033080216cfb416bfe482ec31c27d733981afeee213a506e0c,MITM,1
169221,Port_Scanning,3c70b7ec222e85281c858b0b52870f757cf7e6fdb8c4e8ad7d8ee2d30c95fd98,42eda32017d4505d61a90817e95cfa30bd71900685c43beb54b8e75c748aeba5,Port_Scanning,1
169391,DDoS_TCP,67240c7a15a64d785ed74751a933e9e04cdbcca6f40d7c70824a141e42542d23,298bf72d1feb153f442c352f246edf4cb5f2fc00764c82d3bb0de99d91d9af37,DDoS_TCP,1
169439,DDoS_HTTP,d5e4fc41b31e2f3aace15f6bbf39f9fda4f3f42ace023977becd738398abe629,b544c60d4223a987f9a123d0a29808d201d9d9d0bcf1baf48323da36f93a156f,DDoS_HTTP,1
169463,Password,c43b00df493f62597087593765f5f289dd471beda01514c22128d154a1349dc3,1cecb05ca1a2aa3d0843989b564d1d0960b30609756f0fa9ee6a54ec3220f047,Password,1
169954,Password,72a96ee8ec5ef3f0d2f7d78f47faa6cc1c551d9f00a5b86141f82a71c2b09f30,dd36b956c02eb3c30071e285e0f8cb0b01e51b8bcd919e37f2e08333cd0c8113,DDoS_HTTP,0
170144,Uploading,a08cc4dd923447f5b1e759120bd22c7bd0597e6362edc84d997c8990a8a8fff6,2ad47fc8ecf373aa8a1260c48ebf47fa3b48902dbaf3d2a03157a90b55f39acb,XSS,0
170231,Backdoor,92659f896ebb0c20a68125b0ce53f0bfb14ec4abdcf5a9776bacce631ac4b580,799635b400ddd6d31ea9d96d23a8445df6032e2bb8ead17f5cc2a379144523e2,Backdoor,1
170283,Port_Scanning,b2fc77fcbe212ca36b12b9286ab999869c05c9b7aed1ce1fa3cb247673396b83,d488419eba9395a534e3e1e7e2622274728fb0cf09b94fa9b54d3bf39ebf0f8c,Port_Scanning,1
170294,Port_Scanning,6b4961fd9cb37d070348c7153ed50262333d8f3bf1cfb7ad02bf6db99c224b14,f5fce344e0f4773286063d0167a01ea013adf939cfce5c978ceeb8e7593605d9,Port_Scanning,1
170415,DDoS_UDP,012fa937ad98a79cdb7f0fd08a6a1ba4a7405b04ae0faa4f96663b9db2833dbc,57eed6fefb30f1242fb37b5cf8d3ddfb239f7da33bfede7de83b1dcc3ab62aef,DDoS_UDP,1
170677,Ransomware,2f6bbf4093140b5cbd9928c4c9bad2a51480614aed69ae6e99a045b5db7f015e,238218b039283f5a45ee0d38f4ad7e90ea8db0b682a1f59d4cc6831d5db1ceda,Ransomware,1
170911,DDoS_TCP,93873ebfc791815e99732a6922bbe40b2e48257d662561dd916c9e4f10dc84dc,d81756cb95379a225750be0f07bcdee5fbbf00c43e329c78a9b13d8f5df0da8c,DDoS_TCP,1
170981,DDoS_TCP,736f29eb8e9ce249198d4afb05c9f5cef5c014cdf7605614bbef1fbbee0f03eb,0342e2e7bca628d687f7be0f46239a81f25b9e030d693dfb77ee1ad8fb9107ee,DDoS_TCP,1
171317,MITM,bae42f1c3f3e5950c0743d0d59f28114d7ed491ee31a25135a6d1499d6732e14,30a4cdbdeb117e033080216cfb416bfe482ec31c27d733981afeee213a506e0c,MITM,1
171318,Ransomware,7e44381541caf07f3391927360d05f3a1f095c3d174abfa5fd77e0c9e5c3e70e,979550698efc92e409a07f8ce14e1406733da263c8763b436bfb6bd074e50719,Ransomware,1
171364,Vulnerability_scanner,c7f245e54f4d33ee2a53f7edfa693893583c2ce2792f7ad1ef7602d7f7c1c5e1,9325c8d95b9c45091b99c3c23a3550b73e89c540a9b91b79aa67da55c61b1d10,Vulnerability_scanner,1
171449,Password,99ed1cab984718b365f8c8cb1efb45b72df2f1316e651ffcd5a8e4c732e46efe,2c0f6884cc5b2c2ca7ce758cc77b7643da00495c5753e6c457a3189caf4b4870,Password,1
171592,DDoS_UDP,f8534991fb88350283cb9593f4e88d9a4e7319aa02aeb5394d686fc055cd7e5a,fc627ac087dc5c76b96f6df8c9544304454bc0a73ed560e292ce3de012ee8d2f,DDoS_UDP,1
171720,Port_Scanning,d5e26bf81709418fae506f1c20ffbaacc5bc4ac9e78e4013e6bd1371ef344e88,d856703244ba9e50069f06ba965e9da7349ed7129f2f8aac93bcb73a828dc063,Port_Scanning,1
171835,Vulnerability_scanner,ca0e4dce01ec9853fd63f4cfcac803bd7af26987de14c13d3329b5303db614df,b91c72f1839f9ee6f8fe52cb2451c919f0f0e43b1c94f7dbed93af0664ccaf05,Vulnerability_scanner,1
172054,Fingerprinting,8dc5252f8a5bc286a7d8cbf140c77a0871f4378b0b202ef78839c24e0597ed68,0c9b8ee6d7462f93ca1089c93bac8ac8e610de7b1e2e6ea1cc85817e83a18a12,Fingerprinting,1
172071,SQL_injection,955be25a08036d860e7dab1c6e712040a61ea81f37beab1868ed5b66d7e5ac57,33c7c43c2e5f94556c83c418a8924d6d091cf4e56dbe8b2e3f3e0fa79da6927b,SQL_injection,1
172072,DDoS_HTTP,a4c37684a13d434f09f021ddd84cd8740446f9497c696678825d6b183dbf9f5d,49df3645a6a7a5140bbabd8d9044310767aa4152336e7b365627c4ed9b4ad749,DDoS_HTTP,1
172312,Uploading,bb8f4850168462f96a02ee41386341fa4b1262a211c564a70087ce4a90ea2c13,54c944eb9d2b01e54112f4c6170672eb732d95a89f7c9299c3f6bc1ac0e77be2,Uploading,1
172388,Vulnerability_scanner,6a2ca3d40afe890a5244505a5a3d345a4d2338ca7dfabd57e63d0f8ba1961632,0b1b323d0a0c069cbb162cdb2255b2493a4f4c8076de90e695db15baf4e5ac6b,Vulnerability_scanner,1
172472,SQL_injection,4cfa515670ba248bfc21937239966859ca68c531d0510e8b3d96801cc84f04fb,8e40f9ccb15b4391487fa38f944ef5f5978a6ef6b78e8379e53786f22d014a8b,SQL_injection,1
172622,DDoS_ICMP,cb0b68a1f0e454160fa464cedcecb65e005b28eceba4e1bff5cc7c56aecce6bb,4b807665e1f51548b757a5152c1cffdfad8714f8209e5230ed881d7be33aa45d,DDoS_ICMP,1
172732,SQL_injection,f2370d3e2e346fb2206857343c52b5798759019d608bebc8439090d283c15358,b286385d17f7e1b18b5c0846b9fb5f14bbfecd8d0cce219b407579d09008882d,SQL_injection,1
172876,Backdoor,0a04b24d059ece1fa70d2fafe15d286da72be21e28376a05c538f2bbcaa9f86e,e0f6e22973877c2d4fa08148caaf99e3e2e2e7edbc63e55d1f2d846069e1299f,Backdoor,1
172886,Password,d67e5c4eda2e2432c43f181ec6304d64e6f71a234937c5e2defce4973452f613,ea918df5330ce0374852417be1d155782f2447fe252b9ddbf1a87349dec330a6,Password,1
172982,SQL_injection,39fe782399e0aa722882a97da18ecf07e097355ba0647e5bc9e38815d4c6fb52,9ef3f36949110380903d9d2511379564291d472effa027ef1ec51487838a83b9,SQL_injection,1
173016,MITM,bae42f1c3f3e5950c0743d0d59f28114d7ed491ee31a25135a6d1499d6732e14,30a4cdbdeb117e033080216cfb416bfe482ec31c27d733981afeee213a506e0c,MITM,1
173019,MITM,bae42f1c3f3e5950c0743d0d59f28114d7ed491ee31a25135a6d1499d6732e14,30a4cdbdeb117e033080216cfb416bfe482ec31c27d733981afeee213a506e0c,MITM,1
173224,DDoS_TCP,06d0df2a18b4b682fa22031480a6b29479b19dc1066473e18dd17176becaeee0,3e10869f343c16fb525ab914d048c3bf61a7e8976ff9b0a867702943129bca62,DDoS_TCP,1
173286,Password,ae58f15738908e9bf0ddafce435f876e6ad9a56dc3c983044c2132ac4ecba7fa,1e11488a3ac7638c9fdbfb2e9c93fad4e60ce7d298b0353e93973b3d624b0c08,Password,1
173397,Normal,07d5d5c2babb0f33e95ffa144b27249753d01a1c9d4bd04f2845b030be7629a5,2a7b360f74617258d4afef7440445a2f9422e3b64ebdb279a6c061af7e5cd20f,Normal,1
173401,Uploading,ff538e40c4cd78b5412628c8b4cc752348d3b2cbec65ecb28c37ce28bddf9387,1f8e224f6cf514017fe903f799b264462ed00330e01e7fef2a3507100266662c,DDoS_HTTP,0
173478,MITM,bae42f1c3f3e5950c0743d0d59f28114d7ed491ee31a25135a6d1499d6732e14,30a4cdbdeb117e033080216cfb416bfe482ec31c27d733981afeee213a506e0c,MITM,1
173505,XSS,fad9684465fc73b1728fd8831efa40fc963ac88edbec30b11b3ea53c2ee96439,d6d4c73fe3f3a048aaa23c555ed89fb9a76109f00181c046ff1679bcf9c2d394,XSS,1
173524,DDoS_HTTP,7931378199ce1f714b5b7fb9ce867fb1a8fc2b8845d154b3acf226ab8169ae1f,0fbf6e10c8410b992d8c30a7de909e94cb1cd8cf68fdf8809cb96fc5a8e786f5,XSS,0
173795,Uploading,da7772371dab3a633c1ef49d1b56bedd6dcb965cff18d2b6654602b2f83d0cd0,5af0c6277f3945e134aed2d177d201c45b68a65e8b91b8615aca89d8672d6240,Uploading,1
173797,Normal,fa7c50090c21d5c1a4b30d995bc1b63c1a4fd9f483747d4c5ff18ef9ff98c480,a8ef372c08230eaaf27e1a4b73ca0e9125aab98eba4ca20c37e42807bbf2e57a,Normal,1
173823,Vulnerability_scanner,88adaefa9707bd3eb8c982ce1d90dacf8a516ff397c73b0d1992f6b2aaf22139,a9b7a12f3823e5a3ccbb2206f7532775208b6d9a49c0ea513e6915112fc66e5a,Vulnerability_scanner,1
173898,MITM,704a2bbc781de68f70826df50cc7b6860a03871bd082cec1c33cb5de363da157,89cc3112f38bc350efe19d00e845c613de608b2596c6d481137593aef6feea38,MITM,1
173996,Normal,e17219830c3fac45432c9543df35ac9c3b5e0b3199b0364c37b18b7994a9eb8d,f041b3c4b000e8787289232acd778c30f82017cf37dad7d8e42e547cfe145ba9,Normal,1
174159,Ransomware,dd48b3a2c773c10be54baf93447030b960976a3b84d9d6f807df4b1d2faa0e8f,b73a7ebdaf9b5dc96420638adb45d223819ae327503e5e784c314393c24f3456,Ransomware,1
174236,XSS,524a7f37087f59dc3940691a60894db5dde815bd742434cda5966806b310b865,3109d71685bb6f4a2f8ae10bba5a0e560d5b95bb90efe30f88befb3e363cf7b9,XSS,1
174289,MITM,2c16fbcdf9ae764396db726e85d88d51220c895d6cd2d13557118654b1435d79,f16f93b86149b5877d6393eab597213a591e2c77ae1c20e329fcee0d15aabffc,MITM,1
174338,XSS,8a07f8bf94bcf34c2ee6e3dc1b77e733ecd5d0ef7aeba584a41259cbc0005aee,cf66372306413f1a1dd950e6439fe6111f0d68beaa488d2962ed6128a720d72c,XSS,1
174419,DDoS_ICMP,03619464597ef2871647429308a449dfc60a1dd10e28dfda4730c0b30180b9d6,57e1a45d47b38ec14210532f52f440bfdaa26f39451045ca0da53c2b93febd13,DDoS_ICMP,1
174780,Vulnerability_scanner,fb66ebdaa06085f1683069b9fd8d5f5ec0eee4f28881fabbb2681aacb7ccddbc,ced44b2a1348e4d20cdfecb08eec78a545bc01532a1c68bef116f1cb535a97bf,Vulnerability_scanner,1
174794,DDoS_HTTP,66e7a8f42fa155ef175e976bedd57ea816e173e00bdde9e5b8aece7781a78e84,2dfd60f46d2728f918fa69121fbfe681490b57d4a983adc6022829995d5dc9f3,DDoS_HTTP,1
174845,Normal,97afa8da57939503d8f4e5a6516b63b7ba421a3572aa4ae50f87c53b0dd8bffd,3ee8d4977258bbfc37aa3bfd21dfb351ac72c181d05d46b7bd552bfa7b34dfa4,Normal,1
175037,Ransomware,0fa6ed0f6910d168684804b76ca5aefd06bb082e9bad37cd2b0f8ee9b43e408a,15d67b93aeb11dbc8f6289f3d603abf0f5e49547624ebc1efc11203638afe585,Ransomware,1
175227,DDoS_UDP,9300511dae0a27a003ca747f7293f36068f52e33b9c7e8e10905d00eb7d76a75,3dc26a6c9561f5232e27e124d12765ed056a0e0bcef0734f44231ecff7676dc3,DDoS_UDP,1
175464,DDoS_HTTP,a4abf3d243d9ee4d15ffbfac8180aa85583baa4aad59883eb5daf8f13584f2dc,744fffeaa20ba17984ae808da8f7a9bb7e9f4a2c229d429e47179cf0ae61b9a7,DDoS_HTTP,1
175481,Normal,1ad896b9ae835de812122154c36d1f109dfdadb43ef6e16b750f81db8908cbe8,3a5e8b88af9069113039e6fff6335cb781d5ca78c45edeff0d59600f0d152604,Normal,1
175832,Port_Scanning,61be9ee23b65e861ea42a5df81ec98c87dc39391cf221a97da7735b3d4e06280,56f33d065b1d2e5375191390da34b7b586a962ef4c4550767bc65b0bcbedeee3,Port_Scanning,1
175960,SQL_injection,0bf22ebab69692b66acaac34a2cae7af0e308efe76a84933c111f9726b57b00e,4da05ce3e999a55f43bd576489eeb0eacdef8c7a93d5217d4738069514f37cb0,SQL_injection,1
176012,Backdoor,c2965be8bf98e7a60bad34fd33f0ff03db7b3ff518cc99e40a636a5deadfc8f6,1cff1a1148d0e4ab078982bc06106b1a4149d1ab42c1341078d0dd3d7b403cdd,Backdoor,1
176171,Password,f3a7ae9ad0f044173adf50b9256bf09a41bb54170ecabbcc30d20af80c3d02ce,6db26ea2617c6832669ae06b270ff39d7a49356a960449ef0357107d8412d82c,Password,1
176264,Port_Scanning,aefe8ed3ce0e97e408320aeda662467c4cdbaeb1e0bb75a9d9731694d13ad518,e0fe137b9e4915a468e15edaee43d13ed301c92857b6cc5bcd74c081b035e35e,Port_Scanning,1
176472,DDoS_ICMP,90259ca0ee8d8abba039462f7b253f75ea2204109d59af2e082334041caaaf5a,dd4c2015306c0cd4242103beff98abce08317be884b79b3240f4ad1816675fe7,DDoS_ICMP,1
176483,Backdoor,0688172d7664807d7d66bdcbf4f16b2a726c924567827c12d84da79508d63693,60f0bc2e0d82662b42550aa11e1b38ff6acd51f8646604b4092090bcafd2f4ed,Backdoor,1
176742,Normal,76fe8f996b616df38241c35fe8d965028ecc9cd4ea5d51d049191cefcffbf713,590bc5268bf752ba806111cd99ad816be2ee21e2c5124ef75997116ddc439245,Normal,1
176827,DDoS_UDP,f524dd1c91026554120af35f156bbcd4dc999570f1c745a51806e25c1fb10855,d077a1abd2d3e4236d4e987889d1ece276c63a0834b9b4cf7d297ce7f3488671,DDoS_UDP,1
176948,Normal,611f7f99751de20b9c3c13bccc8cac64c40d06e1098e04f0929b34fb7c91c5a2,48c0085431e1244e9aaa5b0a3de09ba2eccbc560059d56482c28fdffb5fc7148,Normal,1
177046,Ransomware,d5f63effbd5d8df6a94233f38b7ffdf8e9df15338d069491b6602b953c60a073,8b8769b55133d61bc6ab7eb3ee94ef210ee970dc3d028235e3e664094e54a086,Ransomware,1
177069,DDoS_HTTP,ff56e8b39fb90dabf2f8afa77fd34ece6dda249caae983cf8aac09ff5d13acac,e8aa3685263e048cba32177d773b0fff86a16cd0358d7d10dcdaba6e78133015,Password,0
177282,MITM,bae42f1c3f3e5950c0743d0d59f28114d7ed491ee31a25135a6d1499d6732e14,30a4cdbdeb117e033080216cfb416bfe482ec31c27d733981afeee213a506e0c,MITM,1
177286,DDoS_ICMP,4bbf6a1817dffd35e288afa93b650c2bd0f1241d3aca21a58fd4c48358cd76f0,9ca7ee57c607c8c1cc9cabebba251522dbfb4a83fc955813f4a6831a01126d9e,DDoS_ICMP,1
177313,Vulnerability_scanner,f40ddca6b1b39758748fad18fa841e81cca1a59510738a41c9bd94ebdca19f18,b23ad29c64b4482fa587b2b59d2c87d54d14653412dcb4b8ecd7d607aceda645,Vulnerability_scanner,1
177335,Uploading,af2978b83c93843c949be2b1d18032515f48039a77b2d7044320501ca1e84a51,3e0811303b8da40e07e8ca7d045313bc06bac6451854129aa8fdc154ec71d1eb,XSS,0
177512,Backdoor,acc20a7bc77d69f5084f39ddfb1a672ae33ed2ca99f49d969c0238d4ef556df5,1cff1a1148d0e4ab078982bc06106b1a4149d1ab42c1341078d0dd3d7b403cdd,Backdoor,1
177519,DDoS_HTTP,0c7b17970892086e97e500ab97e8ba0dfad8240093dcca4eb5e3bd3e799a3223,94c3efe59bdb8b8bb4a4f1b99ec12951c7466fc9fa6b96be2e2492eb4e8f22fa,DDoS_HTTP,1
177733,DDoS_ICMP,c893f8cc7196b2cf189c2e67f8284e21576b3a8f58fe24358153d9542587be5a,f5e341d41149aa5fa62a6b297bda5e60d52428dedecf786be7287c6076a831ba,DDoS_ICMP,1
177929,Password,86d926ef9918055219eaeffffbb01c05f53e08dcbf08f01447a62dbbf0e72b44,7339031813be7503a8d963eddf998b602813325f4c6a2eec2eecc5a7f9d6ce45,Password,1
177998,XSS,ccfaab5539f09411cd7f94336f833b23f88be3f900cddc1755e41099ffabca28,d2973ce12991b669097c0af2b60e406e248ffc7adc816601d2716b301cecb96e,XSS,1
178112,Uploading,a824f96bfbc9df63047063fbbaf41ef46dab5561360a8d772133f5f56f3269f3,3e9da3269f83ecb68c264da48342d13bd3405a4c594eb8ca0c8a99e5d1259e9a,XSS,0
178145,Password,fc5a7df31e384fa5249285f30c787cf59159f3c79a004c5ed0a80ece36b7b86e,2efd13f88ea0c172608d25f30e4c8cae87a6b18995a5b2303ca0835433bc72cd,DDoS_HTTP,0
178148,DDoS_HTTP,54f0208f291e7e9b03a67c43670024f325acdf6bd616db620771edab45415940,a95738fa81e01c157ea831b558dd90dc1dd428ac3db0e2e5b62ed956045cea50,Password,0
178282,Uploading,54f5653adf76270aa9e927f3b4312b3cecefe0d17e227dc7e5005854dcf61f91,db4afc3cb811fbf9b968731a0b1d3ffb3e20fb8c0c54dd95403436f4092f0793,Uploading,1
178358,Uploading,ef1233a423fff36a2e809569ed235450bf448c161b3e0c702e68bde55bc14bf6,c7bbe069c55aaae26cc5d66422cbf1e91b944db71a1d7154a8d72fb89f074f41,Uploading,1
178393,Fingerprinting,0296fc34e3d56a48cf8496921637f2f4d3348eed17b9cf08b72861cdfc9066fa,0c9b8ee6d7462f93ca1089c93bac8ac8e610de7b1e2e6ea1cc85817e83a18a12,Fingerprinting,1
178510,DDoS_TCP,900cffa5e38f6bc199320f842b2663fab014faa2eacb181043e17a8f605f1906,d75f1e30b0416257516c6df0de12f4e50b7291adea50e660fb6d15472291951f,DDoS_TCP,1
178817,XSS,719a70710dec8871a224c6056fc88f87f73521833be9205ef1d965af952c737d,bd2ba148c151a1a969b6e35702c07f0d3f11a2d3daf52331fa1780297dc35b41,XSS,1
178821,SQL_injection,2ee778d9125e326041150423977fca790e62ade202fe4ed221dec43ce6e74e7a,3ee3bce49bd2015c5fb2070f0775c5305dc11217ba4c14731a292420c6339163,SQL_injection,1
178863,XSS,ab1c3a0c74f35f82f3e2e7eeb666c0fe1dcc96645e28427d44959d1715402e77,0b3276f51fedcc5f54973d0bb9ca118488a71905e196640c7eb4995a1e3d6480,XSS,1
178920,MITM,bae42f1c3f3e5950c0743d0d59f28114d7ed491ee31a25135a6d1499d6732e14,30a4cdbdeb117e033080216cfb416bfe482ec31c27d733981afeee213a506e0c,MITM,1
178948,Uploading,fd1a011c7400b13cccbc0700b44709c30be82ecb2ee6270b9a080ff62288ef6c,baaea5f187e593c63c15fb2ecdeead77db4b9538b8e611a79783c425c5acd090,Uploading,1
178986,MITM,2c16fbcdf9ae764396db726e85d88d51220c895d6cd2d13557118654b1435d79,f16f93b86149b5877d6393eab597213a591e2c77ae1c20e329fcee0d15aabffc,MITM,1
179067,Fingerprinting,9d084818c4be961723c3931dc992e3d15d5c2f89047ffc6de72cddf5136b0d59,e3437513ab8b824c335676fc95e20bb1f7587253ba8c79c6fd6cb97b60d8dbb7,Fingerprinting,1
179089,DDoS_HTTP,854fd51cdef928a21000d85a0d0aa4994f980d4335fb2c0043e6f8c6ac30c291,0cb548a0134a4af6b57dd79e181cc6b495b3b3fcbbca0cd788d49b9a76bc6344,Uploading,0
179285,DDoS_TCP,4c5fb35c83c205f68107f3de45db524b7def34b5f39b493205e6082573861018,885baa48b049581d289d272192af13979cd94bff751769ad189114e9fc714b2f,DDoS_TCP,1
179309,SQL_injection,ee5eefae20b1fce98c311f1f9b5ba23ed82fa38f29169bed1673efe9909660f6,c461f0ece14a3c483f033b56fb3448b9a174b2da2130ea15b975ec7f48fc29d8,SQL_injection,1
179373,Ransomware,616a61fd31eb0bbc18ec4546042a5a8adddb7b551cee5e0bc4ac18ca1ffad4d7,e8f0bb058137c5a25af3cd5263c6bf16011afb4cca61e79064f75247ab567137,Ransomware,1
179428,MITM,d22cdda13141a716124a7a6d66fee5b39009cecb533a43ee1b7da2fbeda32293,d1ca59a4b2348861eb2e088f5e445ef8c2c3a9548766140cec48b5647c15361a,MITM,1
179478,Vulnerability_scanner,56d61b9579e0545268c94d23f2cd829e99c580c5d51112604a6c5d71f5b02f60,d9c4938fc51ca597647c2e2bf216fd4c6e3f1cf9efcd0f864a7a724e9e590aec,Vulnerability_scanner,1
179552,Password,924a71ba4db820a256ebc4248633250b5e28a55d8e9d48ca47e965bc44b8518d,a3ee05f671abfa67865dbacf47ad9047a2e128986f457602cb0841072e8f3ffe,Password,1
179952,Normal,fa7979c38372bd11e1f0a31534214845af0b53ae86b3e7f6b0946c4366069141,3fc6fdb2446a167191ad7446cf37a184fbe18e809352f67dd8e97a0b46c45ea0,Normal,1
180165,MITM,bae42f1c3f3e5950c0743d0d59f28114d7ed491ee31a25135a6d1499d6732e14,30a4cdbdeb117e033080216cfb416bfe482ec31c27d733981afeee213a506e0c,MITM,1
180219,Password,a2c4011c12fda5b9c115ee3ca23b51d0d242f70e15f95edbab36a40366cc6d0d,d97809ef7abde52af2010321531ff4e886d39e3329612629e779424be6882c2b,Password,1
180275,Port_Scanning,860ec3f94b4b94a83789bc9c5332c34f919a3163e650cbe18126d9efb8c27950,98de42d814c23761d9ffdb444add78244d317b81b7a4ded7231784493cda6031,Port_Scanning,1
180428,MITM,d22cdda13141a716124a7a6d66fee5b39009cecb533a43ee1b7da2fbeda32293,d1ca59a4b2348861eb2e088f5e445ef8c2c3a9548766140cec48b5647c15361a,MITM,1
180457,XSS,aba0d4a846cefc3a03d2b0ff653e43ee3b0700e1874f0fc5bc46b9437c22b153,39913aa84949898ca0b9978ac4bf7291dc24e24dd75e16301d140745e626dd02,XSS,1
180522,Ransomware,55c62bc62810413d389ea589bc1d4ae3662ba38ee220c7f6d637ce08dd628bd7,238218b039283f5a45ee0d38f4ad7e90ea8db0b682a1f59d4cc6831d5db1ceda,Ransomware,1
180570,DDoS_UDP,e1e6f14cbfc46c7b90e1cccfdb2ddb069395dca7836e5ff7ddcd18c2cdc0e9f8,4b54c7715a37abd380b8828eb08c5330eaf8b92d3f3d1d989218171e5ec92301,DDoS_UDP,1
180581,DDoS_TCP,c289c4c3ece71ca4c170281eafbff11d7e1fd24a84fb972da4b74ffad354b36c,fb6f35f6d7d195911caf0df86ead97cc065c5499d709115f5ea140e913be6621,DDoS_TCP,1
180749,SQL_injection,2393c1f12f6db126b347c207fa18d1e0b1d8908c5d681cf9d13341a4a6aac580,ceaa03ffba308238815304cc1d26dbe888908962c9e4f22bc423fe430627cc36,SQL_injection,1
180783,SQL_injection,7a39ab11e6715ff1a9a8d93ed08902f4e05941fc31c05767e27cdaa7c8f7f6d0,f72f8bdb1a104d06bffde7406a6a9308d0ceff22ca188445b8b8c0ad596b2a84,SQL_injection,1
180834,SQL_injection,751072828121ab32ecd5115358701d8c5cae484557d271c1b067e556feabad3e,bc7e0461e207b67f8f98a4a4600b0bdcbb0be41dd6b616c02db6e33dc431df92,SQL_injection,1
181314,Password,05c30d307ee1328de8738aecee7cf276c31c47aa8ada9e16e9d560434eb77aaf,f7dd0e32aed004b166919d6e08890afe2157aa77f0201d0346966f0d18e7dbff,Uploading,0
181403,Uploading,3798d149259945fac0a60753ef62f811ec81c92097fd310d0ac04c0219b6f4ec,fcbc876b0836d794d5a5b751ebc535c9d6d4b834b9f83aead68dd2acfa646366,Uploading,1
181406,XSS,97f614420da5532b1c7750de900d78c6fae9a3e23f09b31baab5282336364b39,eb866f27d57ef0e6b383f11bd04407d0fa89d4eb1140c7a0b6665e8d3237abe3,XSS,1
181424,Backdoor,5569b0012878ed09a32f817116d9d4691290d2daa83650ec3e157a8b41ee2e31,fa6df089bd19511426edc1bae8aa476babc04f3bf650f9efe875f1dea44bd299,Backdoor,1
181459,Port_Scanning,6645a7bbb299f29cc05e01e5b04a5422f87cee46529e3af5c1894e45dd3bea7b,e8f0bb058137c5a25af3cd5263c6bf16011afb4cca61e79064f75247ab567137,Ransomware,0
181478,Port_Scanning,b0faf577b07e56c2b73e40479887ab682b083dd221f7c3337be2021a72d07952,1f1d8e883c467bcccd382b41331f0338e3092707b8f45c6dd6e0bc2408015847,Port_Scanning,1
181745,SQL_injection,376569c3a1e6a64aec792adfe28488b0372aec3d6a56aebca23f6e6eaa9f4afa,8b4f16295541e11141d4792d17dd0e83ca508c45891d93b98ae94c611da723bd,SQL_injection,1
181805,Fingerprinting,a0abaed3467d60358d35e60ee0226657e89ea5c15c273f383cdfed1d03547842,0c9b8ee6d7462f93ca1089c93bac8ac8e610de7b1e2e6ea1cc85817e83a18a12,Fingerprinting,1
181825,Backdoor,21c8c6ef3f085367566eaa6ef8c2814a11863ff9915d5f5096373d5942cd4abf,799635b400ddd6d31ea9d96d23a8445df6032e2bb8ead17f5cc2a379144523e2,Backdoor,1
181934,Ransomware,2546b53d78bc7fa199240292a395aadb7d44365ea583c79f40f406b17b0bfd90,238218b039283f5a45ee0d38f4ad7e90ea8db0b682a1f59d4cc6831d5db1ceda,Ransomware,1
181948,DDoS_ICMP,baf68a8f20001ebd555d4057a994eb7785a4e6dacd97c002036df9862dd93865,ba79ee18ab22ef8ef589ae8041b82e3ee92b893205d26311a9b1d39bfa7a1925,DDoS_ICMP,1
182027,DDoS_HTTP,4e939cf62fa67a15a2ef1d6b0e97970840472321253e90355ca3f8304da3ddff,5b400be6ce91313b691408229d99a8dc11ddffce391e18905d75455c298cdcc8,Password,0
182050,DDoS_ICMP,3607d8ab8c786766ba7410298489d667ca789eb4b8285a5b6de4e337587047ec,4020a8aad46e8f92ce5ba7cb19f603414232cc9bc83e97437f9e4e00a2c3e13f,DDoS_ICMP,1
182079,Uploading,2d71e6865b5a56985e70fd3cfc01da7f1af84923c388eaca4c51d3ccb7debf31,d1c992bca38c8e4e9b06d643f853158a09bab97da68ab72e5824d180b499845d,Uploading,1
182099,Normal,a4ee0731f5cf0c4a90774c951e4e1413dcd46a5cea7bde8a74d67796b73e3a67,bcfa8855dd4754b298734e08d059f0f443001c68c92da71aaef1c85a2a758ec2,Normal,1
182204,DDoS_HTTP,a91a1154f4a5029ef1a6713c49b9670f05ee7a85fcab33089b00b20e170559df,98b6b932635a991766d9ffdbf08d8e91951c7759be358c1b6d6a430e89880d4c,DDoS_HTTP,1
182315,Uploading,80a24777c990f448a0df00a17aa1406746572d926eba2957debdd896b2e2e532,c2460cadeaae6a9897cb68ef22ea7bd1d87a47c060b72b6641d996d81fd66204,Uploading,1
182483,DDoS_HTTP,e82ac8c890e1c82e46d4b060469bb8bcf3ddd9db867f3c8d6c17a25e58dbf20b,c8d789a799313e060c08fd428bc7650f33e6505510685f83816649059326023d,DDoS_HTTP,1
182485,SQL_injection,4c582d9064dadfb63268903ee1218411251ddabab63076bf99db6d94d0a724ed,07e88af572f6a92dc24698b48d5c51c98d42ba05c8ab63191664af00d455c7e4,SQL_injection,1
182666,Port_Scanning,90f21ad85a5ded893a1405ad2c2ff09bdcf243055fa1d9d1cc5ad0c35c458aca,101455d87bd7f9601a31d6f0e43cb5e13c8378f0db5f0d671b0e95d7e937291b,Port_Scanning,1
182898,DDoS_ICMP,61eb2a550a94aa31635dae915e04523f6e2b2933034c9927243515993168f829,4e347cc166ef86c378838dce3d3d51a7927fefb0f0d8251b0698ed68e2cd2e4a,DDoS_ICMP,1
182901,Password,8dc62408a29c2c259cbc1de394e7027eab52ca4d34147501b69f81b24adca7fb,821a666848576c0f552e0cf4845e404696526d777f3a9b8756fbcf9775c5c4c5,DDoS_HTTP,0
182982,Normal,44aa5e1a45423cd08cbfd2154c4c0fb135a7d2192a38a9fa39a935c076b38b75,60211a883a6fe90ddc1defcfdef2969d5acb22767803ed212eb35bc75719ca67,Normal,1
183067,SQL_injection,4366376cad3b2a9e5941389ceb61676cefffcde79feadeffb0a87c432d83d37f,d95960b2835f4edb638efd83191d56885d98f9596f6ae13a73ad66099096fbf7,SQL_injection,1
183126,MITM,bae42f1c3f3e5950c0743d0d59f28114d7ed491ee31a25135a6d1499d6732e14,30a4cdbdeb117e033080216cfb416bfe482ec31c27d733981afeee213a506e0c,MITM,1
183152,DDoS_TCP,333b9cc4b7c885a815e5aa98dd2b9de2df8484a167252a1d44ac2ae805008ebb,10587fa03ca3fd7e20dae84b8f3e6c6161777219905ca27aa8be66a6cc37d720,DDoS_TCP,1
183163,Uploading,400c705326137599277238253f9b852f4ecc0a885e3d3d71ac6f4a30513e70a5,c7a4ac3a131ca2fd01cbff6f0ac71e7d34218d0c12c00c2f3f6ae6079d00bb70,XSS,0
183200,DDoS_ICMP,073f71a56405239978b8e627b433214ae7b846f4e6965e957eed59097a4b808f,963fc08d2f2b1aa27f044b2f2478ee9dccaa4a297547649b72f5035927ebfdcf,DDoS_ICMP,1
183541,Password,8206c87bc6ca841980f88c6e062c3b7e6db91e038922c4e3d1dfe1ef044b9ef8,03ef4bf66dbf04ebea0de7aeee594f138bc36be762c236282264cef49454fda4,DDoS_HTTP,0
183586,Normal,81d581dfa216af0cade2cbaf8fd3b35b48d8a6130c56847ea30558dd47dedd26,c68e0c97f3bd0dc51964743418dd82a9eeb6080229bf08c2d53938ca9440e898,Normal,1
183978,Ransomware,4cf7cfa6806b5b88c35c27aa14c24da396c7fc8c205b96fe0aa64564540a32b6,8b8769b55133d61bc6ab7eb3ee94ef210ee970dc3d028235e3e664094e54a086,Ransomware,1
184112,MITM,e8ed479a03a62741f5e47fe4f5ce4345e9d7db53ce9362e6c7f6e480c07ec0c9,89cc3112f38bc350efe19d00e845c613de608b2596c6d481137593aef6feea38,MITM,1
184114,DDoS_ICMP,04c97a605ff3fd781be97387e5068b0098c6a2c41275044b580e3bcb63be7e78,6d209c44ba83a35ec91f8a3a30484fee879dab8561d40248b4c80f306570419a,DDoS_ICMP,1
184157,XSS,ae013b9c43be08835ed1fc496698189d28c1de039351e2dfd8bf4423be4eb5f3,488065cb784254805c6ec265104733a3dc3c73e55c134af94f45759da30e7cb1,XSS,1
184232,DDoS_ICMP,4ac17c3b50cf8a64eaf180286775a9e631b16a6c9e8b338de148c0f52407b08f,4a8385fc6c838d3b2a3cd60af80012dc2892c6c8521fde43984bbb0e1ab1d516,DDoS_ICMP,1
184399,Password,29224c5edba5a73bf38c80a50cd977bbba8dacbeef74d4f09035f73a06262016,51d5cd10174cc79de234825294ffd749fdb4497c4f54271a0a46cc6d70410595,DDoS_HTTP,0
184408,Normal,a2db94cfff12a2e5aa98c60558fb9981b4e2fe6f5a39326d7337b68643fa8209,d6f60a6fbaaf6f484b1b69df0b2c603cccef9dee5dca5947aef880f6db2e49e1,Normal,1
184445,SQL_injection,d50184f6e7236919d66154d3ccf602dd45d8654554ce0cefaac93dafa430811f,b4212cb5014ce8270a352bd5c9e0fe3655fabdf265ed9a1eed12ce3df24cac59,SQL_injection,1
184515,SQL_injection,899c3eb2064f25c8e998eb1805c548167eaa91c508be6822ea6d75767ddc930d,a3220a333f268bef956ea31452084f80840708ddf1416c7f9e67f25545f690e4,SQL_injection,1
184659,DDoS_HTTP,ffcb4bb95a2b887f596dff23e69da9e894dfe7071ab25bf9f11f04721cf2e02f,65e14f13b416998743a4861345fdb646ddd96df9682895295d77fa1ceb96d18c,DDoS_HTTP,1
184708,Password,8bc634edb84bbac8f360f1912da66721c8202716ba5092b52bc875366c768dec,97905463f39b0414958b525d210f283cd673281ab5a4a8427efe4cc565d415a5,Password,1
184740,Password,ebb4892f73fd69ad06a6776fe7ea993f47ef46c61ce335b1a971cb0db5dc25b7,e13a19a0302204242b8e630e2346ca17770b41b6dc0a088ad9d426835610f543,Password,1
184857,SQL_injection,b757ae2d56fc518557de5415262edec47d155da386bd48cb148ae242f4a561b8,946132613f65462a529ffc195b46c94a50aee039b00009fb5105e0f47a21467c,SQL_injection,1
185173,Backdoor,f5ea9cd9bf4d916adca111ec5e765a38f9e70e623d9ca651515a749089a83a88,1cff1a1148d0e4ab078982bc06106b1a4149d1ab42c1341078d0dd3d7b403cdd,Backdoor,1
185218,Fingerprinting,c84c4570d4c91079eb97a0ffe69541b54d13ee6914ad1d4d9dd8ddb82c69c81d,e361ae3bbbd3c4ff174de1d64c1dbfde83e84408d4ac8f377e1306311c7a25ed,Fingerprinting,1
185344,DDoS_TCP,666c1e4aa34ec29845b808d9c4cf6542a65cfc0a03f7297016b3b12d142f93e0,2c9ad3fdc53ae04f82dc4cb64eb92793637efc2d835737bbebd0d8827076892c,DDoS_TCP,1
185455,XSS,e3ae29a3ac8ea60009bb5087f83fae8720a7a1ebd208b7cbd613c68166ffe575,631388430774f361b87ed0bb5b88e551f40e93ef3511c9ce50137a015501659d,XSS,1
185486,Ransomware,306f524e7aa5fc9e940da975a24a7e19a1aba76d1bd896522b6bb4db2aae3049,8b8769b55133d61bc6ab7eb3ee94ef210ee970dc3d028235e3e664094e54a086,Ransomware,1
185626,Port_Scanning,07ed6d54999220985d19e3837b65722d395b2f9080eeb42183d34829c16d4f74,9128371a4b95816048fadbd8bc42308e6d1dba2c0cbc6ec0bf81bf4867d1a519,Port_Scanning,1
185695,SQL_injection,6312bf203f0161a95fad814fe6eadbe17c960ad4105323096f3d010d89c3a2a4,b6b3da5f7b7fe3669a08c4167c401f6f5c7daf36ffe8eff71e8aa61c11c4031e,SQL_injection,1
185780,XSS,9f1fe44cc7baf06ab0c31a8fcfdf74681dd813892caf3f0abc436d0d273b183d,80c3bd569b19e3873f8b5e47303e1a627e0491560bd047a0ffa4373df2097188,XSS,1
185809,XSS,bed1d28ab2751c1ee1c7bcf5b9579946cc0716d171904556faeed299d3234e56,213d6856a5833b95b24884e80a483e8cdaf9084890a4763122b74c71eb336a35,XSS,1
185814,Vulnerability_scanner,c18a56dbbb0c313909adfb336393a7a4e54ba17491256067bedfc30cea9deb42,e78be2da08b397c07d7d9b2e06f0b9df223d4d4dbbcc7c6c563c58b0a5623109,Vulnerability_scanner,1
185951,Password,329278dce15e430564a75e48d313043212f72ca0feacc796480b11c99943e9f6,18d4ca6c3856997d2bf0d4599df962dd0ec3ccaa9b11f78266ea78e1feb5afed,DDoS_HTTP,0
186173,DDoS_HTTP,739824b8ba6b3de0ef9d9d48f8389ca6e27408a4675cfac9ec5d6590d9b4671a,447710c5bb1b44a9ac9965bdd067d39624f504b0aece51ab865001f834c217cc,DDoS_HTTP,1
186251,DDoS_TCP,6ca0528c567e0a4df57a0cd4fc201ffa501e56ac20f7340048c80147c4267410,c96fc0ceada40808fa073b2a273e47b735c32d4c4b11ac262ba56c0c58bff751,DDoS_TCP,1
186453,Ransomware,7248911d7b07e8f989d54fe75c35a468e63cfb85327860ac9e90e1fe83df5b24,83ffa52c2456dfffa80f8de076662e665a22f3506bbd5e068c2113bea06ddb11,Ransomware,1
186617,Port_Scanning,55e03c2f8d4dfe41319615699545b40c9d307b4c7e0dd43f4b590365e6a3c51d,9f713e65e4f591a40cdae315884bb45d899f9843f2f96ac77ec35404159e8207,Port_Scanning,1
186655,SQL_injection,e435bf4aab020c561ca9d03ff55d8f102db73047196f3588432dbb9cb6046399,3ef7f8669bc69b5411f90775617614eebe6ce5afe280385c25f5c5280a4fa8e1,SQL_injection,1
186706,Vulnerability_scanner,94ac501113e83d1c71e7c9541465d287839f61df2f00fdc8857020283dcd7b71,8a773457304d534bd48033b9e9b1028022e0d7c0ef072c5f7d17181a27f13831,Vulnerability_scanner,1
186715,Vulnerability_scanner,a5fa50263196bfdee22a4f22259546c4fe957eb70a6c4abf269f7fba7c437db8,05f86e78ae3489301537331072e5dea2693d3b13a000e178de5968faf834aab0,Vulnerability_scanner,1
186770,DDoS_TCP,c49a4e95091d23e0ce2cd3a885ee2ff70a76a59ff1387c3112fc47babf9c80a4,23942f1cb10a6a411662e19767ccb205c887b0ecd141620e496efa219524ee48,DDoS_TCP,1
186772,Password,54bfa1c6e550710005de0d763573f6977564a1b229e1f04d612dfab09fa6c67a,5194267ed8aab27c0af5292f0f85fee22d9a66f7018f9ba68b0e16d7fba16c54,DDoS_HTTP,0
186811,Fingerprinting,a1a1741976877dbc5edd231ed7abc97ceb0957ad721f899d39d69305905a78ee,0c9b8ee6d7462f93ca1089c93bac8ac8e610de7b1e2e6ea1cc85817e83a18a12,Fingerprinting,1
186816,Fingerprinting,b55fcd61ac17c3aad98b8b2fda17fb944cf4c16c7ffd648c28d2c0e8ed69c583,2d4a6eb8aea450cc1380412242a3a4f20762610b05b63454071f6edc619f7511,Fingerprinting,1
186905,Vulnerability_scanner,0798512c0b8c5843b761e41e9ad8389ba417146ed54b830433e0e154e55e0105,ca66b0f1e33902797e21ec8ea83a455f8f04159fdb1c3e5bff7adda557c28347,Vulnerability_scanner,1
187019,Uploading,27803bbeb137091ab6d085e06da06287cba61a97c8e55c497b7502ffb9e0b7f9,313ee7ebba9fb980dd7d7de1c6e5f78095d3ee8dbd7cee6aa432fbd388f5f814,Uploading,1
187048,Normal,297ee88095b1945a9f975b7979aad1f95481fc9bba5d15a323302941b57a5263,e0bd8e50de941e276e0f00c25d29a417961eca7717d0a9fcff18e69c90c02441,Normal,1
187065,Password,4fdc8a1f712f56cfed3ecdee1cd4645c9729fa97ce75b6f9dc46e29aae97ace0,0166122501f4516e7667db251043377bbab9bde71f9d4b828416b7debf4e18c6,Password,1
187080,SQL_injection,976d7fb9dbbba618a9b58a93e8d26049a55133ff7d8a21c4ba38aa1661eea882,5f64c5c57f4fe70b0f44eefa71aca0f3be24a2bdf99766ca1b95f00e5950ae85,SQL_injection,1
187213,Fingerprinting,d5bce934217e20c6dc51c2205ef27fa422f7e16e80a39478516a42bc2a0f1b00,f990a368b1b6eb34e5072d78ad3618617802d57a4ddba4ea47d9afac63bed4a4,Ransomware,0
187234,SQL_injection,8f3525ce47cd67ef373622b1c2d3536e798fb891a7710badc37e511de203642b,34a478876560c81f459a749adcaddf6f8c92473ec0fd28cf23c5e7afbbfcbba0,SQL_injection,1
187240,Normal,7db6f9d9e2bc2c803a3ac1b5e6b9cd349840fd0b1abc6f638f74b60583055568,c70a3390edfdf21a9673696f13eae31cc6da46d64f0ed9c6db9a3a3e9034af89,Normal,1
187244,Backdoor,1d6fc97adeaca701c6f5a547cdca462f7da7a5f1492d172744ebca54fefdad60,1cff1a1148d0e4ab078982bc06106b1a4149d1ab42c1341078d0dd3d7b403cdd,Backdoor,1
187265,DDoS_TCP,e7cead36650e1dbedc1689bb3cbf97651692ca62e1e1055aa2b38c4116177658,954d34e62f732bb753a8346e87b5b04ee358c2d5267ca9a5e63530e91b9a5c80,DDoS_TCP,1
187280,Vulnerability_scanner,cdc28fd3658fe75986a49c6c8b4e32f899c824c9c2581fe9317a02fc6be33f52,e73b5fc55e21de0a01a162da06b0865ef1dd75e21ec765f8f7cb95bb91c25c70,Vulnerability_scanner,1
187327,Password,4e8738872176497794f7d530e95c773e601fb6c89bd85267612bde21e33eaa64,7b84c95fdda3f765006157aa4f5c9d51bfe0c46fce0d6f676602fd5c5e800ce7,Password,1
187488,SQL_injection,f5ed7ce5fff04d3eed4c2460ae21867a93409de68287c7c945eed1cca6aa4f32,ba1ec63dd98cae3a8fa1bb14b1a8f3f28d31eed8eb5e9d141353ad5a5d5ebe8e,SQL_injection,1
187490,Ransomware,8a8bda8d08e0c5fbc5868944439c71ba64f5a05a6bfc8da27a637690738cf846,8d0bcb2004f4e16217f62d305debe4a3142edc254133d5b99d18db1422ff21aa,Ransomware,1
187526,Vulnerability_scanner,10b15d96a0d41aeb76b3ace3126d25cb1d7e5e1dba7f7e25fab12c756b4ce26e,d970efd26aab964cb1de44f68071e45d36ea3eb08bd8d5bb884f4855810e776c,Vulnerability_scanner,1
187545,DDoS_HTTP,c3a0dfa0ac9d1bc03f5b0303c5f6fce3b668609a9248d2ab7878d890679f7ff4,50c34cfcb37de13118bf75b25bbdb813cbbd833e4e87efc53ad65bd3cfc93e24,DDoS_HTTP,1
187584,DDoS_HTTP,92e297fdd28faef9fd898c4f597f169ae12a3ae258534c0bb013ac4c0109d9ba,1128a2e36d2333cb303d3c9472bd755dd1e79e3d6879b8790fd1a1621597cafa,DDoS_HTTP,1
187699,Password,48e4cc111447de84144c04d935cc0aa60b45ad54a5955e144ef91ccbacf67d79,80a6f0cda0289eb53cb1007833a9d3e9d4ce5aca98f675767c994b81062aa0a1,Password,1
187942,Vulnerability_scanner,7053ed2759c0c1d8988ad7f0e8bd602afa74807418a8d5a3fcdf665187b26f88,cc1e8181e3d53f40dacd9df15f20ce287a472d4fba13b806444a02d127d482b9,Vulnerability_scanner,1
188038,Ransomware,ab23977d41d05119b4c813cf9c0b60c797e17ced02bb78d6e24fb4f3cfc1659e,238218b039283f5a45ee0d38f4ad7e90ea8db0b682a1f59d4cc6831d5db1ceda,Ransomware,1
188071,Port_Scanning,5c668a54350e7f79a06ebf1b6a84f17c0ba66e428915db91d9a78484fa9f4ece,3ad9ddcea3d8f1a34dc04a72513eb262fa27f0128763899bf167a17efbf5fa6c,Port_Scanning,1
188253,XSS,b3ba2b9bee50dd90d177e7fb6f36ab9f180dc6c741816000fa5af1cd8c51c65d,39b14cb63b8038db99b4788c345c0586c94e5c555957a4fc27d37badd5dde883,XSS,1
188262,Ransomware,fe93893c3816f358c54d51006a4ca07113f1cf63109f5d69da088bf135943df0,238218b039283f5a45ee0d38f4ad7e90ea8db0b682a1f59d4cc6831d5db1ceda,Ransomware,1
188291,Uploading,6c17d039f5c172218f640f8285d6ef3be5d34181df40569219d63dcecc0f46b3,7728b9d94f9e6278f24c23f49009c3f91b5495a1ba283d1fc17857f5652e8da0,Uploading,1
188453,Backdoor,741d175cb7dfd527a493870447f0ff2af928fcc567043a86500a1574bbfa76b2,d5fcd656d25928efbbcd47d9aff0f863c2270bd14cafca0b87d22e091d8e2db1,Backdoor,1
188666,XSS,42c999548f3740167c9de4538409351d58f429193d86bd7531c6cc7a65db2b4b,4a9636f72cbefb451ea625f60336eef583d9d4dd7c0983aa5e39a27c4bceac4b,XSS,1
188816,DDoS_UDP,46e63ebfd5d898c846d265f0fc62fee0ad3a8bd701e36c189ebb6672a63b4ebb,b5e87ffaaec6bdc2828e71674d74b09964601acc5d7f6cfa64d8b1c5cf830157,DDoS_UDP,1
188856,DDoS_HTTP,1e97629da4326c0d9a0301efc9884b8b46e0a384da956e354c7e8496b21ac3c9,b7bd25732390f57db08f97bc92a7d0ad40831f225cb7c887c1c419a296273ee0,DDoS_HTTP,1
189183,Uploading,4fc2baa67f4d38e187971af1437d46fecf8d7030f6d8873380190daedd05861f,5dff35ef8d01592121d5fa87c9636994a93adaec5b860f61924db5707df0d8bf,Uploading,1
189265,DDoS_TCP,821a49913448e8df44e4ca52e84864a9e88125ce0b8253b2e2162d4c3b52ded8,57c5f15cb07fe30e57f5553e24f0183ae917e8690d07824161b7a4a68dbee3dd,DDoS_TCP,1
189507,DDoS_UDP,cd9a46020ab9dd8cf0f98290d78ca5a54b959db1ff1c112555772fb3d2aba75a,6f4dfe5ad8a10fc35543ddd3d1867de2a93ad03de96c5090decdff95c5e11085,DDoS_UDP,1
189530,DDoS_ICMP,57363f955ab6099dd5e852b0240317095c8d646f736df80532005c55c0581cfa,b389a9f306b6fd06ae94eb3ea12f8ff35c0fcfb7f347808294166760bff24a32,DDoS_ICMP,1
189660,Uploading,f6935c2bf5226a177abd1de3be6b3c9be968128a82a90f4cc687052412cee9b9,58d932c3de78859867fd7264099a83d5202a5caa2e1ce26b37242f313297b859,Uploading,1
189920,Vulnerability_scanner,5290c5bc99811f7e53ca3c02e05a4ae93ae80ea425c92bc78fc238f83ec909bd,dd48f88ca3e78a06dd570df17c6af81782b05f8c100875808e01b92fc437f486,Vulnerability_scanner,1
189981,Uploading,81fc0ffc5058bccfcd94af2ebafa3930eec68342870bca399c4fb441a0c03143,73191cdbd7f0079db982de64fe07a4cb52f24f5ffd14e5a9dc83feddbf097ede,Uploading,1
190004,DDoS_UDP,ff683d0134c038871f2f6cf8e00e721c7563f12b38e5fc524c08911eb7ba433c,423e6e5509a9aa47a3056be884529312694fa25ec4a52c2bd9b683d9ce6f2deb,DDoS_UDP,1
190069,Password,32f9b1ce3d985d19ef0a2b71cf091d2db373f9b5779cacc5645a7700bde47680,9a752eaa3091b387ebf7bda3a4bacebd2305fb01ab5dbca30d84bd6e0de22658,Password,1
190085,MITM,5edf6cc9bcd30f63d5166eeddd5ae5a11aaef5491ce6a1ab4a280e23381ebffb,89cc3112f38bc350efe19d00e845c613de608b2596c6d481137593aef6feea38,MITM,1
190136,Port_Scanning,5302e6cb9a52a0eaeff8340516b01907f23b3bee9ef839ae50cbcedce6c148d1,e8f0bb058137c5a25af3cd5263c6bf16011afb4cca61e79064f75247ab567137,Ransomware,0
190218,DDoS_TCP,c9e2c64cb2c616852cf5aba502662c5be5239950426eddf05104b925309bdf5d,ded7cc9491815f7659b03ffd1d5bba0c948499c27de7e01403c3ac5f5a93c897,DDoS_TCP,1
190284,Backdoor,2cb5fd90003b581c53cb14dc6d59925339a40fc4991bb1440e1d6c751ef209b0,0933c84d988408d1b471343f886067272d6630a78b20f78b07c320f83b12b08b,Backdoor,1
190349,SQL_injection,16e0c7ce156f3ae5101aa3893083c7dcd4fe96a17bb44ce2250e31f9a474c462,17644051bd151f4963dc49a7363083aa164bd9f86135f256f155e4d1eb3fb1af,SQL_injection,1
190387,MITM,2c16fbcdf9ae764396db726e85d88d51220c895d6cd2d13557118654b1435d79,f16f93b86149b5877d6393eab597213a591e2c77ae1c20e329fcee0d15aabffc,MITM,1
190427,DDoS_TCP,995048cb179dabe54fb8885ddff371d9ca2a29d04b8092bbceb692fb4a8d8f24,ae1715a2a0222b2080aeeb245211ae5fa931cbc7cf88dc9a3da35ba2dbce436c,DDoS_TCP,1
190580,Normal,e78f751d982d729e658d313427ec4b60e39e1be41b2702c07f0abe6b75e6033b,7ff9c8ab06c688aa3a1d1c4a189cf84eb09d38c23aa3eeb0ae9421b3fd682afe,Normal,1
190617,DDoS_TCP,b528e0baecacafe11fda075cb2de58f8882cd210f045cdbbae71f69d7d0e2eb0,0e142f205af89ab988759cdd55e7425f4a5b21675bcdc633c82b58454272d6ce,DDoS_TCP,1
190830,SQL_injection,f9745e12c04e1a5e864dbe2802b86a421c13b17d1cc883d8ae5752ea915242d5,573c16d8c9d8fdf40c07899d7f8efcf964bd3e760e0d4697fdde21a22dd10258,SQL_injection,1
190864,DDoS_UDP,0ce08ed875a73209d82f7be950064c715475fbaa94fdf62829466fdc4a093742,7b9681cb105c899bef75838746f40fe9dff9ae231da0b66b71fa2e0a1e6ad56b,DDoS_UDP,1
190899,Ransomware,068400e1d42ad2207cdf9390d571fd3a7b5d01f477fcd928c1bde726f4f222ef,238218b039283f5a45ee0d38f4ad7e90ea8db0b682a1f59d4cc6831d5db1ceda,Ransomware,1
190979,DDoS_HTTP,c94b9babf3a69ab7783e6b5b73d0daf66b192b660ba6dc73af76f8248e46bd48,bc65e2a4f2ae7aaa46639581e04e1ddecdb135b8c23029a5aad9045879cbfc10,DDoS_HTTP,1
191045,Backdoor,b80eca78d00617965eb76d5116b3a0e320b502cd3ffb7b0599c66bf4205e836f,d4e6336613abc02a2f6095c28bad8b8694c67563deb98bab10207b9488c4ea67,Backdoor,1
191080,Normal,80fc08b7c1d532fe2eaca79ae59e11f87a18ba8015820087a7e4ec5da6bd7745,3a5e8b88af9069113039e6fff6335cb781d5ca78c45edeff0d59600f0d152604,Normal,1
191117,MITM,bae42f1c3f3e5950c0743d0d59f28114d7ed491ee31a25135a6d1499d6732e14,30a4cdbdeb117e033080216cfb416bfe482ec31c27d733981afeee213a506e0c,MITM,1
191193,XSS,e762f3c2e136ac4528031419e402931d3a04cb683ac750d9bcdca12e1e325e1b,95e004baeea4d7a7e39a5c0189b2735a718177f2da01ce740c56b09403844bae,XSS,1
191550,Backdoor,d2c10853f024e4c0d3555c3b6749f91dba1ef10faa00cea2fe910cf55768893b,fa6df089bd19511426edc1bae8aa476babc04f3bf650f9efe875f1dea44bd299,Backdoor,1
191577,Fingerprinting,81ac021558bf852c31ac69ce49650ab28c0932077f1e4da9ab219151142c301e,0c9b8ee6d7462f93ca1089c93bac8ac8e610de7b1e2e6ea1cc85817e83a18a12,Fingerprinting,1
191681,XSS,992d04e62203a5d90de0d682bf5031938f89010573b39d69498665cf66916a78,a498252b21c7e93f9064672f7b77136e8f406f314a16ce514b0af89561fbe1a9,XSS,1
191720,Vulnerability_scanner,8cfa216a377d2eccd910f9c6d05f579ed95cada922f6b7723b19f08239cd1113,b08faa90da21fe687b0264da4b1a2557da12c429c872918f5a83a6bddc282f75,Vulnerability_scanner,1
191816,Password,558b387df5d2ea67ba55b058243b7fed4eb200c9eeef0a86ac721b786cf56c28,467e5984bb2bc34e63493293b4b8dcbdc647a12493b3d22f402e58755182a90a,Password,1
191832,Normal,67c3c5712c3b13a02b947dbb3efad2a2523a9a656682f183446316a27b780aa2,c62e9bef405487ba8559dadc36f515c8b66609902c1af4bd846320438fbaec2d,Normal,1
191959,Backdoor,f3b19ab6d7754d7798215429f369f9ad902cda1c9f12f840aeaae39c8949d460,b2c6b0397c07160d6b67def99f8530892c8dffab3e373e4ebe18cc1e5caedf07,Backdoor,1
192120,Password,66f1d797d5cbc4342113978a2a54aaae89ce09ad075268fc4488abfabb9b10f6,ee8112b756c14bb5d899074a95f893f414c431b118b3aa9deec691c90cfe2354,Password,1
192198,DDoS_UDP,f63968a9e9c476385f1f92c64f7f2cda85bfe83670a7aa901bc0a0da8d0c5802,c24616a83f7018ecd7d907a5b54b0a6c5d596aba05150bdfb3c9af9abf66c6b2,DDoS_UDP,1
192216,Uploading,af6620def63f9f71828a09849e08e16e588cb38f1265c41f9f93dc88eafa95ef,5b9db43d22152d13817a470c188daef2311af89dc7043873d3e10e37d58eee8f,Uploading,1
192230,DDoS_ICMP,0e709f80052ea0247a1b5093eef98b2e6e2a0bb6161cc3203a4f5605f76d6dec,80d294ec99902e73d3cbfc51e696984073b8a6389a878ae9983ed892c9518fb0,DDoS_ICMP,1
192325,SQL_injection,a1d5f9ffac2d0a82b8b062ff47577725f6494a509acc7596be1488619ace5262,c75391765c8b5ab11c2292f2665c38b42b89f05ef5b911f65003cad943629e5f,SQL_injection,1
192445,Vulnerability_scanner,9da941d163dbdd322a2f6dd25d2c452f0fa643fbcdf6a25bad0d69c1c28a5ce7,053589d815e70ad1505787c4fa64a6223f47925647287fa8e4a6d4dd9a5a6e51,Vulnerability_scanner,1
192596,DDoS_ICMP,3466f1ffc7a0d5e1730c18843135751c95efeae54c40585390ce48c3e449be78,c7e33c5590a5f2598ecb8efb6c8bbfecf839252316a9dba89622eb32271bcf7d,DDoS_ICMP,1
192858,Vulnerability_scanner,265bc53fe276389840389e38e246d045c5f0bcd327038d08b541cce494997a6d,3a14953f56586a7e6a450abccad70609f2f35892f05cbe493603458d00a53d32,Vulnerability_scanner,1
192863,Backdoor,9232712e1c75cdd6a94d826de708b054e208dcb83ecabb28cdc3d484d683de2a,e0f6e22973877c2d4fa08148caaf99e3e2e2e7edbc63e55d1f2d846069e1299f,Backdoor,1
192918,DDoS_ICMP,a84c6475f0cc8753256ecd9c4808f017487ca363b93e84a8ef3b65ef4e1830cc,de164436a9dc78552cfc5dbcdb43b379fd24e93e0dce471f28f032404574b9e9,DDoS_ICMP,1
192920,Uploading,0a2a3912a0519fd7f827e5331983ab57cc209fe215a9840442f605603b8cc50b,9254c54e5a63d9b5ea4615a7e1e6f6d52c4a941a2c8581b261fdc4e0a7e23d17,Uploading,1
193293,Backdoor,ee4eed701982b0917b03d8107cfed98b89121f59531525b069d81810d56d52e2,e0f6e22973877c2d4fa08148caaf99e3e2e2e7edbc63e55d1f2d846069e1299f,Backdoor,1
193309,Fingerprinting,cd440e34a0b79e904a68daee86b5bedc75d8015463be6ec350aa2df8e04531ed,db5a4a14bb1a41e3c6589f81be0ce01b9581d7aa558baadb59a86949230486c8,Port_Scanning,0
193320,DDoS_UDP,f76444b1ac38f0384b18a6d92e5a0961b06562fe67a16a30aa86d023de8a501d,f96f851e280f4f29513c6cb6c4c3fe4dcd24ed3547e945ca034e7b1230e1c3d3,DDoS_UDP,1
193495,MITM,818757f10482257edf36294e6cf10678e8bf7545e9a523958a3158bdb2ea3341,89cc3112f38bc350efe19d00e845c613de608b2596c6d481137593aef6feea38,MITM,1
193502,MITM,bae42f1c3f3e5950c0743d0d59f28114d7ed491ee31a25135a6d1499d6732e14,30a4cdbdeb117e033080216cfb416bfe482ec31c27d733981afeee213a506e0c,MITM,1
193749,XSS,35bc2a101e593fef5e1d24143bca6f700c7a32446bd9e11560b2139b894ef67d,2e405c4e634fb6143d00c4d1f55129f6fd647c36620350271dbae8798d17dde8,XSS,1
193771,Vulnerability_scanner,8929a4781b6abda272850da68d524e8c87245493f0be78ad9cd20aabc64a887c,e3a28a507f0f356da4a910f91a90de3058a9b55ffc0afecbbc6e0fd591154569,Vulnerability_scanner,1
193789,MITM,bae42f1c3f3e5950c0743d0d59f28114d7ed491ee31a25135a6d1499d6732e14,30a4cdbdeb117e033080216cfb416bfe482ec31c27d733981afeee213a506e0c,MITM,1
193849,Normal,fe211671255c7db69e10a3a66827213a2b3f011cbaedd15264f628675b6c8ada,3a5e8b88af9069113039e6fff6335cb781d5ca78c45edeff0d59600f0d152604,Normal,1
193880,Backdoor,8699aca138c0d98d9d3f824441865cf7406a814dcc8b51e4b2fffe3d11e100d4,14364fdb8d8aaf07c9ccf2ec8d1348e8d8390a2dcbceb1e1968238323c33ef6d,Backdoor,1
193881,DDoS_ICMP,a67dfead46b19fedbac475ee16b960eb9f843a48380c085578fbd42944ea2816,0d08436363e8ba38b661a5c7665b5bcf8817c06da46a06bea4a218c86f875d81,DDoS_ICMP,1
193890,Password,1ad92e29f4fe895967b2f85d6658ab24eb71f9c9d8d4a223362446c999277e24,1f1d2d77ed22707aea4999b3340bb1b55c6fce06e035ff733ada8efbacabd925,Uploading,0
193988,SQL_injection,918b40d95542c6b01f3059cbf59f17d36fdbea0bf3ad3105d7f6fa5146e5835d,27391ddee1dc5a6340d9a0a18f397170e3c3f7d05f5847e20fea626413c9ed14,SQL_injection,1
194044,Port_Scanning,9b46d134a72b48cabd7e399a9484492460d87f10df272422b39a3fb33a5d99af,e5474aa6cf00030b1aeb124c5645e848371a57f8f0573de5927cc55faf77a724,Port_Scanning,1
194071,Ransomware,930422b79ba3bf180c0e67be86e7401e8db7f942f9e114108e0532d8ad01a413,8d0bcb2004f4e16217f62d305debe4a3142edc254133d5b99d18db1422ff21aa,Ransomware,1
194074,DDoS_HTTP,52d4e4bdeb78db7502b75d0fddedc8f5f606193322ca03fabeeeb2397224a92a,78f345d77c9733feee74a578826f3ce06a93b7e86f739cae295f8914d9750e0a,DDoS_HTTP,1
194077,XSS,46b4342bc5762fbf2886220cc456bd32882e4f4c74a1aa5a44672a3901a9e4ee,0fe8eac0b839e703c44efb6924ac75fd920a66bf47161d44453593302c8795a3,XSS,1
194247,DDoS_HTTP,2f4b19e109af3d0b76190505bf8f6a06e95fb7733ac0f532b2cc524b8e97e1c9,5a6eaadf2a5e5bbb324d84ac2dfd971c1e18f62e184ee8ae280988b7d0ff5b3a,DDoS_HTTP,1
194320,Backdoor,352399e32b162177f804e96614157f8bd9dc7f5ace98eac6e54ce235d5934f3c,bf529d2d3e435224260f119f619bdc3c407da7b735b516220bd35875b81f94bb,Backdoor,1
194451,Ransomware,0ec076ad24cca2043b8f62033ac25f7764c888d71c9e2cc037a71152fb76565e,1dd3e1628d2bdf88fa3171bfd35782b2238266773be698e6e5d38e8718ca794c,Ransomware,1
194527,Uploading,2dbad1b4828b38414c5b46d390f3f7959ff3908c3db23e53136a52282ab1065c,ddc481c49381597c4f749b71d2b5704ffe1b901bdd22063592675a1f45f4e577,Uploading,1
194645,Backdoor,dec2260c376e5539f1ceb329b278099a6557dc615e5fec956fdd87aa0d674d01,1cff1a1148d0e4ab078982bc06106b1a4149d1ab42c1341078d0dd3d7b403cdd,Backdoor,1
194666,Ransomware,ee49eee6773ed84bba3e66e77c64d4001ecc73499e24ba0d5f21c0c64e0a0395,8d0bcb2004f4e16217f62d305debe4a3142edc254133d5b99d18db1422ff21aa,Ransomware,1
194777,Port_Scanning,b77081573a1e3b0385a0caea40f46718bbc814510e3b77636d6f39bfcbdc9063,ca74850c8eb7328f0ecaca2e1a7404e4096f651b5feca3cd90bb33299cc51d78,Port_Scanning,1
194789,Ransomware,be242a36126bd40e783a95999ee9286ec5d09d00cb6d48bd9b121d646dabb830,8d0bcb2004f4e16217f62d305debe4a3142edc254133d5b99d18db1422ff21aa,Ransomware,1
194818,Uploading,7ca93bc18d0c015f2d90cfcf15b5b424135693ff09c689f5ed48dc1e482e2d37,7e8dc990f98f78727fb00c0563e9a790449fd5a9297faecaa7df697673742dd8,Uploading,1
195000,Password,6f6779873e037eaabd5cb2ce2fccd141a3a971d3e9a014557163e0259fd8eb27,e7af53c95eb0bccf8f10a788cc2548ef29df318925cce60797013ae81e422d91,Uploading,0
195217,Vulnerability_scanner,2ba8f0a07fdce788caf1faa19fd9cdd89185a9feb87bfa19b67125c298cc233f,5cbf305bd7c2ebeb2801e81de043375e105438b06787cf9d8654ee240153696c,Vulnerability_scanner,1
195227,DDoS_TCP,a379974900cc5982a41b9c3a39cc6b2753b5f6b57249cea007201d6cec37c745,ecaf13306b73913e31bbae49a2f4e073aab63a06178b948194b582e6d551d4e6,DDoS_TCP,1
195309,Port_Scanning,fdb8ef4cc8891147a0e7b835449dd7c7b85308a3548d2102b439e8db6c0a47a7,11dacd86eeec9dce820830925a56cf61cb1ed1b3b0555145bee1c948cfbea2a7,Port_Scanning,1
195336,Ransomware,f14f56a386c650a3c8bb24caebc1d3bda0a90b7a4f7adba2eab3edfb1a2bc3cc,8b8769b55133d61bc6ab7eb3ee94ef210ee970dc3d028235e3e664094e54a086,Ransomware,1
195488,SQL_injection,c517b851245f951b57c88460e6c6e40c6ee1d6cc31e38a36518871df4cf606c8,73fb6ba538063dbc1f033de936e99ed4d52cba50c6ab3681f14a656ae86448b1,SQL_injection,1
195516,Password,119358f3c3f82ec9733c6a34853bab5ecc44559c349a5f211f520063f1ab881e,92923b56e653e8aef194804740d65debc902bface394246baf0e49f4debb8b49,Password,1
195551,DDoS_ICMP,527bc4dbe6986a6771aa57661458781a1327196078350d1b8b0d1cbbb7828903,3ff38aa5cedfb59d931a7193b53ba85597de64d769df5474f448b189c1329b04,DDoS_ICMP,1
195823,Uploading,9ad67903db605e8215b92fc5a28327b746663eec2e9642c7f6ab2d4fd0fcf421,a93f675177e806a0d61acbaf8010fe0429969bfd16849f76dcc285704abc8654,Uploading,1
195917,DDoS_UDP,601ae43a712be444ecad274fe8efde9b8496fd2bfa8b7d783cf9cafd236bb5c0,cee39f782ed679b635054c6f47811946808aedfbb7d4df9916d57d5535d065ea,DDoS_UDP,1
196065,DDoS_UDP,8b5f85bc7298c3879fe869984c8cee626e1b6c690d786430444c96d767234abf,e09f99a42eee045f5aa8afa346c92aa1fc4d917aa71290adb0bd4a8589a4008e,DDoS_ICMP,0
196352,Port_Scanning,722c11193eb216d2a1af4f608ef491e9cca78208552c1ac0e46078316e679944,101455d87bd7f9601a31d6f0e43cb5e13c8378f0db5f0d671b0e95d7e937291b,Port_Scanning,1
196430,DDoS_ICMP,7d531b83cf4549f81dc21a266913426794a0daced1b796ee7d4d777eb631b732,a56456011987d7a5a4a2e72ec5790a51fed0d3308a655b85e5270db99328cb39,DDoS_ICMP,1
196431,SQL_injection,83d5f1fffee12dc7fe3d90226d9ef5f1bc1c56d81b9e0e8ea79ebf157779ab74,20208a406bf78227469431e556550b2723dbf381f7566b6bd5e32345bed0a649,SQL_injection,1
196478,Uploading,a2280601885806cf2d480eb88232e98ec4be5ece1e7bcd9933c3bca9e10c2753,ef7bfb793d9e0d5a34c1d419695f141799abeeccbd04c30a716f367af3b93e4e,Uploading,1
196635,DDoS_ICMP,3e4f4329641b8b836181b20ac09b3d8bcf097dc3bed995c5ff0dcf18bb523355,34f2ac6ba7be301136e26d9849d483e8487f38acdb7ebf98ba9ee7b924befd26,DDoS_ICMP,1
196682,Password,0c2dec9c3571e2d74eab7ecf19c817ed33e9d981d8b107aa3bc4fe6604dffe3c,2a6882bce5449d9e06338d0ecc9230f897d069d4ae03bbbcb4a4428b799f9093,Password,1
196709,Uploading,2ef329d4c7faad83596f81917802a90f91a49ca1f28aa86841e96c89aa25bd43,a8b952829f64fef7421f90fcc7dce5af5ca3638c056c38a83fc80a42e72b1359,XSS,0
196725,Port_Scanning,7d5aa1e5f37727b62ad457ea6e9ed6ba53786d4156c0d734c640e7aeae7e54a0,db5a4a14bb1a41e3c6589f81be0ce01b9581d7aa558baadb59a86949230486c8,Port_Scanning,1
196764,Ransomware,baacea4aa84fef5dbb4a733ba95b2e6a335b3ec35616deab05a52164d127b8a6,8b8769b55133d61bc6ab7eb3ee94ef210ee970dc3d028235e3e664094e54a086,Ransomware,1
196784,Ransomware,9245c77582f3f6b04d1c867af8ea2833225cc4ceea2461b819fe96cddf3059dd,dc1476a44bf7a4a93231e6284f14af313b50ca28109612c9bb4b5045acf437df,Ransomware,1
196882,Uploading,5c6b96efb63eec08bb7750cfccddc46036011107bad1f92d8685444672ca5c34,88ff7926e9fcfa535567183bc892edf8697620c55f0a5582145e605aaf766fcf,Uploading,1
196992,DDoS_UDP,061e0b9c4617789419df693897fe2af2cc10382e371d7d88fc27cc00636b641b,36d5ecf13b158b10b835cf66db3c8ec9396d5e06fcdcc6e2748eb351d719781f,DDoS_UDP,1
197002,XSS,35f19e52213b22d60b9c25c82fda39c5bf9c4bff67e5e629f8d34d8f6dc16451,0c6fbbbbe1b22c920b1ba33c18db99e9cc29b1eba4f6d62aa1357c11585f0e49,XSS,1
197066,SQL_injection,16bcea7205fd09bffcdb78a173742b23a0ff57ea9faa65e6df7621fa62f86885,22493862a36ed62f7deb51a2bdc0c379f521df79aa05a44d0f6d3b2f44e9a43a,SQL_injection,1
197126,DDoS_HTTP,ff3eea8df16db7ca39f13c5a6e9217006a284cab6e39884dccca53f2d5f91102,5dec344a1d4f43410ccc6e1e9a8c233394a6ca60e5b4e51907569c36bd37a3d9,DDoS_HTTP,1
197174,Uploading,2b8f70ec78d5f45e99815498ec1140fa98cfac4fac7a6c515e3ca721a3e2b4e7,430bef47f999b96706dd9e56b00da9aae40831571a22d22a1984ca6faa5fb209,Uploading,1
197285,Ransomware,585baff090f3d6acb2dae9a29e99bfa1e44b1b8b7f5f63aad484c3e11fec264f,8b8769b55133d61bc6ab7eb3ee94ef210ee970dc3d028235e3e664094e54a086,Ransomware,1
197293,Password,06cb8ade1cd5117549f061699a3e4b1fd2a2e852693e379d7e084e4df9f45fbc,da525e0b0637f857bc0520710f88e40d2fc525edba7b10ee8f5ebf4855a7ca49,Password,1
197347,DDoS_TCP,771cfdd25b681511f39eb66d6e756b6e0655534f2ebe7f32954eca488128b17b,c156e8817aae867dcf9c4bc2c29f09f6aac251dcfa08ac4b71b7571ae4a8eb57,DDoS_TCP,1
197397,XSS,bfec7bd908caa757be95acdacd53754d25d44a61b3ea04b64bcf69f6813cf10b,2897d951fb9aa03cd53c339ba90d9d5f0f65599e36e6cc8e0f84c3ec431a757a,XSS,1
197506,DDoS_UDP,7e7e015a28b6c6f59204dfd7c38fa8b7b23310a0ad8f9bf61eac156d9dae2b43,5ca217397f3ce95029bc3d2c91a0841b13abfb2a7c7231c08eeb6d760ae976f5,DDoS_UDP,1
197524,Ransomware,32e1f8c5da37f110b9efb4484b0aa90b16b8b8b11c4ca19f11069ac36f4fbec8,58d6456d17c93fe02ca4763fb88a51b3a3b30a440635dbcd0573eb2fbc37676a,Ransomware,1
197634,DDoS_ICMP,c5726190e7361149d89cd99db84004bc07a960b81f9c6bbcc31cbd1aee958356,77e032fdf201a59b3f478ec485e352199be928400e58285e98214e2d57023969,DDoS_ICMP,1
197693,Password,ccaef7f98b3df0b9042e09eb1be88dd0005023053cfdcd0057cbcac5b0948947,6d108bced8b8db35a94c88cc29df92717390779fd17ea90f6eff76d1025fc2df,Password,1
197767,Password,6b2bafacba9e5a298eab7cbefe5ef0ac74340dee28c5ab068ef4b65b429cb4cc,d0f53864b6218a0f89e9ab25e8319cc48c438967f4185b233e45f36148267f2f,Password,1
197905,DDoS_HTTP,0020e74d80dcb0ff57388d7f1ee9bfe70f310964dfdc341c3f8344f10a989881,c4c2b1b119c94e259d364fb5f7fec7f3b508db3e61297916b3384ae421c249cd,DDoS_HTTP,1
197984,Vulnerability_scanner,03c4bf95ad3de34bdfa54ea6717d219c34d8d9f393a97dda72f1717321a17f37,2cf727a0cd2fbc625a73c23f29ec12d96a215026ed14de174b68ccd9a1791a55,Vulnerability_scanner,1
197999,Backdoor,8b760ea4383abd29aef629d01dadc48461d0ba294c3cd2edda598cbae03bbaf8,799635b400ddd6d31ea9d96d23a8445df6032e2bb8ead17f5cc2a379144523e2,Backdoor,1
198093,Ransomware,85c194e0ec8da4a56de65a6f30724f3f5f25dce39ab641bed10b4877fd6b013c,8b8769b55133d61bc6ab7eb3ee94ef210ee970dc3d028235e3e664094e54a086,Ransomware,1
198181,Uploading,c2b13a799de9700671741979cb85a89d47927990195f006f05e8df21dfd16855,d0b840fda2ff46eb2947f630eeed1f479cec05b795ed2cf5ef4647aaf4d03b1c,XSS,0
198216,Ransomware,242e290e02d77dcfd228a82ba8ad1a8bea7d967ff3861845d05f2c554f7591b3,238218b039283f5a45ee0d38f4ad7e90ea8db0b682a1f59d4cc6831d5db1ceda,Ransomware,1
198228,MITM,c813799c37f761c971eb8d003ce3b0a7ed1a69da5947cbf17d6139e577cf2a54,9c6e4dd22228b73030349d9beb49a9c2ea108c9dcd0b0f9b5aeae418385c6e35,MITM,1
198368,XSS,3a49ebb79ad192df69e3a52a5cdd51b0dfb6f45aaed13440ff9edc1cf9f7214f,6a2b7508bd6c359c2c48e63efd638019c46017f0a530d9c9d79329f916b56dcf,XSS,1
198448,DDoS_TCP,a69e4ca77ebefe1d3b0d4d8beb5901057b4d2c86df857f751586faa97534afc3,846cc3ae74a15bdfff23bb8db11731c3c4abc9936c0d900c97e2bfa9cce3f43f,DDoS_TCP,1
198690,DDoS_ICMP,5ea9129d11c99885cf523e8e8fd78248e12ac07b187c83fe69958236d4aa9f65,61b97b2936ea75cbec963426fa4f1f64307c40fe04e12727cc28bb0ada0ce53c,DDoS_ICMP,1
198871,Vulnerability_scanner,f8e4cbb028a624cb3805e6ad613a1880e264a5e82f116f8aaa6bf4f62e95e79a,acfb884018b8c4f3ee74aa618f7e5fd62748a249daea340ac42c8fc531d75f28,Vulnerability_scanner,1
198979,XSS,6631e1aac0d724787fe52586917da259097f58bfb8ed46cfcbcb815347d0a814,9622f00ae9b5e81e526fc17cccd09cd486168a8f751ebf4d35f327a99ff306ba,XSS,1
199077,Uploading,30d0c4f645415467debeeed4f83475b80c9cf62b8f0b50edd0fdc0c4b675bcc5,f2cecaa303c63c1c234041902f54d2003cdb5d0f4c9ad3c279dd852bc8d314c0,Uploading,1
199171,Ransomware,867ce11090fe1cbb7b797e3cda85b9c521261202b7e3df31a22348c50808da8a,8d0bcb2004f4e16217f62d305debe4a3142edc254133d5b99d18db1422ff21aa,Ransomware,1
199191,DDoS_HTTP,dcc73cfa64b52081f1a13fc8b744af7b8d35fb5f570b97e230a49edef9759b03,5bdd8683a08c5b112a4fd7d306b1c651c67393651ba700f4712fffba23f203fd,DDoS_HTTP,1
199225,Port_Scanning,03e7ee103286dc13442c7489d06aa56fbb800abc7ec87ea0b90efec12ac296c8,eb273eb5728e4ecca163edf8a9df6bc9f2c17379fa5cf5af667d6438f621de40,Port_Scanning,1
199248,Vulnerability_scanner,6b632c5b40c730899a6b71599be1c9c057182631da845170e47a4d389b745b6f,0369736264fa8bfc4ec3c06dd476555bcf1599a09767866e8cd6556441f636f6,Vulnerability_scanner,1
199372,Fingerprinting,d735175e033fedfab08d859e17a824f8c667047b16c0665aa29b772dcde5d66b,0c9b8ee6d7462f93ca1089c93bac8ac8e610de7b1e2e6ea1cc85817e83a18a12,Fingerprinting,1
199449,SQL_injection,a813a286d1f68372d4d835cf8376c3cb172184998d78bc6a48c89e99baed4464,ac8c8e194d67c09a8a0cb998360a8c6b23046372a0040d571083de21652e2d8d,SQL_injection,1
199507,DDoS_UDP,83ca8fc5b9f74234a8e939506035361b3d22ab1b8f819d76eab589dd4a1547ea,3530f864c85b3074fdcb42c9fa1fccb9d24e532fd7452f791fc3c5db4e4d9609,DDoS_UDP,1
199537,DDoS_ICMP,9ad56f55393adc56a8634bd216c94a9d577cb627fae2d7e54fd7bebd27ffaee3,54aa6bc96f75e0cb64973d9df8d7381a280b0eeedc7a0d127b1dbe7a9864e4b2,DDoS_ICMP,1
199893,Normal,418205e09e82dc4a9b60f18b79c10fcec4a0458ed3a61363f5f1b4148ed8a2ed,bcfa8855dd4754b298734e08d059f0f443001c68c92da71aaef1c85a2a758ec2,Normal,1
200063,DDoS_UDP,cd43a312bad7836854a1e77f7b6d0987ecac683f0f44ae79d4fadf060bcf6ab3,15c12ff881aac49fc4135cf7e9012bedac1c62f374571679565508b2863a1cf0,DDoS_UDP,1
200271,Fingerprinting,a14137191faf4d53c8c41c0d94098d663c1340ae41dda30ed0c697bedfb60b93,e361ae3bbbd3c4ff174de1d64c1dbfde83e84408d4ac8f377e1306311c7a25ed,Fingerprinting,1
200476,SQL_injection,34902b3eb757e4973b308a4e48dad19eba53b6196651988ed569ac993c9639ee,5b638ac9d0ad0bee7f1e1a9abca588a18af360efb09ae9db2dd95e1bfe4b9fd0,SQL_injection,1
200500,Uploading,1e9ef4070cf343bce994f671ce263a69d513690a355cec91b860d1bf9e31573a,56d418f6ee7db23b81cefebd42530d81e1ea08d5297a2d28ad7b7cf36e5757b1,Uploading,1
200590,Vulnerability_scanner,4dea2f214ab6bde452d4f7c3a0d6d936f11c29a420f027f57bb965fe8a6d3f61,1bf39dea22596fd005150087753b7f8e54ec07b6d24fce17696f0831734d8ce2,Vulnerability_scanner,1
200653,SQL_injection,f7a4cb815c595442e082714bbe25301fa3af5b79b707c6d2a81b1be3536de003,9b78bae673dd68c2eb18b460ed122efdde0ef5698e2af8206f987fe7ab4dc72b,SQL_injection,1
200660,Port_Scanning,2546efbed05e762482172eb1e0738a6eaf5131078d2c54140a97c7148df3c39d,13f07c42849444ebf8dfcbce9516ec9bbd1bb2c3a883f123eaa0e80b04624b57,Port_Scanning,1
200682,Backdoor,01e5d0ebfb72272c8a538b858b5cd93decef8fbbc91d8fb4655125508b1a2e25,799635b400ddd6d31ea9d96d23a8445df6032e2bb8ead17f5cc2a379144523e2,Backdoor,1
200827,Ransomware,36f2333b030c0d5a88c826d7db257d2c764188ff6eba9d6822d1e6a9e1c167f6,8b8769b55133d61bc6ab7eb3ee94ef210ee970dc3d028235e3e664094e54a086,Ransomware,1
200832,Fingerprinting,f334d4763a9950b0a751f68603635c6d10a1886dc7aaa8260d6c9558a89e7821,0c9b8ee6d7462f93ca1089c93bac8ac8e610de7b1e2e6ea1cc85817e83a18a12,Fingerprinting,1
200979,DDoS_HTTP,916de6445f1e8a8317575a884fec3463e8f7657215a065c34787bba5de1a0895,13a0f2a60bc7132c6bf75ff2cda7c8121068503a11aff8d74115b82c8aaa404f,DDoS_HTTP,1
201011,Port_Scanning,6d106370000f654c6be5a6911f36ee5b57ba2dc195abe1765781374b82431711,b244172c127bff765199ae08734ff69ea19173a9b0c3181ee52d4c707ce870d1,Port_Scanning,1
201117,DDoS_TCP,cbb5767286eda80f1a741c022bad35c013eb92b3d421e52313530ff5605de779,a7729e3d0dda6df06e40c5103f75ee73d25a9a09c54e2d64aa1a71a9b4b4c53e,DDoS_TCP,1
201284,Backdoor,95b12f1c9a2c9b0548e04db93b0a76db62c6e1ebea6c467319d3e152211089be,1cff1a1148d0e4ab078982bc06106b1a4149d1ab42c1341078d0dd3d7b403cdd,Backdoor,1
201371,MITM,8ced6a0bc10dbb50d3b6c63c80579c90f208068743f604f6d15522f76c5ef414,fdd718561723c2b10fb788ac3258670a5086d4edbe99071b96364d73d50a9867,MITM,1
201427,Ransomware,9da437701fd014ef820df4c1428fb21bf9d2aa5ba4237d844d65ac33322fef25,238218b039283f5a45ee0d38f4ad7e90ea8db0b682a1f59d4cc6831d5db1ceda,Ransomware,1
201641,MITM,b092113c75997a02095e45ce20f4bee42a21eb09c177915613ae48772ab7e21f,89cc3112f38bc350efe19d00e845c613de608b2596c6d481137593aef6feea38,MITM,1
201765,XSS,9d3d4fa207608aaea9d90c2312801c7e48ac8ace27761cf6f0665e88f293fd73,2897d951fb9aa03cd53c339ba90d9d5f0f65599e36e6cc8e0f84c3ec431a757a,XSS,1
201814,Password,d10f17fcf6840fdf75327bbb77e9fca5def3eebe5643425dd6876eed253f3ff5,f35b2c3ceb404a4b573df3fe15ffa2a5b0b14c37c4eccc6789dda6dba5ec7a88,DDoS_HTTP,0
201838,Backdoor,83f0e7f27a8fa9774579b2a771de10d6cc126ba656360845ce81093852ca9e49,1cff1a1148d0e4ab078982bc06106b1a4149d1ab42c1341078d0dd3d7b403cdd,Backdoor,1
201876,Ransomware,9794133af7d2baeceb0a392c997ef2cf0072c05166cef0132936073ea84b8630,8b8769b55133d61bc6ab7eb3ee94ef210ee970dc3d028235e3e664094e54a086,Ransomware,1
201974,DDoS_ICMP,d5454bd1fbb8bc0cc56d5606228341f1569c23ab766e0983693e4d653777ef77,bfc019e65a3c70a5a2844edb75c38a88309bc3405bcc237a430f2a1f831befff,DDoS_ICMP,1
201996,DDoS_UDP,62f19c0df3ec32a4fa3ce747589c7abfa86c720bd5d03f7916df60d5072d6c0a,3d997027ee29a2b433efa734b3517cef37b9e0e253c372af6fa13883dbeef75e,DDoS_ICMP,0
202257,DDoS_TCP,608772cb0056b4f1de3a13393c84bfaad2bbd20af8f9961b365774525853d4a1,13129bf7a2f08ccc21347663a06b941ae016503cd1ed7afe6bbc3c8ad6adb9a5,DDoS_TCP,1
202294,MITM,2c16fbcdf9ae764396db726e85d88d51220c895d6cd2d13557118654b1435d79,f16f93b86149b5877d6393eab597213a591e2c77ae1c20e329fcee0d15aabffc,MITM,1
202563,Fingerprinting,99a6092f3ba09b9e0614884459604a97a3dd76d26c3a3237c0b7644f98333927,0c9b8ee6d7462f93ca1089c93bac8ac8e610de7b1e2e6ea1cc85817e83a18a12,Fingerprinting,1
202633,Fingerprinting,cb8d596690f5fbb8bd4f31815f852c7364fb9fd39b548f9345515f6923747f32,0c9b8ee6d7462f93ca1089c93bac8ac8e610de7b1e2e6ea1cc85817e83a18a12,Fingerprinting,1
202638,Vulnerability_scanner,79832b4da7a3cf35a0a692ac563db0326606d40479bf744bcb0345d21e0ddd22,23a9f500ec9b38da24824ec1bf76ff3c8939f8abf63da5b4e0948d07760629ac,Vulnerability_scanner,1
202815,MITM,e15e92ce649435f53cc9fe6c78c88179e2e9ca7d24e243652523cab22744d0dd,30d8bdc59798d1909bf0deafcf4c39ed8d9b4d7f2dd615432f2e2836636c89f2,MITM,1
202930,SQL_injection,bb88ef97af4c394e99d284ba7a6eceb772cdde9c495508b46a48d4b958f888d2,c4e4b9fe88974ae4a858f1aaee7de089a95852dfa612b3c9c8cfb6c405823760,SQL_injection,1
203031,DDoS_UDP,572b1a087c8842a9165538429b8fe4e147a2b5b0ed8710a46448f947e9de8645,1a62bbc75ee1b9ab610dcd58d712b1b1fcd72e1ef9df84c848a6ad33e7aa1839,DDoS_UDP,1
203233,Normal,18d1fcac56c09cda40141a58c22e91aa610d8b1e945cd3456b350f0fbff6db03,ffbf5805f08ef5174d3d6c8711140f1b6214975709ea5a9584cd26e69b8c52de,Normal,1
203263,Password,40f9cfa702dab0e2df2de897808e64c02be8adc9ec71cc8afa79248396b650c9,bf2f65ba8ab41c77fdd25dcbc766d0d5118308754e3a0f71a7560cb3d700d2b4,Password,1
203275,XSS,f386995cceade65d9e9c337caa144eb19b2ccfa0bcf560a07b4078aed5da6ccf,28c627c2c3c26a52fd02dd2f179bfc2e440dd5d578de50c33da59e6d6cfa7d97,XSS,1
203370,Normal,609033da81ecfb49b74f06d636a726020c62bfd4fb313f5d770646456fb6da0e,3a5e8b88af9069113039e6fff6335cb781d5ca78c45edeff0d59600f0d152604,Normal,1
203504,Uploading,b43805750e73b99b8a600f641e31ab792258c2b1bf8fa7f83f9c2a1ba587566c,fa265d73a619beeeed87ead88a2fc39c250014c40bced2e5793cc76da0a13745,Uploading,1
203776,Vulnerability_scanner,1266bfc44ab8845094b37e2013a9a8674eecc308f4cae75d0480b7e35000fca6,0d0a9ae98e2361893c470622049671e2f163fd50fb923b43e188f3385b44a645,Vulnerability_scanner,1
203804,Normal,fb028d7ad73c04a4a97235b8d434aff113ce3c246e57068fde04884ebcf65bcd,ffbf5805f08ef5174d3d6c8711140f1b6214975709ea5a9584cd26e69b8c52de,Normal,1
203811,DDoS_HTTP,b75abf4b225f76043208a91feaf6cf1ae631a86c76337b6ff987edd41b1d629c,108ec9cc338f74ded89ee77bfbd6c6c650f5b6963e4d2575170059c2ac3c779b,XSS,0
203869,XSS,d088835f238540dd51a83bbe6d266f6830028774abafe9f17ccb9b991df5ad8c,c8cd8dc06f4a3060566d783dc0ed27ba9df72a58905f9ee8c452f3a783670691,XSS,1
204081,Ransomware,d67b35dd2fddaa05a4696f1b634f8dd55fd30bd39610f803e889bc01e25f2b42,8b8769b55133d61bc6ab7eb3ee94ef210ee970dc3d028235e3e664094e54a086,Ransomware,1
204132,Backdoor,40f1aadca93852324c62576c20b49aed08f12de3fd348c710a8343bcad41777e,208591fa13d1444b3c73e3d95aff3a88601c213e90b4bf92a6f8e8804e6c88df,Backdoor,1
204133,XSS,23aa7144ccf28663aea7fa4a1d6f8643307764606d6d440b952f3c67f65c409d,15da9b96d4895523c33bbb19fd321d76963139066b1f533d33cfff641449841b,XSS,1
204190,Uploading,0356b0a7fe35dc7fa567809b04cb2c56b903d9bc2501d3f2085ed182a2f58e82,bfc160447c2b2dbfa7c381126c449f2f40229d22e5322567693c2291b36cfcab,DDoS_HTTP,0
204229,Password,9cd22dc428638b229cc7b0fd181ea32e2502876c65301648ad59fdf37751df99,f7d03e38a5f2aa930f4b349a99d6e37344818bff479f8e1c9cba8bd862724ced,Password,1
204296,Fingerprinting,d45c4e153e1b2c61b872317d61d170739b2eb02d1106e205c505e0cf6c52137e,101455d87bd7f9601a31d6f0e43cb5e13c8378f0db5f0d671b0e95d7e937291b,Port_Scanning,0
204343,Backdoor,a54554b1db672b13cc5a1ca887f17eb4158e0dec074421802bf78cc8d872886a,3655ae2909ba6e154bd00ba8e942723aa9f63a3929cbf96f58ac670eedd16096,Backdoor,1
204413,Vulnerability_scanner,4556590b95a1c928a693aa8bb6754a6c5df42c251e364c7ae51bf877438b87de,a8258e86535f6d4282d86e0bf27fecd721ddddf233550744240018d5ef5f8b48,Vulnerability_scanner,1
204640,Normal,0b23c5447eca7a0b0b9875cdb2ce5a3fc344b149caabe84bc4aba78da656477f,dfbc8ef3d0995b758a01b4d559da079c2355770e123bc4c5d9d5beefb8c75494,Normal,1
204822,DDoS_TCP,3fe6554fb5b19f5578faca1df15a3b916a1d6ecc81361a41b32f75fbfda0ecae,a06a0a62c6c62183e318f8515cdc32254c9919ff61f6e75e326c6aeca7c69352,DDoS_TCP,1
204996,Vulnerability_scanner,14364c1526756379b4bf0f9a79222d163390441752a6b9d4578adf2815e8734d,638b893a27937433ee46da03c1e4b57c10efcf4878a471d4bdfd1c92f089b83c,Vulnerability_scanner,1
205064,Port_Scanning,edc249646746eaa86c78ebfa54cc5d90e6ffc7332ae3cbc8d10fc1b3ce387956,47b00435cf0c7bd55232f4658d93df3bef2e8cd1aae4607e22a22d7dd7dde4ef,Port_Scanning,1
205209,DDoS_UDP,890746ec4e9d0d13d09dd4024cde81f631353cdd1057dfc3e661d7160b3b8f38,d8358a89b86af3513f38aa91cbcc7bff8b915c6a513ba9da77fac887397124b9,DDoS_UDP,1
205231,DDoS_TCP,9716a94d5f33c6a3b67637a876bc2f5558f0bd43cadc4b4e9ea517ad12cc9902,8b86c17f8bbe12459c8427881fc3c13bd771b982f56f718278610585593de2ea,DDoS_TCP,1
205250,Vulnerability_scanner,b4631d2f078c34796dfbd009cb16f8b9d368d219ab0c9e4684fab3036d22e818,15d298a908c4a790308347bd091c37383918be11da701655e8b5c11c01dc1052,Vulnerability_scanner,1
205484,Ransomware,cf4d8fc347bc2f1483d84d84d3ced115b4a9648290bd5d4c01ccbae26e71f25a,15d67b93aeb11dbc8f6289f3d603abf0f5e49547624ebc1efc11203638afe585,Ransomware,1
205521,DDoS_UDP,4f442c43840c882133183a18749370eb2aba8f8b6ff1c9ece336275d1cf3c30d,fe4680150044b0f06b0fa0b3019716c7ff74b0c3e410f5740c8c586e03c2bb49,DDoS_UDP,1
205770,DDoS_UDP,9b14e418bf148a134c7171a86a73b303024b6274428a9413e46fb5191384e071,73fd13917d6c918de2a05174705c03d366a5239d82e6233e241880fd7da91fa4,DDoS_UDP,1
205789,Fingerprinting,fcd3bc275b538172ef872157db03f837ce059b16578de521ac38a9744691c87a,0c9b8ee6d7462f93ca1089c93bac8ac8e610de7b1e2e6ea1cc85817e83a18a12,Fingerprinting,1
205819,Vulnerability_scanner,9ecabe7476b9400e8b873f6e0f3452f76bd4f97c332d1da92f54351f9a6c2f53,53a5338eaa50b0a8d3bd38aaa72cb520a1719fef38ec07e0d45fda03be18f609,Vulnerability_scanner,1
205898,Port_Scanning,f7550d6da4c3d827e228403d417806b91de45334cf9c9b7475139bf22a932e4b,d6bb680329986b9095cbf5ff4231efa510be5a12f70c78740c163bd14fca70cf,Port_Scanning,1
205979,Backdoor,a4307fac9cacdaf03ae1f703a85268c9ac912244f799dea7c9f6871f0f04e310,1cff1a1148d0e4ab078982bc06106b1a4149d1ab42c1341078d0dd3d7b403cdd,Backdoor,1
206170,Password,a5472f768e6095c97e18ad23a9191d35314d866886f7a30ce835cb8eefca8420,db644435ba854adc00ea1f11a40e3b78505a493f8c0206f8212469db0993eb84,DDoS_HTTP,0
206255,DDoS_UDP,764b7ba78e2e1eaf0d6a2494b47135d3b9f11fd2603c8e7f0e8d166fa481375a,a60c6d6024fa876e631f31d70015db7cfe2d225fd7421f384e35b39272e9811d,DDoS_UDP,1
206314,DDoS_ICMP,efef9ddd84ce9d445128905309bc46c1291cf047fec67da5fbe76accc4064ce2,854e630c9b0b33f46f5b4dac7baa751e3582a5746ead73690d24fdbf3873d730,DDoS_ICMP,1
206392,Vulnerability_scanner,3c2871ae0f315ac5ac353962d93e72fb454ce7b1d69f3c7ea637e216905852ee,523f9c26f31c430d9c6f6731ce5150ce27599e8078102d4671698231325b73a4,Vulnerability_scanner,1
206484,Uploading,ed52682b5b67f640a45f0af45d895acad50df51dd679f71e1bbd845c00a7d81a,ff0240299c3a09f542e32fae2551f4b6ef23ff749089f88cf84e9bca9f9bd4e5,DDoS_HTTP,0
206509,Ransomware,bd58b0e59d767e8bf09c8dfdd2bbf9c98259a659fbeccbc6f24badc39d83c73f,8b8769b55133d61bc6ab7eb3ee94ef210ee970dc3d028235e3e664094e54a086,Ransomware,1
206572,Fingerprinting,0ba56f3ed56e3f1f40cf81692a8d3c87ed4bab8df52f5dfb58720ce08fb8099a,0c9b8ee6d7462f93ca1089c93bac8ac8e610de7b1e2e6ea1cc85817e83a18a12,Fingerprinting,1
206651,DDoS_ICMP,fbf0c6b28080727075b2c88cc995abdc7056c646e692046e3db117516d4c4ba2,2ebd2853890ddd8014ae91fc9488f727ef1c575d3bb035d0ef9c0332d987373c,DDoS_ICMP,1
206681,MITM,2c16fbcdf9ae764396db726e85d88d51220c895d6cd2d13557118654b1435d79,f16f93b86149b5877d6393eab597213a591e2c77ae1c20e329fcee0d15aabffc,MITM,1
206732,Normal,c461bbb1928a4cb64c91c7093d64c7f9575f091750f4f2d21cfbabd0a78352bc,a43537bdf1bfd21fde60e4381646d699e144c1534e429ba08673205c4b0a494a,Normal,1
206789,DDoS_HTTP,ec7980e4227b31a897b53430a33b56e2d900a95e7ed5c969c63cca90e1978afe,734f9fc246f216cc0d7628375b3ed57d356be6d138628767665c3edea1f699e2,DDoS_HTTP,1
206863,Uploading,c96a0c4ec80efe25da07c223c4249ca4e2e133195b77b33df8065f92af165fcc,be428f2d58570ec75470c6ead064701b2193a1d9ef87ad3c67857dd3f36c002e,Uploading,1
206903,Vulnerability_scanner,97b55e1daf9106bd77f4395a04836c260bf46b05b9ac2f04d01474dfc623bd63,24cc98eaeeb241e1b3ad02b3e63c5e4fd502b8f676f8476bc57a03a805958edb,Vulnerability_scanner,1
206991,Password,c7faee8bbc519cd810196928fe5cb889421e4f69310618cc78be1d6b32cfafbc,a43c0d9893f223775c0166dca12294733402ff1c4e3a980e9418be3e1b5be53f,Password,1
207081,XSS,85c8d3a7401c22e534439f41e181eb20b2a1fb782852f9180ac8c2c461bad074,1bac5417b5bc8414b17006eaf0bb21811b50933e4d2c6fd41e7e4792f459eb2e,XSS,1
207167,XSS,3813db813c60167abd2191a0c6b6188895205fc44ad6b1128438b6eec9fc2b1c,21c847f08a64a1a9ccf967f077d11d3547f9a8c5bbf003d78cc0e27d07b63c09,XSS,1
207193,SQL_injection,72a5780f344ef5e3fc3a17fbda856eaf3f1070ed2bd683a9e18e32d093bb1d5e,2c4c2b8ed86e3eadd8efb9281b5fc3f9a22b597f71b5a7bd8524577f85ac977f,SQL_injection,1
207210,XSS,302ebf1ffb37bd447b4a00d16ebd0f4e9dfce0d8c7181e0406e2436857ebbcdd,477e9c0d079888e1f0452083b472caad46db68eed10cb3ff0339d47cdba153e3,XSS,1
207254,DDoS_HTTP,3fcfd317646febd4fdc4abe6b4836b4f84d18b9870447f50c5c9e5060a664be8,929ad2db828ff3bf7a4a5426a8b3bbfd6908490b80f40f27e83a4742e68d8bba,DDoS_HTTP,1
207349,Port_Scanning,c3b129303f8f6d7c3a44deff75d2e3bbd56f6d5ee665578297d154623508f922,99cb3b319be346be4a6931cf8eb1b579bf597f7f1b514f54b8a0d6c2376d1650,Port_Scanning,1
207410,DDoS_TCP,aa451edd8250a0a953c4a62661955c5a428317e0e1f1a5aa152e036e38c0aeba,71b86c4b85e051d2fe481f3fc20dee4f3e2aaf0e82b1e47abd23767b9cdb6d28,DDoS_TCP,1
207483,Normal,0dd37506da03d578375010df06662722ddd3e8bb0221c4028d3c8fa474bd4dda,256095b6ac2617efb75e553188c15eb0fb81388bf5169dd60c7c9bd892bebd92,Normal,1
207781,XSS,7e3fbe3d7d1fa5e1c238ae9357e90f6e8e1d63ec504271171d8af63a7fc27074,bb0284abe3d0253389259dc50d640f010f2bc861e2a32502083196fb0402ab8a,XSS,1
207966,Uploading,9688e31253042ad12d012cfa1c274ef1d434606cc4dbed2660b21c3902e825db,16eb097df11b13e7617c722aea6e740b8bd95cb42676d321e58c8c28464f158d,Uploading,1
207979,Uploading,a8fa1f4de9eaf7caa5f5c35a7043c1a08a21f59abdfd6ad0bcbe3d647bcfb927,b0d9a8a330c805d125f98deb18839214ce6c52d10f78739215a4d4354160a820,Uploading,1
208006,Uploading,5663f0d8b8121a7dacfff25a5ae645364809ae00840a557a3a280079b154b0cc,dda82c88f72872510fe3e5f91d759e9524a1acffb4bd7f7ae0b36aa8e4f2457f,Uploading,1
208258,Password,2725a57b59d416f699b7e2d613a6451ff411af894f56215e5dbfaf1567de8a99,67a66dc20a5570c3331bd41abf84be03c3e044ce7cdb7e6cd2a34aff0293d940,Password,1
208343,DDoS_UDP,23abbf2cd0c1429a9ff2c5741039e32d9d96ed36bf941d4f97ffa7236b5ff9da,43866db124e6c60bffca86aadfdaf7751efe8ff5f4b02c42fddf0d011541f4f8,DDoS_UDP,1
208372,Password,ff10386fc359343b2f5b70a250ef3a722c7a94c1c292325d243ad35dd3787f23,2d7c290deb8a81b03588bb462bb5cca3be40ef75212621f57e41461f6ca2b20a,Password,1
208453,Port_Scanning,ccfb7355bf6ef4b3522ebe2c0f3619d07f8024beeb117416afa9491d2df58acc,7e318430a1eefe48a92a6df507a8a18a1677d02a9a82415290008c06b7d4f207,Port_Scanning,1
208457,Ransomware,c3c3209eff98aa9b567582ee720a8eaf777c241721480ba7b8e78221223e11c0,e8f0bb058137c5a25af3cd5263c6bf16011afb4cca61e79064f75247ab567137,Ransomware,1
208514,MITM,bae42f1c3f3e5950c0743d0d59f28114d7ed491ee31a25135a6d1499d6732e14,30a4cdbdeb117e033080216cfb416bfe482ec31c27d733981afeee213a506e0c,MITM,1
208718,SQL_injection,b6e4aae7aa9753c51aa632642ec60edf6c77629a9417fe6d883dcc1ab94fe3da,7f8de19e5a20e6e1ed20cdf738c7a684d5cad113915c73dcd29faf220b8c6b5e,SQL_injection,1
208732,DDoS_UDP,93ab540ede742b210767bf3cdb60c9015808189b78bc70820666810386e8e277,cfbb8f77fce71bdce733a52cb6228d7ffc749a1b814c7a01c210867128d6cba4,DDoS_UDP,1
208802,DDoS_TCP,4a29291909b723244d3b93a6d5b4d0f6d96f711b0842c0670adf9b6e8b207719,55959b538ff89b7159ed0827bf56ab494a60b6541458abd7b4abc7a8566cfbe5,DDoS_TCP,1
208923,XSS,fe6e403d02cb3bc86eeed4807726a3214ce68b13464ea9f6ca095d6ff21703ec,034ae67a3c0ca07b35c786ad6a4fc616016c52978bc49521f266148e56008b88,XSS,1
209232,Uploading,68b46401e30692490c6acdad86ae0f153cf18f031bd58d643144a61fe0f6764d,b2ca974ee0cf3cd10c417d07ea7039b167743c50bdcf5851fa7b1c5b7bf65b48,Password,0
209253,Fingerprinting,d3f45852d439d64614e60815605227c30d0e94a7d5034fcc2a66b23b9587d3a0,e361ae3bbbd3c4ff174de1d64c1dbfde83e84408d4ac8f377e1306311c7a25ed,Fingerprinting,1
209305,Password,76ef7e7852293eb7ac42569775aa5b58226770d98f4583ed72b8975e458816d7,7e59e8f4664c667b9c8f5fe7bb85dacdf08f6d6cbedf9ca4348136a4995294f5,Password,1
209466,DDoS_UDP,c4b3e8f6b80a5f3ddf2f636df9161d0c413c7aaac18f5c0e8c8d0429988210c9,464446e80d8265ec250dc84deb6fa5465078528c9c47e5db90238a6db5379994,DDoS_UDP,1
209608,DDoS_ICMP,fd035758588ee7391e5ea0f3d5626f5f94c6d0d4203237c3928da4f02c24c9b9,33c7f244ba8f277d428d550618074fd909344f90a621759471be301070f8d0f1,DDoS_ICMP,1
209627,DDoS_TCP,b0cd25b473749e25e7d345cdfddb45ed4ed3666286124b6bd8298285819ccc05,fcdd5800deaa910e7066da14af68b8e7b2bd83988950e0381df964321224ec04,DDoS_TCP,1
209763,DDoS_HTTP,02fd5e73f97fea69c79b46807442b059a0b0abb24de5c36f45613c803f7b6b43,07c7c3af1757cea104e01f7f8f0f94046edf7ce2397eee6e9ba669a15b82b05a,DDoS_HTTP,1
209896,Backdoor,4b07daddac3faf7d9c669735236c1801a24bee3b5ed44dc49a14f77471509515,48dd69601710bc76dc4ba6ebf25e8bdee90ca014638e0b55737391ec718d5028,Backdoor,1
209925,Uploading,613ea3369f46d260498e1fcd0ff6c7719d92bc59e6fe5c11dafdae59b2f9385e,81432668b6d9f1fcfb4fe44cacd15b86035c801befc4d71907196e6645287b5f,Uploading,1
210086,Password,c8926fe6a66fde8f584ab4c6e4bdd7836405a29837546d9a1e589f79b2f35bac,2b3cf25c234c1e55b8a6a577edc03eef6ad12ed1103b5a17c48efe9a3041d95c,Password,1
210193,DDoS_ICMP,c191e5aa2be336fd5d60c98ec13edf7647f1200bd055fe6c170d01a48023c932,c11b0413adf8a498df81d737d98cb859a7856fe28060e0c56cb2dcec0fd1a725,DDoS_ICMP,1
210242,Vulnerability_scanner,5dc9bd224f40d2771b5a183b34488aef2fbe94567eb4cefa68ac18ce6f8e091a,7ee2b84a8388b36e28dd0e9d263367a6d7e1cddca720f2bccbef95d6fe4242c4,Vulnerability_scanner,1
210296,DDoS_HTTP,29a95a326333baf1101d0fcf913f74ab1ada363f31cec24802b81656653ba59a,597d8c1139bc9e2a03d98b7a9392e290f5a7fb7269530a963ed528dbb2956333,Password,0
210330,DDoS_UDP,a778de7aa80d63ba8a70c2d256dbb67e1f785aa38f32e38436b00b0040415692,6c4e270e80366335461268d7eeb70ed0390a617394f525de0137a696903748a3,DDoS_UDP,1
210332,DDoS_ICMP,3735731edd5586eb3cf4a3d7e03bcf0e3f39055b7913dc05d42ffb1a3aac2546,ce91515d097c7f5668822fb37731ae1ba53e2d6512336e02b1841fcacc3aac2d,DDoS_ICMP,1
210403,DDoS_TCP,8f87aff7dd29b0ec76e4a67d6e4621155e5663c566d79e201b90862158ab016a,27579c6260b11f4ac797cbfa376944d53a490982c0fe683e186b99b375f95d58,DDoS_TCP,1
210472,Backdoor,0a84bb2e53cb141505d34249ee1513ef779c0c61457453d1c7edf85d8561d55f,799635b400ddd6d31ea9d96d23a8445df6032e2bb8ead17f5cc2a379144523e2,Backdoor,1
210504,DDoS_HTTP,e21722c859f43c9ca1ecbb51c6a75c33d78504b7836c1a4aad8f4a91a5f31a46,2cb5a3bbcd9bf61f4cb32ea52598e2c12694b8393f155281f6b3f10cef136967,DDoS_HTTP,1
210565,DDoS_UDP,16a80b3ee03bbaaf2bc56663d1e13b99ed7bb21d6ed9aba242661f0e67dac2ea,3bbe9613ffc11931d32a14e044301a130799aa4d4dfa4258a7d45b348de52143,DDoS_UDP,1
210732,Backdoor,34fa142e181ae87071ddf1f84398e9bb44ea04b61c21265e8ecc1cd465f9696b,18be2cd201aac46293823b0955326107fa422b51430516929cb540de7807d677,Backdoor,1
210777,Normal,49435e0cd5196241f7eb173ffc28217aa48f544b5e1543030e10c6bfe0d5872c,28b0e9664dc33f3ba59c0c8dbcf06dd0037231d57bdc823b4c136b75719ec831,Normal,1
210902,Ransomware,c688ebf042c55b362b19b979abda0b307e228812e429560116a80172ca4d4c07,171250ef047f5494f57fcf5cdfc9aac89a54173539ca346de05be932f3d8b79a,Ransomware,1
210927,Port_Scanning,b4d6e37d72b6a94bba90c42582cf3ab222b3921a90c23b3922136082f828e4d5,e8f0bb058137c5a25af3cd5263c6bf16011afb4cca61e79064f75247ab567137,Ransomware,0
210969,Normal,e4aeae89bd818929810330f396f4eb0b8885977d23554dca12e93784e1656b2d,17d97c0d922d7a41198a94ee49c42db3bdfec0778e6e224e0a2d32152456a1f8,Normal,1
211007,Vulnerability_scanner,62b33a88f74f72e5af91ce568cc5d8a81078969add66e73f515a14367645d982,e7b1dcebb6fe79a75fc586e227b2236cd1a251d8ebdc0fae88e0989bd3321011,Vulnerability_scanner,1
211297,Backdoor,0d918a5a066d301bf31fae60aad55487fbeb2f8d23668507f169fe4c2da073f6,799635b400ddd6d31ea9d96d23a8445df6032e2bb8ead17f5cc2a379144523e2,Backdoor,1
211354,Password,2a0276755cf804414853bff469be7b507eebb9977cd3a40c288ec02bb046a03c,63873350671ea1786d7125d78d245431d29298106af95ceaeab6cd7c2f0a4cc2,Password,1
211356,DDoS_TCP,daf0007efadf95056773d58881f2186d7b41aa7b15417d53f175da314abfa5c0,ed6c2f2630b233651d3fd8fc540b613ab4fec417f3c0e89050e4ae55af1096e7,DDoS_TCP,1
211499,DDoS_ICMP,f747cce9dd92c61d4089ba362a817883e1591f7a4a46204d007ff05bccb0e007,3a30ff43d0b15d69492fa1e75512c28a5c2d2ef77c14030909e3c74adf179905,DDoS_ICMP,1
211724,DDoS_TCP,ffc6a5df1b16b6407d68d345ffe5bc3abc587975277b8d84c460bec32c4c94c8,d4a77c660edf7eae47f0945b6eb289aab29c562003e2b4433782cb412fa33aa7,DDoS_TCP,1
211818,Backdoor,6241122c383c475a0453bc8b590c3fc79d49238e9a15e9cb20e9ae00e1feb1a2,fa6df089bd19511426edc1bae8aa476babc04f3bf650f9efe875f1dea44bd299,Backdoor,1
211878,DDoS_UDP,114731b999b891ef272fab97f37352d1e6898bf48c7c1f1e5cace7f5f55615bc,f22c50c22a601dcff01566d43897b51f8b2a5590c50fae903fef86e056bcb5d4,DDoS_UDP,1
212089,Backdoor,c5312656974f9d98db90d3290b67c109c7b4a4088da84fa5f939e0d274be1b64,1cff1a1148d0e4ab078982bc06106b1a4149d1ab42c1341078d0dd3d7b403cdd,Backdoor,1
212099,Uploading,b2065275a57789f356cdb295a438d874d9760ea68c4c92c4bdf5a369ae4432f5,bb6b79a894516638a178979a650c6e1e95b418cd0b437a525463bc8b74e1f2fb,Uploading,1
212159,DDoS_TCP,98dfb790ff32d6414fb69ffc796b9119c60859df6df26988e66dfe23c6a845e0,91576f03a28af4ffd0d3601fa5d9d4ce6115dad06855d2ffd1d41180d9f18e52,DDoS_TCP,1
212169,SQL_injection,7c60067148e1b0239c03393b5801d4695115ec52ed0443441f269ccd6238e4b7,7c6994176f1830289dd8a59d405b498e68b7adcdb56390dd04d19ffbab269191,SQL_injection,1
212170,DDoS_ICMP,a3b2d1f7674cffc337c1bbc8bcb4c139f0c5c89cf15ca0cbd9339f212913759c,a1d740dd467536bbac5282141c8aa08613a9855eb40eae8d25916eb73ebd34dd,DDoS_ICMP,1
212296,Vulnerability_scanner,f51c43e29a39bacf5be9776c9d7be736b6fb8b68fd199eefbb0bc00f727b64f4,52bf94e39417e2d623de1bbb2313303825cf53577cdce98a75ffe830713723e2,Vulnerability_scanner,1
212317,Vulnerability_scanner,9a2ed0c44b3af44c8fcae3df1792f5d67c0204e23a9ec287524e63d1401e91a7,b9d1632b5d9d83d3816e33eca6712c76563db8ac607a039afd6d7cf43dee30b4,Vulnerability_scanner,1
212624,DDoS_HTTP,e504e8c38cb3e2300b713d97ef55d6e2809caaae333f6c22d0b73d46a281b972,214967b32cfc949865373e323162fc16a1f84ea5afcd7f5f12ab3fafcab544f4,DDoS_HTTP,1
212649,Normal,03ddc3e57c65cc5c454dac2ea749de9a77481ddd65a2bfc9fa3513f369757f37,86a3e7a63cdae764bc5969b12c6f07089a0221ab683b60dc64ab3ce6efc972ac,Normal,1
212687,Ransomware,4e21612e901f9d0d1d946e81ddb5fb15ce21ef82731c726dd79d6128faabb979,238218b039283f5a45ee0d38f4ad7e90ea8db0b682a1f59d4cc6831d5db1ceda,Ransomware,1
212791,Normal,9fc90cc9a0372647fb5f61fb4bed9e13fffb8c3943e8de1e86760dfca43f9792,b5a1d9a2d091219a0087e8c6586d6ea9e9f77d9677208d4614fda1a69a4872f5,Normal,1
212951,Backdoor,f67ba70ede930247a50d8389113b5095b581c6c0b0d9c70f8fe7ea73648fec43,1cff1a1148d0e4ab078982bc06106b1a4149d1ab42c1341078d0dd3d7b403cdd,Backdoor,1
212984,DDoS_TCP,29faed25d1f9689f6adb97be224f5626107b790eb77c2d198dd0849cce171542,9f5259cfddc373c94801fd610ed9086b2b0a5cb837c0a51433e20d09ff01779a,DDoS_TCP,1
213069,XSS,6af997a3f5afa56211f26ce65efb356145879c87d200f3ac0ad67e72567a8a83,479694b3676e42d45232118481755bea6399872b0b80fa9975fd4c4a1f2ff09e,XSS,1
213112,Port_Scanning,ff812c4c16bd947ef7c97da619f042649774b8c4b1c3292293e768845b73db5b,6428b254149a7895e68dc19c9438c2cbe87c676bc85acc0effb2456c4dc501dd,Port_Scanning,1
213236,Uploading,81e572d6ee956cb0586bab32edea4ecb237c9db16310bec7bfb9b336d1dd05c7,a8c66ebb1f5f6b2d02260ab7f70690baf667c25d3ec43fb403de3a32c51b0d7e,Uploading,1
213431,DDoS_HTTP,5ecd44db76fed8acbb1ff39d5cae658049ec2690dc47448548d413a2c77a489f,394811d4e14cc419021e846addf8fcd2168e3051072dc2d32288a818d212e88a,DDoS_HTTP,1
213460,Port_Scanning,350b588a28bc38e81615baac79af7ef62bea8f2d2e4c1722a5301b9c9380f269,e8f0bb058137c5a25af3cd5263c6bf16011afb4cca61e79064f75247ab567137,Ransomware,0
213687,DDoS_UDP,81c89c811294b5a036c076a034bb120366ef81a72f221a6875af8a897ab1ebd7,4b88801ca6fa0bee2209bbf299a9406acef709e9585aaff8bf49230f53e67b2d,DDoS_UDP,1
213898,SQL_injection,ab74e962d6476cd6ad7c349c2b09c1fd66915facbdf12bfcb093fd8743850792,631e86b792165f5dc322744ba5a277bd4af1a2f054fff007ea4a4579ba2a61d8,SQL_injection,1
213923,Uploading,b6fad3eb8a893f9d8c0a48901f66f10c2a448125aec55a1d40f48e0a84d25e37,a82e9fb3b151dd68ac0ec5ddf1ccdec910616437dd31f0b468eaafa1c3baba66,XSS,0
213967,Normal,a1d7568f6be7b6259ebbc780ae7af6f1718a7e0f1e575f3dac3d9590ee4582fd,b7d0df80e61b0ee82cfe5d0465583e581f44112f513bf7aca955e1ecbf2e3c03,Normal,1
214036,Backdoor,d2aed57f93c6b1bcbd428af62a7d950b9963715f20591156878352dfea136d9f,04307f2539b50075b8af42314054493ba81d8e428dc79cb7c41e4dfc0c16cc96,Backdoor,1
214131,DDoS_HTTP,0bfb01d0a03f60690cfa8459e0b97990ce6c7067031a556eabf46875655cc956,1385b0f6da0522777beac6a30ed91fc19abfb2ad1729351a71989d27e7d3c0e3,DDoS_HTTP,1
214324,DDoS_TCP,9b6913bb1a47cc3c82c1cc142d3ae56d16ac4d70f2e0737b47c599899cb7ef40,794a6f74accbf3d77149d35fb1940ad23cc96bd3db37d782ccbe41d2a1e9a95b,DDoS_TCP,1
214899,Uploading,124f5261ab78cbd1b14baafac572f8644665f17b768ed6deba6a264016900505,ad9c5a2e7d8ce85615b987b8182afb193b8eb9c5c9d69e66566a99d7c2ed728b,Uploading,1
215094,DDoS_ICMP,14d70572de5717c50a7c76a8047c9be6cf2624bc6f39e2c3666f388dbf6ee8a9,f6be7e9890bf139f41e66a24a4c793df86086476e07774dd3f500d15081c3e9f,DDoS_ICMP,1
215191,Normal,315f540d1f32b6fba4e8a947c8119100a56cbc468fcbf01cabd9f27d4542963c,6d42a859501699190cc176894fbdccb436088390a94354025692bb44d93280bd,Normal,1
215192,SQL_injection,ee56da43429662b6818449a035dee638ebbe614504777c92fca37e4608c55f8f,39cca273c385c5461be21a55245f75d99e36e3b2490d4a3c2942f9989597e41d,SQL_injection,1
215233,DDoS_UDP,180884d18539eeef8d460e80f6e76c9dbe0cf6715d5a4ec6099798632979211e,2feee3d165f9ba73801d33f267815afa3aad14bca51bbcc8c79576330f1c4b99,DDoS_UDP,1
215339,Ransomware,7a478aac8aacba0319529f55b7d007a50d84b5a9d6a92dc504fe4938c1993c19,e8f0bb058137c5a25af3cd5263c6bf16011afb4cca61e79064f75247ab567137,Ransomware,1
215401,Backdoor,46819ee719135c53e3128b6b665301785835acd49635b0667701ac5c0cc72975,03820a965bfb97d2589e0a5d266e96691968fed3815ea89219043716f78a494d,Backdoor,1
215440,DDoS_ICMP,68bb282e6e4a8184e4c1b85cc6bc9465913f04846f8d1e7e4207265e6b6e0995,9bfaa663079240d49497e93202c091a408ea9a6193610b7b97d0ead8b78f59cf,DDoS_ICMP,1
215776,Uploading,25ab0f969fd055568c1889a8a657eff2cfdda5fafb70266225a684a88c315bd7,8b6f0fed77bac3410e1f8b3b41e6b97ecedd031b6fd213a1ef3229659eb1d3c9,XSS,0
215800,SQL_injection,c66f84dccf2df6c52fbd6dd685baa42482d8012ed4addb444de095a869708ea4,8687a45c8b2829641540b291d02aa2ea71d4163ea276ec5c951f72d035ac1656,SQL_injection,1
215818,Backdoor,7e18ad329cf2bc8cc1aedf632bf8e34b64345d255011d33655828b859a6cb5fb,1cff1a1148d0e4ab078982bc06106b1a4149d1ab42c1341078d0dd3d7b403cdd,Backdoor,1
215953,Vulnerability_scanner,f784371440b2124ac2f50fb7c35aabcb5473f3da13a1094ffe9c204b72ec14c2,388cb24a4479d5d6801fbed3d9836b17c9a0c3b34a5a532fbbafb523d3bf6443,Vulnerability_scanner,1
215989,Vulnerability_scanner,d87f202ef4c62d342f327813e042b26d97ac6112cec4f2e1b5f0b0fcea76da5b,9c2293f6c00737e705a8ddbbc2ba83c0727f226e772dd6887eb816b2bd7c3915,Vulnerability_scanner,1
216023,Uploading,e51e7658a56b9a42352e48086dd774533fdda018eb913a605b3de7ef0d89f8ea,1d319e4f4b5ffa74c9cd01514d3327d8256dc92a8caedf09bc25970eacdd3746,XSS,0
216168,Password,b33c2fdbc7409e21e65ae8ec5e10171b156dea83732d77fccee1c3f8150e06ea,1bccc2b3ae7b6a9218163e64252d45ff7f9613af879b24740aefb9150cb8277e,Password,1
216257,DDoS_ICMP,05a94eb74705d60842709e75cc26dca6221a85b589337573ea3e97f1178f153e,2dcdfad2761bc8d55a77c52190dcb53d4640805a12dbb8bf36d81497866bb80b,DDoS_ICMP,1
216544,DDoS_ICMP,6ecbb5833cc0ad241aad84ea4342382c44dfc7e53f1ccb17d990bd6060e23c89,b68a3040b4702b4bdb76e55e30d0683e753f6a0d4aa96db6831f9d65720d9a19,DDoS_ICMP,1
216698,DDoS_TCP,0d745a0a36b3255e0e379c9b19104894912a97cdeb4dc359751e274e5a4721ce,2b76a8fabd5493318a006bc8a8ebd204469e1e49d28a61d4445068c0ba2d327a,DDoS_TCP,1
216834,Uploading,6149fab572f9066680e4d378593343b875a1cf32b29e3eb2a329c6afcbbc1bc3,0e6a3310a3642ecc2a61773780fa48ad63238b0afb7bc3e3a640dc286593a17e,Uploading,1
216896,Vulnerability_scanner,fdecaead800c65c92164aba33c9d5ae370ac9ef5cde820c02373196e4973d0c2,f6f6e5fa565a958f9163eb86213270d1c96693e2446acc4ba6b3474bad3b04fd,Vulnerability_scanner,1
216903,XSS,23c90ec333da5cc43ed6774691e3cb90fbec20b1c9ee40554f6f5b3d3315e877,d08700cf5f46c4d5a7b318363127b192983b17dfbb97bb133bc19ee7d3c9285d,XSS,1
217020,Password,13ab9df6866a9d961550fd2bfc0aa1ea1a08d9987b6a32577464d0b354cf65c9,8a9b6f86099bd0623c5636b297328cb3e58720a321b71043d3fe070ea2c81211,DDoS_HTTP,0
217059,SQL_injection,2f75b98ab1300867220828ad49336d10ddcd43a5e95524a7636cfe5b8523420d,3bd89f6e15874ac768359357236df96313b34df094878892458d647001ed0f9f,SQL_injection,1
217099,XSS,b64465b501b77e1c664e6bb21dc3ed28bf58e58f52a1696b060f343c69b35465,2e405c4e634fb6143d00c4d1f55129f6fd647c36620350271dbae8798d17dde8,XSS,1
217110,DDoS_UDP,2b548efd6efbe2b96f46c3c395de27ac3d6a5bf4e359737413033206fb7412cd,7b5bbedcd9902c1c95912b9dfccd6ff2cd7d99ea30f7d9d0821f6ef40f7df741,DDoS_ICMP,0
217146,DDoS_ICMP,01327b866c83b9c196dd84572d1adaf84539acdb5876c39175e4d2122a17bd90,1a095a677ad4f48ee0898fdf22c5ab637e32ecac17dfaf50f73bdce75c94faa5,DDoS_ICMP,1
217298,DDoS_TCP,e4fb4835b5258581c7550069e8315a1d761da7e583ed0e5adaf432e6503a4b8b,f5deb5868080a849546fe2b2cc677824f5039cf16051b966f1746f59ac2b475e,DDoS_TCP,1
217433,Port_Scanning,314fc9e229094d0471b439ed65541bb6de6809dbc3a8e08126eeb54438b81815,65057f70ebed5b6b413f192179b58fa8c2da66fce045b51806479e437be0eb4e,Port_Scanning,1
217578,MITM,bae42f1c3f3e5950c0743d0d59f28114d7ed491ee31a25135a6d1499d6732e14,30a4cdbdeb117e033080216cfb416bfe482ec31c27d733981afeee213a506e0c,MITM,1
217708,Password,883b0ca37a35345634117cac3321ec74784ffc46ddd8947f7bbcb5f878b8169f,7d534d9e179c319a167183d0825dbe66b08bcab1c92f3f35a616dffefa4c1b57,DDoS_HTTP,0
217860,Uploading,c2faa9d44c5cbedca72b10946091a8f4eded41ebdd0dd9814ec789ce76d1ea0a,e0a5665fc453b56358f9acc7835a439203f25a6ad5424d83f4220f705228d2cd,Uploading,1
217892,Port_Scanning,1a87c23726d00a1352791dfcb74eec8fa1c27428416f2837334bf08fa0e81f9e,c614895aa6ffb5c29e77190ad55a9ad357adeb8d10fa0eb148e1b8d77f154ca5,Port_Scanning,1
217893,XSS,f91b002be84d6354b49235c172360c962ce452e6112f5140d5258aa1031085b1,1a6e747a9cf38045b6a751c540351e660a7735c4f9007ef706f4b2400220a0ff,XSS,1
218005,Backdoor,f956632b1ebb62c5b82d3b52df017823067bae6b3c63593ad63dd23bb43831a7,799635b400ddd6d31ea9d96d23a8445df6032e2bb8ead17f5cc2a379144523e2,Backdoor,1
218022,Fingerprinting,e039cefec9ec1e228f28bba2b04676a48ecfb79cd1772f9a2e0262eab7502d70,0c9b8ee6d7462f93ca1089c93bac8ac8e610de7b1e2e6ea1cc85817e83a18a12,Fingerprinting,1
218057,Ransomware,349474aa6c637feeeb0021338d57e5c59f5a381852c05560bf16394cc771e770,101455d87bd7f9601a31d6f0e43cb5e13c8378f0db5f0d671b0e95d7e937291b,Port_Scanning,0
218072,SQL_injection,d0f02aad67e3d9f35027903bcceffe837ae6ee01fb50ddfab109c3b94cf07b43,7b418d2883f1e675966cd46061b5a21693bd557e875561d54b983ca07b912c6b,SQL_injection,1
218079,Vulnerability_scanner,77c2cd87556b675ceaa81a04090921666a5810faeb0f428a13764a97c5b714bb,8c77a2ab750fa7a973969f96a4f72a472c34d2eacab035f63efd773df7f004cd,Vulnerability_scanner,1
218268,DDoS_TCP,1e44c532774f37a42a25453a74e5c4694811253a1031ac185357105acf0a20ac,065c2246adbc917e9ed3bcb2e681e79808ad38494850b44010f89f11abfe59f9,DDoS_TCP,1
218303,DDoS_TCP,e11eeefaa8482a270d3e4000a9b4ddcedade729eff42826b5acfc919368883c3,16142d46b567e8081169f99bcdb2748c9c58d957f0269dff578f7337bc7bb130,DDoS_TCP,1
218312,Fingerprinting,c94b29c23ca105c639b18865a22045870d85f6c8e88a1a3efb619474ba3b4d63,dcf4c96aab6f0a302033104ef42834a94bf7cee3afa08bc50cb7ba3b92047397,Ransomware,0
218633,Normal,8fbd3ee42629a9793106c918bcef564e55f3c747980a3ee387a990cf0c522714,384960d0e81135535495d2e5ff2c2598177aae11c59ca6fb4f82922966ce94ad,Normal,1
218650,Password,5d6b35450db82d493d121fa51b10dd1d4f94777c47393b10e144f4e63bcf5d70,474ffa47641ffd5d22a7a8f35af7a8e65eb655af02f3ca81666ff854909d6219,Password,1
218843,DDoS_UDP,7652bc282fbf567ca7af4a8e27d1121b27987f98e0582887507bdc128453054f,a58057c456cc9212fe8e9d0a1cf211b8c97436665c8038fd7372dc434f0e9157,DDoS_UDP,1
218866,Normal,6e51c8329c187bf8023842e9d1b810d5dd6f6e235f6f0a505142a159a0e85b90,2a6b7a150af4e539d83871f39e1bbb23c5d86c275494d82985470c894f26b943,Normal,1
218899,DDoS_UDP,d2932e604c138ee417b8639213f613c13b8c66819b105a2e61a63c04f99e959d,b66f484c2ae6344bcda1b7204f88ac4b1d063821f84c664d3cfe14b6a26a9572,DDoS_UDP,1
218978,Port_Scanning,20ea46bec728cfaff6a181ec4e072deb3fb77f9205bd38c51994e90f047e6193,3ff1a86c68f3a39a0cb94fdab71c0838d61e13602bca71eff1d838f8c9247daf,Port_Scanning,1
219019,Backdoor,9e618adf39d04fc49b1f2ca5a8aa47512df35a3ba06b8889008753c5aaf7fa4f,799635b400ddd6d31ea9d96d23a8445df6032e2bb8ead17f5cc2a379144523e2,Backdoor,1
219091,Password,193a685238021b728f6044b81fa5fe92b5219f8f3eb1ea4ba26e3519b05b12be,a449f35a8d02dc602745c79bd4194a27531ecd1fb2ebb2a08fafbebc4c408909,Password,1
219179,Password,ac65a42fe8a7f3d052d88e585ada242ff70a94fb4492c3758d15da53dd35af2f,ab80f96b9084f6a77850cdce4d376e114f3d8e3879aac655443f9cdbb9c235bc,DDoS_HTTP,0
219349,DDoS_TCP,d337f3d346f0c3f06afe5f3b73a67ccefea5d178ae66ec87692f73ff5854b428,5c5d51b3c7020e2f953770191e75d8b3b51a921e549ea3ceded47f2f0f6be66c,DDoS_TCP,1
219423,Port_Scanning,d32ee55bc5c738ed2d123d759dc8344b48dbc0b083ffe79cca25c00eb2eb27a9,b4d2cea4f712d5f78aafd84fd5d2ff6152bc7caa8763ef139b91299103a9e46a,Port_Scanning,1
219592,Password,7e69291cf2222573dbbdf11d705ae4a9f8456686f6a843d237bfd1278b2bbe37,24deafc18c1515d7c42b7330cfcabf8157f61be9a4a137a52c3ce2c27c621f39,Password,1
219691,Password,f86d65b05675792bde265e1b251bde49f17f4342102f94d4c9f11ffb406dbd97,d0a10e2b05f41d83b498446c6ae5ade11aaae7f349fabc882e5ffdb099605a83,Password,1
219831,DDoS_ICMP,03d06245ce30b1979897f9dce241740d759c91a129ce1739a09227dc1f8525d3,da98a6f84f8ff8c09da6fd5a39d119441043d65aea655af23f21030cb7851a64,DDoS_ICMP,1
219857,XSS,471bac309b1f99fbfb22df54bd1dddff1b2642b44ed278a3672554110f21f608,a5a6b02bc3dbc443a8bb541c59e59e6bd152bcf4818bb13e756bed754e8e71f4,XSS,1
220084,MITM,bae42f1c3f3e5950c0743d0d59f28114d7ed491ee31a25135a6d1499d6732e14,30a4cdbdeb117e033080216cfb416bfe482ec31c27d733981afeee213a506e0c,MITM,1
220091,MITM,d22cdda13141a716124a7a6d66fee5b39009cecb533a43ee1b7da2fbeda32293,d1ca59a4b2348861eb2e088f5e445ef8c2c3a9548766140cec48b5647c15361a,MITM,1
220276,Fingerprinting,f01b0118c088759af5f72c1650248effa5e7f4ca18f35d90b3b313adf2aae640,0c9b8ee6d7462f93ca1089c93bac8ac8e610de7b1e2e6ea1cc85817e83a18a12,Fingerprinting,1
220277,Ransomware,44b7f443bc5cb011cad8b64b18dc4891ee7a9f2c10bf809f0cd9bec1d27a15c9,8b8769b55133d61bc6ab7eb3ee94ef210ee970dc3d028235e3e664094e54a086,Ransomware,1
220427,DDoS_HTTP,7863473bb06031de74db07dd1c9c123d51e28c4ed3e47c462912826cada95b64,df089a56a7dce51e347f4d111483a06f76eb65dabf34a94080bf35d526c23f7d,DDoS_HTTP,1
220481,Backdoor,cfd28b0b8562bac7646eb33dbc696dda76e875c3d68cef29047d321287518804,799635b400ddd6d31ea9d96d23a8445df6032e2bb8ead17f5cc2a379144523e2,Backdoor,1
220487,DDoS_TCP,b67665f49591ba0a969199ce07b8415932355a843fad9bd1a6bd78815037ccec,6988fcd4e2cc068ba664b6a7e950ec4001b8858ef19dc43ad1053d2e89d8eab2,DDoS_TCP,1
220637,DDoS_UDP,852d3d5f80adf5315baa5493ebb92bc41c8db731681706b80f11e42e7ca50087,0072c1a14c0d7559f78dacbb29edc7e39cb08b2ab7319c247750879c25f8174e,DDoS_UDP,1
220660,DDoS_TCP,28f51f75334aab2d10a1370ecae5b44675656603aeff49da1425400244d9e052,405b662a682c33251e6d093abd885d745bbb3bbc718bed907d508f295bca05f8,DDoS_TCP,1
220725,DDoS_TCP,12b0d7a27b976cc8c6b2b4da0cce68a5dbfb4290e759177d05f05220c2f20b8e,10c353780d853bc44dcd66d98ff19e4db137240a7ad39cabae01914becbeef44,DDoS_TCP,1
220825,Fingerprinting,bf4d145a0a0d4eb67f58198c5e1c794217e1204bb91205aed5e5011e386f3264,0c9b8ee6d7462f93ca1089c93bac8ac8e610de7b1e2e6ea1cc85817e83a18a12,Fingerprinting,1
220900,Fingerprinting,2ce9ea971adbd4d9ca8e467521b689c34b7da90cf29e16ae85cd6a5407c5e97b,0c9b8ee6d7462f93ca1089c93bac8ac8e610de7b1e2e6ea1cc85817e83a18a12,Fingerprinting,1
221002,MITM,bae42f1c3f3e5950c0743d0d59f28114d7ed491ee31a25135a6d1499d6732e14,30a4cdbdeb117e033080216cfb416bfe482ec31c27d733981afeee213a506e0c,MITM,1
221129,DDoS_TCP,095b6ae947fea2f877af4a1276e3b270676d3d868ce0e88f14c05e33d2c8d014,743d0b5d0db752ce178e2cd2cd0180244129ebd1a29ea47941a32cd9a6ba14f9,DDoS_TCP,1
221212,Port_Scanning,d64469a6a689c7e82e43c575bcff814cb08047a78c56ca749cb2cfeb0bc3a352,8af176a178345d2b0e71eabfa1bbddf85c12c1d7ef85cb1fb3785e25b340a34a,Port_Scanning,1
221437,Fingerprinting,bac32c606e54b415982e4cabcf8ae75254cca378662eede794c09d4c78c3da67,0c9b8ee6d7462f93ca1089c93bac8ac8e610de7b1e2e6ea1cc85817e83a18a12,Fingerprinting,1
221490,DDoS_ICMP,b185df10530204bd27659838f584b0b70180d97c206af2e80c7cf9290ba94cf5,2b8af34f85e0e8e3c834045c00ad3a450550b5de3ee7e0544b951ff0eae5025b,DDoS_ICMP,1
221546,XSS,4aa6f2b9494e90d276579a12bc0506e08f839b29d5d53c81725bbdbcead8828c,0ba322ea444a68195a0c8224959bc0a32d47f3f3d8af018ce5e8d29fd871f2c1,XSS,1
221596,DDoS_UDP,3b1d28ddf4c4166d5500121ba4993f716c3c1b518acf7392bae1de325c2c9aa5,16635b6ca099b34a690814b14ee1bd63780d9bc779aaf0285323cf3b63affa74,DDoS_UDP,1
221930,Fingerprinting,df443e7eec195e1e01f179771ed1794046f59b08ed356e2168d7d721d77faf69,e361ae3bbbd3c4ff174de1d64c1dbfde83e84408d4ac8f377e1306311c7a25ed,Fingerprinting,1
221935,Ransomware,58be479edc1ae4b5d58034519d6842fb60fd081fd790c7896768919dd5992c5e,15d67b93aeb11dbc8f6289f3d603abf0f5e49547624ebc1efc11203638afe585,Ransomware,1
221958,Ransomware,02e13bc0dccd969265f4be518187834d1585195d39b8495a73d6cbde7c70f495,15d67b93aeb11dbc8f6289f3d603abf0f5e49547624ebc1efc11203638afe585,Ransomware,1
222069,Ransomware,5ac3123b8ee335a387ef9d30f450fe7a42e8f8318556978a185dd208c5bb07a7,238218b039283f5a45ee0d38f4ad7e90ea8db0b682a1f59d4cc6831d5db1ceda,Ransomware,1
222235,Fingerprinting,53df4ea0b28f02d0985195b0c867e5bc3f349d0f3c9f2faef528cdc13b619543,e361ae3bbbd3c4ff174de1d64c1dbfde83e84408d4ac8f377e1306311c7a25ed,Fingerprinting,1
222269,DDoS_ICMP,0282c22e3219e34feecaca2d4ad664963bad30d2e31e720461a867f81ce9b2f6,d35733b2f72b9340c7e79d643350d9b64f912e3568edc468a20326ebf187b997,DDoS_ICMP,1
222387,XSS,fc647d345bbf50570491060985b58c8dfe1f926918d24ace9a72e5410f429045,7f912b58f129e66f2a38c338ac7e05b65bdcbd70bdca5b7e716f64bd295baede,XSS,1
222443,Fingerprinting,75e66c758868ea2bf0fa57203b60f2e952f43a9b21d486ef231554a49f6ad19e,e8f0bb058137c5a25af3cd5263c6bf16011afb4cca61e79064f75247ab567137,Ransomware,0
222449,Backdoor,bbc7fdbaf11fdb54dcf4ab450f27f68ef02963afc0c700437bfd0f7fc0bb34b5,1cff1a1148d0e4ab078982bc06106b1a4149d1ab42c1341078d0dd3d7b403cdd,Backdoor,1
222617,DDoS_TCP,2714386e04b6afadb4bf140f703ac583b8fdceec08251ffe7306bb8a2fac8d2d,0d6d8d4da401ae9173e8a07dcfac9ec8c198d2c93a5efbb7fd2143ec95acbbf4,DDoS_TCP,1
222692,Vulnerability_scanner,0f14b237567797c32aaedbc9e7adf8a0a04bf61bc9fd07f25f1aa52a00e721d7,af2cf8fbf41eab1ffcb0cd504b2550477f4a8e525b88aa8c6f4463e2a9c05d3b,Vulnerability_scanner,1
222752,Vulnerability_scanner,ecd521a5f0fef7d120584edc54e237dccf228481c7df3f5082235f26c5b1982d,a37476681a407f8447323413e517c82336560c8d2fdb192adcc10cc61d889b5f,Vulnerability_scanner,1
222800,Normal,cd2fd170f220f70b713d90a6f14e8be2cbd9a83b40dc4465f094c301b973ea1e,1395e713828a79ea2303bb4965606263accca632f6459c53ddcebd0434339928,Normal,1
222828,DDoS_TCP,90998bea3425f7ee6d24b0b6ef974eaa8e1182518436e343f6319a491c924cbb,7bd435f43b20b5ef113ef2fc04c4795b7d9a4d12928d51745659334d51607095,DDoS_TCP,1
223066,Uploading,ad6f595debe09e5849045a2ed76083510e91509dc89eb45f36bf845dd072ddf3,184d1f887b10220a8f361e08ce950a6541588ddf5b0f46b6d1cd1c2abd690687,Uploading,1
223118,DDoS_ICMP,3bb401ec6634b18dfa871e8fbfc609e72022eb0ac441065e0b9b71f83dce257f,2da5b3e04d5214a28bb1c6e58a104e5ead8833d92aca066ca19c7c8a59a8ec8c,DDoS_ICMP,1
223243,Vulnerability_scanner,73af3bd915e8f8e123a175ba0b80f50527a1480389df1a782f551ebbe9c5b15b,b1f24e4d85a5c34830ce912be281c74c4b5c538175a2d29e79c7c4dc026e663a,Vulnerability_scanner,1
223272,DDoS_HTTP,ba959ac697bccdcb814668fdccf6853bdba323e3509c2ee111658145b2eb8f93,e31fbd15f3c611107a012f34dcc3f4bb37cf781fc120a9997460c8e7a93dedfc,DDoS_HTTP,1
223274,Password,19f4e4a059c395af9d22d2b65fb3bf8b1df939783820ea00147a37d739877f82,f23568601ce7cc3efbfb3102c5fea5ce203915f1f1d465f3e8d75b445b0bfdbc,XSS,0
223368,DDoS_ICMP,d675ffc792db31e51e687a236fda20d3560d5cb1883609b2a59bf0f2b5de96ca,3d184d1773ef66dd0740460a606a24f565ce8da2b5062ce91e202c62c963af68,DDoS_ICMP,1
223485,DDoS_HTTP,94466d6658c20bc13d77f26ad0422f46c7ea23a9c7ce0e07e7e92e5d029973da,35a76e328e4738e85d8645dc9018b57d8ff72811883ff7a797738732c543058e,DDoS_HTTP,1
223492,SQL_injection,028402d7657e6417b0fb8189555b66291bd3a25a9bea53284a818f7aaa46a1bc,f77d53be3661bcc3836cb0549304ba5a30b11bd763024fd76d79e2b7c95ac135,SQL_injection,1
223510,DDoS_UDP,8c332e5dc0902297c2d00c0661307b42071cde36ca3b2a32a90b8342cd0f2ff0,7c0e40bed6758a2613fe9c5f84f48483c797a8246cd4e5f3d71ca1b8cfa4b8ea,DDoS_UDP,1
223614,SQL_injection,9da2291014b093dcfbb95c2f7009f225ba0828808c4e313754996d83c604fa35,5e90aa7004beb3f414faa5a6ba6de44a7d80bc3a7f3ee0070d9a4a0a3ecca6b5,SQL_injection,1
223620,Ransomware,a040221638f523b9190b033519ac7ddf1d2bcf53aaa3bb9ccf2a20a68e735442,e8f0bb058137c5a25af3cd5263c6bf16011afb4cca61e79064f75247ab567137,Ransomware,1
223674,Backdoor,698d655263681be54ef3f5ba399bfd91ca721aa891e6e0a83756ef631ec9ce5b,799635b400ddd6d31ea9d96d23a8445df6032e2bb8ead17f5cc2a379144523e2,Backdoor,1
223696,XSS,043c8b769e233320b1010f6f2419b08faa3aa43731bc68c6e49b8d57fd81e949,2b64751b08e74dcfd6270dd97211f033b4868fafa1fef56908c02061da910020,XSS,1
223887,DDoS_UDP,7f55525c85716a9c28166ea3a073bab76b472cdff7eb721465b200c91bc62c6c,307a76e158ceba45eae56ff2c9a8c1548d607442f157af768452651fce09b3b7,DDoS_UDP,1
223936,DDoS_HTTP,bd6d7f38cc64f35bf44034f6aa1c2af806a488494425f549d458c4dc1f7e5de8,fb58bae3a5fdd673344d3f56c6a0f7735fab85b6b21977f81f103af8e55d547c,DDoS_HTTP,1
223996,Ransomware,9d3ed6f5b3dedfd74feb453feed3f08b6cacc89a36d9e0c84093dfbe5a3a2926,15d67b93aeb11dbc8f6289f3d603abf0f5e49547624ebc1efc11203638afe585,Ransomware,1
224027,DDoS_HTTP,fd6d5085f86c57b0daefb7c42facd30099775dd29d86cb1dc23dc198c7897843,224adfd98032925716fe41ed61cb638472eb6fff3b014346f072ce8b59736ca5,DDoS_HTTP,1
224079,Ransomware,0034aab5fb6c6f8663f14075545d9775e5aebdc674e0d97726ab837702f8f934,991f55a845f1381c0f001d7746f7d6d0bd6f7c959d3e26bef9b48da91d442788,Ransomware,1
224080,Uploading,8d21c887ff5b48bd07cc5ad00a1b64cdf2fbb5ae7b8f3c297ef9e9f222dc73fb,54c868306b6c6d8f196002a5ebc76d1c23ab91b1ff8a33ef4b165b13d1013388,Uploading,1
224109,Ransomware,59587eb0318f261b042ce8aa2f850dc384dda102e4a5273d5987e188d46d3206,15d67b93aeb11dbc8f6289f3d603abf0f5e49547624ebc1efc11203638afe585,Ransomware,1
224249,Vulnerability_scanner,2f18305698c75cfc0f24ba2a134a1a78e35854641ca3beacf5f48343187d94a0,85c4a0cb0e9165f0531b7624df9a374a9760240030501c37c1069c43c277306b,Vulnerability_scanner,1
224284,Vulnerability_scanner,8b264bc3b1389cfe77997dfd748e346049e697d50684b8c822c859650050590d,6128afd51c595913b4297fdeaafea2076aa9388fe757a4b94ef6599844c0ddec,Vulnerability_scanner,1
224396,Vulnerability_scanner,3405779fa0f0b9920dde1482b228934066330871d88c69a42b0d28dc890614f2,9d211fc0b73b0545524454a1772336cb70896e36b730b06b86a5e1e4e1895f9b,Vulnerability_scanner,1
224459,Password,eab0e4dcfcd6e201dd3a310ad685fdc9ba054866cb18359406165fc4422cfb69,f5e1935bba64645715f1107112d26449602d75572413ed58a42b1a05eb577185,DDoS_HTTP,0
224600,Backdoor,359af26ba46c22aee710d5ecb7437e2269c7ead90ba7b41cb4e04c98e2cb6de0,65b1ef387efe3a71033bf2bd6cb02fbcf6a232b26775763b57ab8b5723dc86c6,Backdoor,1
224680,DDoS_TCP,67b5d084df1dbfd01b2745b7d74b9009918c9973ab9de9a760b134d41e9d3bf2,0da2c8a1065edea49acc66c45559a303253629945b7f1bcdc185e569ae94cbb8,DDoS_TCP,1
224774,Fingerprinting,df43f70b2c4e15df65f6425f15da1bc1ef8777fb03a7ddbce0ae0067bb061c6d,101455d87bd7f9601a31d6f0e43cb5e13c8378f0db5f0d671b0e95d7e937291b,Port_Scanning,0
224804,Port_Scanning,0d77965786359f84dabf32ff4dbc340320916440e2b78d31b4eb70d4969c1e4f,ab0653a4d1bbc8779add1f0fa06046687765ba45586b6c673d04b62a6aa61532,Port_Scanning,1
224894,Ransomware,2b33fa8914994b9e7c20284e2fdcb433f48a160b7b7a51d259f7d3cc4f4b96fb,8b8769b55133d61bc6ab7eb3ee94ef210ee970dc3d028235e3e664094e54a086,Ransomware,1
225337,DDoS_ICMP,8b991d30da389d6bc9af0d01d231e49e2845046d8442dbb1a8a5f7add75388da,995615584fd07b2abcc34e6f9710871a648bc6f1ad1151188f440f1e2e8b947e,DDoS_ICMP,1
225360,Fingerprinting,6291d32df95f048fbbc9a77878c6012a9631134585ffd1684e62c71a3d3deed2,db5a4a14bb1a41e3c6589f81be0ce01b9581d7aa558baadb59a86949230486c8,Port_Scanning,0
225514,DDoS_ICMP,5a80fde62bc67a13276478873178340fe54c3b140aa6ec97b4e9cabd3ca4ab87,804a5861577309801c36e5dc29f8bf351df2f4d1a518fa3aeb26c3b0b8b6a8ef,DDoS_ICMP,1
225585,SQL_injection,d584e491414b31cedc9fba6ef4c8f7367367474f3c80289249eb0ea760f7aa85,fb1bf74caf450bbc952dec1e28f56aeb49a8c329b0730baeb03acfd5026b3f2e,SQL_injection,1
225630,Normal,061981ec6b88b73d8d38832d01d1bdf11b677d3aed545ec6c724ba4985113f6b,052a4dfaa00423afc487d2e9ad390bf0b009841e8ade28aa2f6532085854d07b,Normal,1
225705,Normal,8e8692d91ab4a02e426524f7a11f10d25f8a9c17832854f422b5bfb21df7773f,26adfe6f2ea3cc66f25e60608dffa3be3fb24071a3d79c0d707ac4076bab749d,Normal,1
225722,Password,dd704a4ae1a8d86c6e8af4d81213fc89b78f7f28138f92867fbb0359d726c481,133b3880583a54fa134db690932bc425df34fcd141c53340dfdb92073534ca7a,Password,1
225926,XSS,bb8421351ff32bc020fabfc4559651922112de69c5636b3d348d68039f074c03,db3ef88e950ec5d103ba95ecef0398ca6d73f620cb4472591ca7f534dc67c49d,XSS,1
225956,MITM,bae42f1c3f3e5950c0743d0d59f28114d7ed491ee31a25135a6d1499d6732e14,30a4cdbdeb117e033080216cfb416bfe482ec31c27d733981afeee213a506e0c,MITM,1
225981,DDoS_HTTP,800a66e2c408c4088898f148a5fdfd244d32fcfe17dde4098903a10c8538c576,914c71ea422bbad43056a2ec0e292f29de62163bdf94f6fbdca911ebe8a63b44,DDoS_HTTP,1
226238,Uploading,838003f35bc9a4a5972c42d27f95bb8837794848350d16b8112c6bc865b7bb11,fe73cdb3516c757d87dba6073e2d0df2f0c752f7a7d007da157bdb6f5c7f8159,Uploading,1
226249,Vulnerability_scanner,b5a99801030b27800be01fc7394040f5ce0fbcc0edc88289f8fbc00661cb20a8,2354488a53312d210ecb8d0f4807daee165a14eca85b2d932082622b7b6baafd,Vulnerability_scanner,1
226305,DDoS_TCP,240679bc4b3f7ba8584f9e237e3623d14cd8ee3a15b33c0c8d5f7b6faae9c542,3fa83df47636cf88b27879849261dfb7f3ba7ce3ae3a423cfd74a5319e33b74e,DDoS_TCP,1
226340,MITM,d22cdda13141a716124a7a6d66fee5b39009cecb533a43ee1b7da2fbeda32293,d1ca59a4b2348861eb2e088f5e445ef8c2c3a9548766140cec48b5647c15361a,MITM,1
226342,Uploading,69f0894f8f0b0634b37280b444dcbd52174455981c2ca72b4f02e6ab6ce3a058,337b8bee386029d55d5c445113c9fc4c719c1c9716ef65fd09b9b8948990f3f1,XSS,0
226565,Fingerprinting,97ca1db071d20efd499cd64d2e561aa57c5f0ccf387b7ee2f04ab0097fa748e0,41a55fa100162a89bdeee42eec0581097c3255a762642408ba38060046da8140,Fingerprinting,1
226832,XSS,03d3b01d699fcd80a656f09673104548e6b48fce42c301c29e6a1385d4ac0eae,7243963ca73470392677fd1fa9b7f372a1e09fe2c31eb532ae48345a5fb51de8,XSS,1
227459,Password,7be5e87c0246902fad4bc41990f518aea5a88fa89d62170ef93de4f2e86979dd,be3ae1a62a9d09aad593165d92f187b4b342b9cb1f0e82f8061e020be78e563b,DDoS_HTTP,0
227556,DDoS_HTTP,95dc88675c8d2ca64289be64438369a0454b620ce51f8c3508a70e78cbfdbb83,530a80f03a5f34d6c3635554127676886e8fb82682c971896bb62e52c909c2ef,XSS,0
227560,Vulnerability_scanner,8c0579c77828b0690f0839c1bc03a83c029c7f23df6c5db1fd8414e07c1378fa,62d634f24d50e25fae25f58327ec9e276c0915ee675042db12e480bc8e3d3599,Vulnerability_scanner,1
227562,Port_Scanning,72a7b0f1290668b85770ed8d4fb7af70b3f39e3070cdb810456ded58c3721356,8582e1e7cc385934031a000f016ef99aa4012ff379cf4c43c283e2cea27f8946,Port_Scanning,1
227635,MITM,bae42f1c3f3e5950c0743d0d59f28114d7ed491ee31a25135a6d1499d6732e14,30a4cdbdeb117e033080216cfb416bfe482ec31c27d733981afeee213a506e0c,MITM,1
227733,Uploading,7acfa2b362ed65f2a3bd8d3ad9bdd61773f9aae7616ea4a782b5f1ab5aed8762,c8eae3fa0a5949d81fef67a9747c1e3d81970ed986c32d67e9a1ae897d4067de,Uploading,1
227912,Password,4b1ef791a9d37a040bfa6dfd8236eee26a9833a632bd36b1974524306836dc86,409cd27e23d0b276743779ed03818e666611c104e1633f0387a27b97c050ac5c,Uploading,0
228035,Password,a40908b40c330d552e37d9cbc569396ea03367c18ebbf7e22f6436b4b633395a,3034d8ae4101c0cc4dd58d2499db76da0fb1e58d5a6ed1ab6982dc3f060ed3bf,Password,1
228122,Backdoor,2806e65e08a5b296f4c9d33eae5707c1e5d07ce47dcb02a28d2ed54f82660b20,799635b400ddd6d31ea9d96d23a8445df6032e2bb8ead17f5cc2a379144523e2,Backdoor,1
228233,Fingerprinting,96b93cbe2d6bd52003f7eb41e74958ad3629f00a7bfeb0e42d5ff2fd34d50813,0c9b8ee6d7462f93ca1089c93bac8ac8e610de7b1e2e6ea1cc85817e83a18a12,Fingerprinting,1
228257,DDoS_TCP,158b7431a8c7a9adfd501f2700c8d674eccb0f791bc7aad4a13bf80931a5d94c,ae83afdd2b8dcd7f0d30a100cde45b2e998a77b2cefd9610b849a02557197662,DDoS_TCP,1
228316,Normal,36832fcf5b4694f4002f8f020a29bac0474f4b40cbff20f16f02428001f887ac,da674c6f3d661f02bd776aa8a472c6a60633d2b7db3939bef2006c53ad195dca,Normal,1
228604,Port_Scanning,404a1c92b639c6be2ca0fc03b728e85727802853beaeded9d37317cd84b300f2,1db02bb7bcb4f689fc654995274bba9e471b84197f9991b3b17549938bf57276,Port_Scanning,1
228819,SQL_injection,63b4a37b6aadbd024302c21a157516b167052b54f94da98804bdc07417922232,136f64281c645e1d0835c97df91bec057a0e97231ad2868545d539fe9813fafd,SQL_injection,1
228881,Password,157f19385293f616dc7910179ec7b8ce88198a3f0462c381694950d3cf8ebbee,24c978f6e79af193001cc324bfc858200b626ba98cf455a91d8b11d939044ece,Password,1
228934,Uploading,37b9b8adf2e102b740bfffa3191a236d20c77f1f1641d0047ac929b158bf9007,42e90227e38e379dead2092dfa4ed1e0fe1813228bd90aec73020872968864df,XSS,0
229100,DDoS_UDP,c674d6846cd886fed02de3d026356f25e35a80fbbd07fdcdffbf6a9d3a8f774f,fd43141d23afaceb10dcc6ec9c7453b0155fadaad7b39028a55e80b218d07835,DDoS_UDP,1
229118,Uploading,dd689d60df5baa4e0896ae940ef90b4336100970425bda2af154da885602a285,0f765de35b960db6a326617978a9a888dd0ffd1d3edc9c5bfa1b791f9d8e725d,Uploading,1
229281,Port_Scanning,eb01780b1401016da56129907e83d8268053e211f07bb23cae3578c908540fb5,e8e2157341abad8ca64de741c202e3534a77e26886c5a116e51ba6254e33a637,Port_Scanning,1
229694,Ransomware,58bff6fbe1a274cccf998b3fa86a620363d44a82e343d856cd61797daebd7eec,8489e24ead9f865f2d4ff10345fcffb3e5736661ae5c6e3cc51c68f02eb86978,Ransomware,1
229702,DDoS_HTTP,d6a44e025fd98668f5092231d67702dd76bddd38311748b2a9c49b0ae66bb89b,4ca7edca0f891f0dde53e48119d4d11f256873e98862ded4608aeadda88a306c,DDoS_HTTP,1
229747,SQL_injection,260b7b647b89e70b45e55f7bccd5aadfb56eab8ab291fc47b99a0bbadb3a98e1,301161f4857de4f939de47b2f181ac9c50d34e6fd0719f75a933f69839cb628c,SQL_injection,1
229837,MITM,bae42f1c3f3e5950c0743d0d59f28114d7ed491ee31a25135a6d1499d6732e14,30a4cdbdeb117e033080216cfb416bfe482ec31c27d733981afeee213a506e0c,MITM,1
229851,Uploading,62253a8600885715b81fe6f65c19b70387fdf09ac8f04afdc762b037633f7340,14811dc2ed7a032b8cbd5a66743877f753295254c5327253bae372314be381a5,Uploading,1
230075,Ransomware,acefca0edbf06342a25c776d1dfb1af25ce69673b5b1af5e04eee09296b71e26,e8f0bb058137c5a25af3cd5263c6bf16011afb4cca61e79064f75247ab567137,Ransomware,1
230269,Vulnerability_scanner,aa7681dd5c1b8965aebb9606455a48d70fc4c4b194289e9b2663aad1754278b7,209f0db403eb217f94fe8753b5d382dcfe9f8107566f1fe8e7a8ec7deeb22361,Vulnerability_scanner,1
230274,XSS,e78fb46456751b49c3ebf1416544e32d0451dc178349ec2ad876aca6970cff97,b50b36d830700640e0fc6188ea89de9d83f6be7940cce45f90efc63ec3137692,XSS,1
230309,DDoS_TCP,be5e783a580f4e67882436afc9e3dce79963d5c36d635c989805629724bbe0db,3267952ece0392394dee10a065b16c9f0f78a69a02ffb7c27426d3c89d0ef859,DDoS_TCP,1
230350,XSS,83ec999b1b22db9397bf91f4165aeb52e21390641236a03d33c7abcb162905d1,718639213ba5d971bd4a13701c2ba03285bfab95f82c78b9b10e7517ce6796f1,XSS,1
230454,DDoS_TCP,cd59439348435d9960817db67717e3f27b17227d19421d58b53d29cc7c48b72d,f6ffb6f5025145bb039d937732b9bbecb2d9151cc2590640131cc28cd9255256,DDoS_TCP,1
230539,Vulnerability_scanner,6b9d485d9e98857be6d015b34b17ca7e2738617c0cda506d6bb72443116fb26a,b4d9a10ea45db33f18cb02d610a6d529e46972b67578fa478823623dc1da1062,Vulnerability_scanner,1
230762,Ransomware,005d7840fec6fdbf5550be34c3baeee660cf93a7d59b03e1bb0fcccea5bc47cb,238218b039283f5a45ee0d38f4ad7e90ea8db0b682a1f59d4cc6831d5db1ceda,Ransomware,1
230891,Port_Scanning,cb4356e33faf01f3413f498547775323a1e6ca4b2a32c2717feefcbf55de6c34,b14db0f40275014de6b8e79de30bd4b2254effefbc77260374cedec0d0d9351b,Port_Scanning,1
230923,DDoS_HTTP,8f870d222902cffd2bb16da0999719172f11b14691dcdbf0b400ff8002e71ca0,c02ece68a91e1ad85784a117a35acae37b3eb5f3988df9669f80d9d716eea512,DDoS_HTTP,1
230946,Normal,2de14716da134d55734c64ea64c7fbf97628dc29760e54664fa14d1eff97c455,b19d533f16db841265b40783ec706065ec84813456108f7fd2afb97a6be23b3f,Normal,1
231261,DDoS_UDP,a7a48b223184024c44ccd8a60ed4562ca597101fe16277969dbb2c2336e6bbea,a6ddf7dada3935c5ae089a630abafc458be3c68c32ef047bc32612206ec1c683,DDoS_ICMP,0
231301,Normal,b867ebcd12f33385cf03d7f7f866cc95de31a42a372c287d207c6ff4497f4c23,bcfa8855dd4754b298734e08d059f0f443001c68c92da71aaef1c85a2a758ec2,Normal,1
231385,SQL_injection,4f538e5ac80d9af16630b11a4eaea29d3debfd14ac08e7fedb9797e1f3b904df,1d5455e3936665902ea1d461be03d28e96f692fbd1470a643c658f278db8b421,SQL_injection,1
231453,DDoS_TCP,a0846f2ef49d51e68c8b68dd70500f29a0a0597d206f6f12ba31502f1def0a21,77fc38211a5e2a59036a6ef383010cc62c420889e69195e78046acde45624286,DDoS_TCP,1
231459,Vulnerability_scanner,0e30cee95c5a0d12e970287eff875b81ecd3ffed2224eefc6f11f98e5236eaae,ba0b136179accca01e1a87a63bc045b9d0b532861d8f31e30f09f0f91b88a6c0,Vulnerability_scanner,1
231554,DDoS_ICMP,d59a8d26fe1732b1598599709b8faa96446fe02aaacf990d88a9ceae8843484c,ce9270400fcd20237dd37a6dd5a4b9f600c5c1e7214087e0e71846a0b9904b2e,DDoS_ICMP,1
231603,DDoS_TCP,0542f7d204418e90ab1c694d4053fd70277d8344700306d8f880528dbfd9d7bc,f6c702b1d1730d29e9f8d6a5d56e3959915808d0fdb8856cb797f7d65b7f384f,DDoS_TCP,1
231615,Backdoor,849bbdb9672ac5103ca90286a1ac6641362eec9250d2284555a30a2ab7281ece,23fefaaeca8e763be2bfbd97da3fef4b979bc20753984fe1e07e3296f419b9b7,Backdoor,1
231691,Normal,0601e3ad701d6fb63bda4da23cf879e388b07970b4d1a6ee78b23bfad804095c,aee39191cf31733ba373981d289a9add7a4bef83074bc18274afdc9b7ca3d5ee,Normal,1
231747,Backdoor,49af925fd1b339e794a2d7b1f849afb61e9a2bd687e2883432342a5e0c7c45ee,1cff1a1148d0e4ab078982bc06106b1a4149d1ab42c1341078d0dd3d7b403cdd,Backdoor,1
231773,Uploading,2f3c59d851c2f91400474936a98886c31506cc14976edf0f2b5edbfdb1959966,e5f1facb3e513498e7ecfee4e99753d6b6a66db5040c60083344bd3a209e18cc,Uploading,1
231894,XSS,86158f0a37110a109ed76d0b5ea8eb6ba55027e9ce14597dace02c6cd13a4a11,69cc0cf1aa7a819e80c3b66d68fb9416aca5b87ceec1873156f7f0cb51f0e7ea,XSS,1
231923,Backdoor,db7f6b130cbcb99119c5b7fa5c3e16a9caab4123665ca8937ef3964e371dfc34,85519debed8ec676b3be4713ead7e34852be653da3780734d8ccf4b3d91c6f30,Backdoor,1
232053,Normal,21789c47e0bde2a4b61f4514ceb7e7fe4e16ff1866bdd4a1a74a397e0301093c,a8ef372c08230eaaf27e1a4b73ca0e9125aab98eba4ca20c37e42807bbf2e57a,Normal,1
232086,Uploading,87415dd35d6e84885a928c49e10e68b2db633638547a6c8783fee3fc301f7026,2fb0d688589f25915bd3ed905b18ee6a1e9d882fe27d0f4bd7ebcf41993cf875,Uploading,1
232216,SQL_injection,9e04530cd1749749d3c907a7c311ececaeaff1e81fbe045c372fadbdc40af931,0fea2ecaaa83a090f87791105d4f8fc286bbcdcfddfaaac7baf7e45596273631,SQL_injection,1
232357,Vulnerability_scanner,956cc040a279a11e5bb5a3f572d72f6996b0c07eb1478071e0c2f16b28f87530,a85e6d3784846306a119ff853ebb185acaaa6dbebdb4edf29d49c14ffb6ea3c2,Vulnerability_scanner,1
232446,SQL_injection,4ebaacc5137cc36fec92e93fc40909697b165b1e6ba7528bbce6ea7b9e59ecdf,92f950d728c4657fd28efc9d5f992e596c30714769cb6e6a04b55c12e0074920,SQL_injection,1
232503,Normal,23243777e8c206dca5bf25d00dc08654fc5bbd9ca13469ed73fb7a1958a5445f,838b9de750a797bea30303aa8ffe236889f746fe018a0b1293629e0fbdb66068,Normal,1
232522,DDoS_HTTP,6f1d840d0e32866e519b16a557f6bd7fe20abf5771b42b87a92b0250940944b6,8d15a45f0d8b7bdef95a8cb8ff68b38dbd263aff811bc5caad76e8cb7126eb51,DDoS_HTTP,1
232557,DDoS_ICMP,55e2b33d70bf9d430579960886ef9c97283baac5c49f9d6daf9e6635ca25bf1b,a182df5c098165c32dda041a07366d6808764f05e04ca75d0d1cd73bdb3f17ac,DDoS_ICMP,1
232613,Uploading,aa08a0ddd4e9eb33376a8fbbf0965286244dabda0e9c496cb29c84bca71d6939,c0fff663eab2c84c86ab41a444b97a16c733094ab5f7f4bd1f521253cd407e11,Uploading,1
232619,Fingerprinting,79854132fef50df574c01f922f1220a93fb3ded9192472531168bf2c5f8ef29f,0c9b8ee6d7462f93ca1089c93bac8ac8e610de7b1e2e6ea1cc85817e83a18a12,Fingerprinting,1
232666,Uploading,a85010cf7b92351337040b5fccbac7b49b7be082258daad7db5ff66bf4dae666,5710835fe7ff45db728590a9530a61f8ae3ad67f5be4a840b61e6f5dd153c580,Uploading,1
232696,Uploading,cb5aa7e6c3c6762a2c1cc1c2266b208f1fe53abea53ebbae0222ce5a366dc32a,9a9be50c4b4d3af43e9d9affb5999512671978e372a9a767496de9144a27896d,Uploading,1
232730,Fingerprinting,d6ce4a1c033ee902d7900d6e59cd5bb360e41e5b58be060b0c760ab5d1eb3dd5,e361ae3bbbd3c4ff174de1d64c1dbfde83e84408d4ac8f377e1306311c7a25ed,Fingerprinting,1
232762,Ransomware,5179b3b19632a45098472f203ab0e3ee7b1002649573153b5288d1c390d6132e,8d0bcb2004f4e16217f62d305debe4a3142edc254133d5b99d18db1422ff21aa,Ransomware,1
232775,Normal,08bf23302abebb47035cda159a4fc4d028e8fd98da4e062fd4a3f64e829ea229,8187c73a33d752eebf90bc75b8ce920daef14b004e061d4433ff0cdb18bad893,Normal,1
232776,DDoS_TCP,512e4fa93c8b1343ba46f984c43905d212cb28ac3aef8896322613ef12ce81b9,497f914b3c14a7451df990bef2e4631337c09e0cd6003957f28bd62aa43fcdc9,DDoS_TCP,1
232822,XSS,9d60827c72905907b89a0d7e32d9517a0deefb058bd1bd75bb38e647cc1645af,6fd9cbffa4f689b088dc7ca60ff561395cd51a5b80632687a80b9c278534a8e1,XSS,1
232858,DDoS_ICMP,e54a68093383a98aacc3072e0bf347553c9a3fd08c423d7f13a069a97889f121,922b59af1105d518c197af97acf7f655705d52a96aca260e66ec648c8aecef7a,DDoS_ICMP,1
232868,SQL_injection,3a121505f011ae5c271be97162f0b28efad8c8d44c8864d2a849424024577a02,7dbb5653301bf1181185fe8d9aca45c4ff7c2247f4eea708a55757e6760517a2,SQL_injection,1
232902,Backdoor,df436846972ce8be0e55436f43b17ae747413ee486a286426c98649a72310b5f,446e76bc2285fe6b46f0ceff9079ff117c93c1e2388dd4ccc067800b50119512,Backdoor,1
232976,Port_Scanning,1c9e98ffac7fc34ba232acbb776457a413dfc0f791f25b5bd30204ffd348d0e8,976aaf88ecc8e38d12a2aaacd35696661d9c17cc5ffd37a46ab5f2d285e3911a,Port_Scanning,1
232980,DDoS_HTTP,b30e46524193b117b527d1a1494560c11353ab552ef72a95733363abc9da74da,f8b54c49d238392db6b05b0745a8951266504da004f38f48d461d9cf58667970,DDoS_HTTP,1
233041,Port_Scanning,68dbc1c4c6a57710a568228dbdfba9dbdb516d4b0054a7d516276c5cfa7823fc,3f939e046eb2a267ca226034f99a4289e84aeaf810a208b979b3b4d665d562eb,Port_Scanning,1
233230,Fingerprinting,b03f4dde01520b2f676db11295be9f818f58debc802f32dc4a174850b61920f3,0c9b8ee6d7462f93ca1089c93bac8ac8e610de7b1e2e6ea1cc85817e83a18a12,Fingerprinting,1
233541,DDoS_TCP,7f86f70ef85b7d14b3676f494990c969c8f89c95ec0ce8bea16c3d35dc993f40,69968d0af36ac035d0c5a00114e5f027c6ea336d24ae426914ff028dae5743f8,DDoS_TCP,1
233545,DDoS_ICMP,1b840ccd47e14f7dd83c8a1b8284b7137e054790d1666cd026bf1644d8c9f0ee,b691f8ef82c0b7120aff27b573989e1b683d077f3b4fc68510604ead98cce1f4,DDoS_ICMP,1
233736,Port_Scanning,0d1090e0aaf46c3761c51957f67c70fa0809aebe3384a71d4ada42e8f6042b39,0e5e70d53a5ae40a389a29fad807b6e5f16112b4c6c21adbc26b80cbc4c6e724,Port_Scanning,1
233745,Backdoor,759a071441b9af230cb0d4742aa4f2be44b7f9cc718e806fd8f192dbf8aef2bc,0933c84d988408d1b471343f886067272d6630a78b20f78b07c320f83b12b08b,Backdoor,1
233794,MITM,bae42f1c3f3e5950c0743d0d59f28114d7ed491ee31a25135a6d1499d6732e14,30a4cdbdeb117e033080216cfb416bfe482ec31c27d733981afeee213a506e0c,MITM,1
233899,Port_Scanning,37d02aea5dacf6b99afb49fd2199fe2f061a1ce4fb7f40983cf86cf423a9220b,db5a4a14bb1a41e3c6589f81be0ce01b9581d7aa558baadb59a86949230486c8,Port_Scanning,1
233927,Password,089a4f4a4be0c22e77f458ee820f2a9bafaaf3498992da99c442855f054fc146,a85ab7052467953c5862894f7bd4bf6ae26dbc11b0aaa60533f781dfe49322a8,Password,1
233943,Normal,a5957bdaca120635524c604cd0e9b3afdcb9a67ad593d71c63719f9559ffcc93,29a2d7b53da08dd5494cbb29a53b059e2a18d4db89f4cd18206b73bcb6f44318,Normal,1
234082,MITM,2c16fbcdf9ae764396db726e85d88d51220c895d6cd2d13557118654b1435d79,f16f93b86149b5877d6393eab597213a591e2c77ae1c20e329fcee0d15aabffc,MITM,1
234119,DDoS_HTTP,7b51ceb70927848e9ffef70209e631429e2deb14d65673f6a8a0ec404e29dff3,7605850236b5c5d355d01f82b9ef18f0bb9bb5e488df8f6fe8af765975ce819e,DDoS_HTTP,1
234314,XSS,ea5df1fa8171e8dcbc42512952889a528323c8e332eaeea18c176c011dc9d362,4551fe0205a6ee36ee0bb58679686c0aa6b3b7f4ba6bbdc18654deb01ed932f8,XSS,1
234502,Uploading,d4ccb1ad80487ea20245b2d73350b253f8cb9ad2d93912aba945fb2b8b4069ce,4e728c3b135e1017866db45eddb2dcef35c36ef28bd269463bce32a34646f40a,Password,0
234556,Uploading,17d53d99bb72ae948b51f00792ef8f4a4b7595a0f9fa2e78f600062d25cdd736,2139884dd2856590a70d7a0ac708faac3bbe00d5abdb90e55137ffccafab0954,Uploading,1
234595,Ransomware,fcdf1ce6182f48420792ee8e0bab4254078ab99c49225371c70461197f44e08a,8d0bcb2004f4e16217f62d305debe4a3142edc254133d5b99d18db1422ff21aa,Ransomware,1
234620,Vulnerability_scanner,3ec42b5b9291bb81813768fa0407f49664f5ad163df2e300470009dc9c0c941a,21fc2cfc6c679bf27c715e8835321cab045948e410a01203cbc9671006503ec5,Vulnerability_scanner,1
234721,DDoS_HTTP,91b83b3f29f739de6ea32d7128dd64029b558c4dd6d8b2b1f59e0ee77ea2c211,bb9996d34ea850af42fe09e60128449efa212fd2e12a6d47c045a6b35ae3e071,XSS,0
234738,Normal,311765285870e97caf974a65bed2319db15bc0a79c5dc46b677f32164ac3bee4,3cbd8fef707962fe9bb053e9cdf269480ba0e891e5a1c70fc8c18af80d06c043,Normal,1
234835,Port_Scanning,c805d11ff3a93473c1c965374f04479662b9dfbad5b88d141f6fea3aa32f676f,101455d87bd7f9601a31d6f0e43cb5e13c8378f0db5f0d671b0e95d7e937291b,Port_Scanning,1
234846,Backdoor,f5704cc1ee01be0982a917b0fd203254db6a6dd01036cda6010bb33847946ece,96041aa53cc90dcabdfdd7bce83524d2ac2a69f2fa16f22ec31eba4e7864ef61,Backdoor,1
234854,Fingerprinting,902a2655f42e8445a488b46fdcc0c0c283c3f0dda74cab837bd5526364b6b73e,e8f0bb058137c5a25af3cd5263c6bf16011afb4cca61e79064f75247ab567137,Ransomware,0
234984,Uploading,3366e77d5b0310a274d3981d93030ae243f2d83406ca0be34cd2fee78adc9ab1,5c96137fea8b561624c30703e8bbff43d8166b5e7a82cd4d898bde4a0524392b,Uploading,1
235047,XSS,b5e8755d035a567998efe01234606d7813486e42f7400b10df27a5ba6645812f,a5d35a649ce436135aae3f323515a2c4f9985000b91f985f218abd32fe3bd0b9,XSS,1
235051,SQL_injection,045ee87dda075f6450ad4ba8c87b8ff02599cd2ae2caab1e0098aee0e8d2bd64,e4962f627e3794fb87561c66acd82afb1392725f09f5a7e20909fc7ce251a07a,SQL_injection,1
235070,DDoS_ICMP,d5cff831627cc19418db47dfa2b40af0ad9e3cde2301e0ef5e0c5d397e106496,7ebd73aba2ee15cab5c75e49766b1e66a6705323cc32141a6d8786ac15446b7e,DDoS_ICMP,1
235246,DDoS_UDP,435198b302c40c4b1bef67034d49e6cc1ad245452dc5108d1926d835fc2c755d,ac90ac82d226d2a6808314d35ff9fe4bde540808e287ce80be7162ffb2b463ca,DDoS_UDP,1
235527,DDoS_UDP,71758a70767b7bc424c6e4c2b27e4e6f1ebda20ecc18188df32edb6ea646454a,887a449bae9cded394fcf499c90a13394648e4c905e4891d80732f0b498b70dc,DDoS_UDP,1
235620,Normal,eb0972d95394ba12893df4df8dce9b92f3161cb947a0762bfec3b6fade7b2932,8c27c06060f0d6e608d64d15de2f24cfbd283adc3c74799a0f20ec4671638fb6,Normal,1
235729,XSS,102edc631da0c829d2df5113086c2b2dfe9485b2483771d1045d64b2d8f5095c,b77a9176c83b778542fb04c7783f07c9236608ae9009b31aa9e2647f0e310ca1,XSS,1
235752,Vulnerability_scanner,1d2ca29640e542b86131efec997c6bb34102b2eecc32c2306e44894b88e9db00,1e03220663cbc85b729844469037da1be5348783744ab6a3b0c4c9cd453833f6,Vulnerability_scanner,1
235872,Password,76e14d144fd080c1c31c4e22d0b634c28f23932d86eefda5c0644ca6beb07562,df518e8b1d0a5fd722d7476e1cc151763be9886f86ae11d77366ba6bd1bea921,Password,1
236092,Fingerprinting,ae2f73bd12af0296eac292f59f66c40272b3b4c781f23d537e194a48e5a59ea8,0c9b8ee6d7462f93ca1089c93bac8ac8e610de7b1e2e6ea1cc85817e83a18a12,Fingerprinting,1
236194,MITM,c813799c37f761c971eb8d003ce3b0a7ed1a69da5947cbf17d6139e577cf2a54,9c6e4dd22228b73030349d9beb49a9c2ea108c9dcd0b0f9b5aeae418385c6e35,MITM,1
236233,DDoS_ICMP,54fcf5d40a511cc608c9df6ab3415541e0a048c9b7f869c088d4565c7c457067,6857e54599b4de7d7c1d0c9a2c9522bb389d7c37113a3fba2892e9688ce126a3,DDoS_ICMP,1
236370,MITM,d22cdda13141a716124a7a6d66fee5b39009cecb533a43ee1b7da2fbeda32293,d1ca59a4b2348861eb2e088f5e445ef8c2c3a9548766140cec48b5647c15361a,MITM,1
236382,DDoS_ICMP,c5886acdfc7a9e7de6f8cf483d217a7d6acfd91cfe5efcc55574be87bb00e314,356343f883a4dc3892f5797f096685707883e89c90f9932bc735b52f91935797,DDoS_ICMP,1
236478,DDoS_ICMP,afb645dd275c0c762d712fcefda30339564277d603b5faac4f599632910f7556,d60d3d1199dbc6f2388ac0cac08c1c1459515f9f1540075d2cb1ad42bd822466,DDoS_ICMP,1
236644,MITM,aaf1e6b043b47f2e7caba74eb7f0b5cb713a8cbfaae081e35d537b78723ce47a,89cc3112f38bc350efe19d00e845c613de608b2596c6d481137593aef6feea38,MITM,1
236650,DDoS_TCP,ec521988877f8597d3724ea157dfca52d41ad5d00889b8b57f328e6f59845fad,fe6c8f0d60bd249948e8a8888e7e36697bb177d2f32511c80fd3680ed96d1ff8,DDoS_TCP,1
236749,Port_Scanning,c17837e65749f4f46aa55a3c0097ffa3950e4eb86d7c28f5ae7ef97104887b31,f68c241db77880f3b75bb0876978188d4ef020a2115ee76d4e76d4ef291b214d,Port_Scanning,1
236764,SQL_injection,c04b4435428b24faf97bfd7075667107f464587cf37da1e7fc483af06af38001,a2e8679710380a016f11cebe92a0b908136c4e13b16f0180149a585929f9f3f0,SQL_injection,1
236798,DDoS_UDP,6b4137c7c558466febd657492c4cb4289e55322f24c1c4e8fd2f568c573c8acb,498fdb40e875883afd0583c0009294e91a23e7455ac01bda948b184ff43c9314,DDoS_UDP,1
236800,Password,7c5817cd85339a5ecb8f477217a80b018c8d7a04bf57d58914624f4881c3238a,054af4e4c884a7ccbdf272970eb73e2804bac139c156436a60c366ccf5acfff6,Password,1
236842,Vulnerability_scanner,01d39065cb7c2cea49e177ea269f0e136786866a80d5e928b7431b395bd07e34,c1c94d75be1bcd1f976268bda54e3e60b06199f1221e7bee856bab7bbe5a4f67,Vulnerability_scanner,1
236991,SQL_injection,a1af1cce0a54aaae82bb4b3516bdf93c77570dea99af3ebde20bef60e7c4debd,2295c1418278335e51dee2a3a4753bb0c991610ffe1af362b53b58b813b3f105,SQL_injection,1
237075,XSS,e2993bec26082586b31cdfab26adc0a220b2351e2caa7ab7d2ac2156760a83dc,89d8dd6cad352ff275722fa9b8c23de5d67428a02dd6a30e4c74921b5c752c0d,XSS,1
237143,Backdoor,1f936058383db3ae035e72403725790d961178d722bd969fb38c2b7d363fcaad,fa6df089bd19511426edc1bae8aa476babc04f3bf650f9efe875f1dea44bd299,Backdoor,1
237363,DDoS_HTTP,393ee4fad9a1ba3072ce7054172f41c9af1fbd4d43dce02563720fcc9ae144b7,c4a5fd9f4cabd2d5df8b935253fcc79057a58a06f9d24a0bda9f4bcc6b36f0fb,DDoS_HTTP,1
237372,Vulnerability_scanner,ebe69e62febb87061b49cf127edb797e1c87bd3ad6e55136746ce56708f5913b,6bb531e5fab466c6d560645f7dd01a38b53c05f13bd1f1715a239226b42869a8,Vulnerability_scanner,1
237378,DDoS_UDP,180f9e402b454b38e488399e6c62b04541947afa064c49b3115ae8845bffd6a1,c4012f6fa5634b23db0c66d8592e4642f901e29e7e146938e3d1a8c8c6ad2239,DDoS_UDP,1
237391,DDoS_HTTP,3588814fda1cc2e7edcd2f1b3fc87cedce7969bf849ccdbc7199ae5b1702bccc,eb8c87acaf007d20a15e1d4beadb0f0b150100554a19132c30dfb13e39a5e494,XSS,0
237420,Uploading,54f25604b1e0f4be263d714cb72fbcdad8039db99295e9a2e44ce108203fa52f,276ee1efb7e82cf65c35ff68b406358ad7c72e1ab3a409cf1ac2c812d2a18e53,Uploading,1
237425,XSS,b54f1277b4762f65d4b37c20e3cab3194fdb5c44ef5575f8f6692340ebc6a094,243f5b941107cc80a22fd662c47852660b2e09f860d890634d8aa4658d9e256d,XSS,1
237444,Ransomware,07fd327cd8274c50bc6f087f9cc20482af8f71f58589bf405e0a2a00b87527d4,238218b039283f5a45ee0d38f4ad7e90ea8db0b682a1f59d4cc6831d5db1ceda,Ransomware,1
237647,Vulnerability_scanner,595cfb6bee55b48542f077d3bc46d90e6ba3fccfebb7f88f288f271e4dc80c9e,be6c6df28ae4eab00d4f2cb14f0f10b3bf712b6d7cfbde2b207b73a765d142a5,Vulnerability_scanner,1
237756,SQL_injection,27b3df865f9ea797fecd80159d77a9c118fbd015a3209c285fec5ff1b0134f11,b2aabe915e9bddd21a75b12c8640e31d1b6a45bfaa27fe40f8bf5d289c068d16,SQL_injection,1
237780,Vulnerability_scanner,53e513e3a3705d6c507d83bf5b2983a4ddb4e4d0600231b5dbf6028be3d5b8b1,a5d2a016309b08024a9cfb3e8bbccbfa254ce1fa0580e16901e3ab288a137291,Vulnerability_scanner,1
237845,Port_Scanning,0210831e861b3e98ffbfac89bcab529df2586bfb71f995e13777bd65eba2c8ec,83b51e55a53d71ce980737401cfbf4ffe1b6fc5c5a1b87d0dd2847c7e8866579,Port_Scanning,1
237868,Normal,71aef96224c0924fde4245f27c7962033befe8010881f5e429b38481016896b5,0d70a6975ea9bd7797263feb77ec8108bb3f4ccc7f5d3121dfd33ed04fb4ed5b,Normal,1
237901,Normal,06dd2da51c0edad01ed70ca80add6e4f0b4163d26f2456312cd404d6642b6bef,df915f70051b47ae503379871122c0c564e2a1a8eace11a0d26110c6d0c9418c,Normal,1
237906,Fingerprinting,22ddf1cc2491538e1eaaa1b57f8c711373863c5bb83173e7cf3ff95a628873ff,0c9b8ee6d7462f93ca1089c93bac8ac8e610de7b1e2e6ea1cc85817e83a18a12,Fingerprinting,1
237962,Uploading,96241e5692cae2bffab979709d3eefba03ef97a0e38c3516b507f1aa7fe1215e,3f58fdd5a0b1d52317d79db9217a8267f287a0c5ecb241a85ebff61f6a8fd9c7,XSS,0
237990,Password,ec83abbf0d5dbb942659a3473a7983290c6c3c1544069e927d162a265b8317d2,c8a11026c4d82e8964664aa63b06d61d86ed827788fe7fce28d2450fdb3c0bab,Password,1
238097,SQL_injection,7f769d7958d613711a63e5e57bcbd3501a56fd030df19a488d34082b7c2e7a95,6320b45290801014af9540dddcdf28c260842eb10b22a6ad98688e3832e31002,SQL_injection,1
238167,XSS,04f326b5389c6a0c7ff446a5a67b6b1fe8392c246066ff58ce1a89eeda6ceab6,a885ec27df17f98175a6e6e7b4f6f0d921413919670a5f73bd43821f13f58ed0,XSS,1
238485,Ransomware,7dbc6dbedf2ab43561b52134cf7a86e47cc3519fb4171b6f5dff00ff2d0337dc,238218b039283f5a45ee0d38f4ad7e90ea8db0b682a1f59d4cc6831d5db1ceda,Ransomware,1
238502,SQL_injection,1a6b142fdb7c0f0093585024fbd64b6d1ea1dff172e94e7bb8e395f053180e63,6fcde62009e414362a5628453f0a6f73a8d7e751abe0b91fe4fd7c00933c011b,SQL_injection,1
238538,DDoS_UDP,1177df0978914f5fe628b27430ecbcb0b844cbe951f8e555a3cb0ac2bb308eb8,f16ce9ebaf33af3daa5f46b9d3fd6493e4c0d839a9ad68a73fdc164b2e6df49a,DDoS_UDP,1
238596,DDoS_HTTP,2f244daa09c08a130a2e3fcd3b6341e6361154a215731076fa22cab5883a819c,49c981af44084811624c05f94f9d311a8ea528aa2aee32ef39fc0dfa61f7b34c,DDoS_HTTP,1
238647,Backdoor,f6a8dec8f21510a1121fe925c4ed0b77531e3fb3d875129c222d54b189218558,1cff1a1148d0e4ab078982bc06106b1a4149d1ab42c1341078d0dd3d7b403cdd,Backdoor,1
238882,Fingerprinting,25dc85369fd55607a66596c8ef55758e60ca728d2f0b94a4656aceca72e174f4,e8f0bb058137c5a25af3cd5263c6bf16011afb4cca61e79064f75247ab567137,Ransomware,0
238887,Vulnerability_scanner,5fa140c0d0345fc81e7cd14c2070d1e7f08e3a8afb8b006f7261da698ace297b,ba33dcb92101a9333c94813e03a77ecead6f0e1b437da21e86b4cc749591feef,Vulnerability_scanner,1
238991,XSS,7f52d51eb908f597abaffbfd41250060757bbb4781e090e054e863b37960ab01,48610c29923720fe7dd130f0a5dab610f3e436da6fcbb51d34dae97abcfc8cea,XSS,1
239029,MITM,d22cdda13141a716124a7a6d66fee5b39009cecb533a43ee1b7da2fbeda32293,d1ca59a4b2348861eb2e088f5e445ef8c2c3a9548766140cec48b5647c15361a,MITM,1
239201,Port_Scanning,62de938f9a2a4de93cc9b1e056ff1b2ec6f8a48d5899b923d86daedc8e8b2999,89585e0e49c7f3049ea9c55fd5ab692782b3776ddf35735d1a0e8e3b67dbf62f,Port_Scanning,1
239212,DDoS_HTTP,75f7381d3c95ea30469c588bcb1564a8b994edfb4efe4f3b6aeae1b1160a324e,57184f0ebc60251041fb5e0953b714fcaf081c6f4650a9342cb2dbaf3f8b099a,Password,0
239271,Normal,cf16af88d206293d35ecfa908d45cf33dd43617e6c53ad8dc587487a089f3c2d,cda585cfdc2791d537a337fc0d96caab4dabeaaf356d62f6b1cbf99d27e5178f,Normal,1
239299,DDoS_ICMP,12b9531386eb0b901c1249d40dcd364b51f95927d179e71751bdc622e4fbf41f,c6dd601e2ba86c9737436c829180b0ec56dea57dcb4cd5ca3933b48e502a53d8,DDoS_ICMP,1
239308,Vulnerability_scanner,0a5157a00471862f7ba140e2bdb05bee84349594b8db26b8bba2d112882cd614,3ca240fd071e81717b490fe4661a72dda8b2aab479ccdb8f8071109d7eeedc49,Vulnerability_scanner,1
239405,DDoS_UDP,1a47a278d1fc0bbb56f7c76b2a75ab889184adf452b892e4c4eb4aa9c338e37b,e88a991ff25846ee4e922fe393113f4e0662826cb9071baa18fae2497df5e144,DDoS_UDP,1
239615,Backdoor,f7e39469a5265850e14d8df8280e53db315c156d36daf069455157937655a19e,dcf4c96aab6f0a302033104ef42834a94bf7cee3afa08bc50cb7ba3b92047397,Ransomware,0
239636,Vulnerability_scanner,f12f79be41277e4fae005b56ff66ed90f60ea23fca24ab6070ab58b1eb4de8a6,ba33dcb92101a9333c94813e03a77ecead6f0e1b437da21e86b4cc749591feef,Vulnerability_scanner,1
239824,Port_Scanning,5550bf447cd9538d4392bafcaa7ad47bc2c804994e97d7d55c1fc26c1fd7371a,e70391787bb0bc8cb3836b821d8635d28e70e4a9ba15f6e5c83e89dc52d3d348,Port_Scanning,1
240065,Uploading,2063b8a03db1b6580cee6e4d53faaef55507cb84145aa10df24d8d0a7e4dbb5a,67c0d0810a133a2af4498f7e743d30ab37ed4e81bd52e25446824ea294be9451,XSS,0
240135,Normal,e417959abc7ac8c048ff05284ba147d377165de94dcc9a49fbf8c6e4042e423b,d0c16f5f4f95dbc266f6f95e2fb4c01eeb317cc32bfc4f640c62f2c2c1df164b,Normal,1
240294,Password,5aec50df8d6d3ffd39e8ff7586ad80119c5ce8d2df411beb3a90f017b8fa12d0,81cac5da1faf38b7663ff4db1478ea1dc68001d830b353ac8b20936ba3412e98,Password,1
240362,Fingerprinting,c60f63f6f79f7cc88e768994c38ab479bbcaab36039d56e75258e2779f44f123,0c9b8ee6d7462f93ca1089c93bac8ac8e610de7b1e2e6ea1cc85817e83a18a12,Fingerprinting,1
240414,DDoS_ICMP,e0632e4f7b7e0192e75da58555c1d7ea38555a948ca583ee24bc14371588fcfe,fe6da80b49e1ad33830e62e21c6b06d7db4c4a88d12b5ec421ff6eb736b10406,DDoS_ICMP,1
240503,MITM,2c16fbcdf9ae764396db726e85d88d51220c895d6cd2d13557118654b1435d79,f16f93b86149b5877d6393eab597213a591e2c77ae1c20e329fcee0d15aabffc,MITM,1
240809,DDoS_ICMP,21541f418e5449f7993b728c2c438e9167937b7ec62d5fc1439fb9e55e67ea9d,d4b2369d940211b6e2d77f14519c6a10a19b51e25d7f33ae0d13c5aa7bbb51c8,DDoS_ICMP,1
240880,DDoS_HTTP,121a061f183fcfc627d932cbb5b2437dcb3a9c6db497c7bba6129653dd6cc439,c401269c3714a8caaa2fc6bb79dc853f6b7df00437f41f17be3a9114f401f428,Password,0
241027,XSS,f370d446a02db1c7cda52f4c35d9b6fa94dfea5ca109e4d7b6f038dbed3f3c22,b1bb5e77d6caebbccdc3663e9a12d44fc80770016986d23861a87ccaf0fa8b2b,XSS,1
241094,DDoS_HTTP,f0de157d22947d0e4c93b7a66bd342fcba68459a15a82c7ca605c011100640d9,36a81d0e6a70a63edb10c447866d990cce0bb237874817667f9ab37cbbce4e2b,DDoS_HTTP,1
241098,DDoS_UDP,2ef14eb707ecc0bd3a2b715997c8d656625aef66ffa99a7c31ef6d56f8a9c46e,b8d426e48afc01308eab381cffa5f14c36aa910a4eb9a3da9ef4994b2a3f3ac0,DDoS_ICMP,0
241270,Uploading,407bc43d31d6723b8b6ad64398a9986e1d0616720808bf62d9c7b53325c159ca,abcd98956639b1636b1038bd6ec4bc371d1dd03d8e84440b7865d438822c8aa2,Uploading,1
241451,Uploading,a41a1429dd327e97bd8bf27d64ef862ca1f15817b6403af3b26b534ea688dd81,ac681fce8ea8e15f452d671a095e2aa9471fe3e9be6a6944cd59f9f1c570437c,Uploading,1
241541,DDoS_TCP,6f3e155802d4c5289bdac093a9919ae0ee387aabd763b6660611c1195080723b,06af9a67a76c4efa86575f864b4f15ceb7a63531ad065e69fb9c3c7f90a2e156,DDoS_TCP,1
241668,Password,afd4921d86f5c7747ccce68ea81736667e79e446da072bd4b6f53567f5506ab6,1b0c9d45b9b0bdcf74a0a49c6e7601b20ac739b315d97ae57bc35acae1359de6,Password,1
241850,Backdoor,a283e294dc861dbb21018c42df9bc8f287d21d8d0db834c8f57273e923871039,ab24ae9bba1ef4794c7d6d4847b8f300d8a5f617a29c3b337c27e5d5bb63aadd,Backdoor,1
241877,DDoS_HTTP,09512f66b82e404866cd6d548ff190379a2578e17ffaa55f131a1e3d02f93f06,b48a941f9b4d9db7c1eeb61ae95b7ef4b9d19d2d7a9aa422215226005e4e4e6a,DDoS_HTTP,1
241900,Normal,3474b6ac0f7db099adcd144ff261c194d6f7d67905712ce9b610510f90fe64f4,8bc9efdd993e771bfbf08b77c95fe08ae14f02b4ce29abf3146c0cbe4e1a0776,Normal,1
241929,Port_Scanning,c07ebc976845c020c3762ef028e5a6d1393745ac365631abed41a5a2a5664ad7,fdb622114751a0e2427b055db51be669b5918ddec1ff916766abcb7cdc33985c,Port_Scanning,1
241969,DDoS_TCP,4927ccc48904d27c741db7f385bffbdc988f3daa7b067c69a3b44c7b22c564e9,4c7f5318ff37fe41915204ba077d7e6f612edf8605b9bb1401b8126b3c06b502,DDoS_TCP,1
241981,Fingerprinting,7b1ef285c0338f8ee1ff168641e0dddcb2ea2b69791c9914a8297d60c0db8edd,e361ae3bbbd3c4ff174de1d64c1dbfde83e84408d4ac8f377e1306311c7a25ed,Fingerprinting,1
242031,DDoS_ICMP,f73cac92fb74c9882ca3fedb2f8a07a68571c62db211d2fca1744aa5a6a598b8,601f99098192a38e084b675cc885e253ae34e658909d9c11d09c9518a016860a,DDoS_ICMP,1
242223,DDoS_TCP,41232ac9b28b113959ac440a6aa14d5cd85ca0a0797a9da69d9c56a95a0b675b,022ae3a6038ef39fb9793126827d26c5aa01b920fbd9eabf9b53d16bda71e192,DDoS_TCP,1
242286,Vulnerability_scanner,4a458f1c241e027a98132964600c00d346544cfa3f88327d718c653086e2324f,ddecd9f076bec1288891866cb486a77fca145cb442ec88113f7cc60b5b43ab64,Vulnerability_scanner,1
242291,Backdoor,9e7763295fc592579b8b5a2d7ea980cfaa577e627b143389f8fd7f0903a4b32e,799635b400ddd6d31ea9d96d23a8445df6032e2bb8ead17f5cc2a379144523e2,Backdoor,1
242454,DDoS_UDP,12e766dc66165245cbadbf64bb5e8dbc5b3b0a6ae51f91eb245639cb312898dc,bd5a6a41885d52a33e2968cbcd57d689a6d9850fc7ea9b6665081b4841f807c6,DDoS_UDP,1
242468,Ransomware,91c11db327769a83123b42a384b79daf52178d036d7131b743f488fb2f22cf42,238218b039283f5a45ee0d38f4ad7e90ea8db0b682a1f59d4cc6831d5db1ceda,Ransomware,1
242558,Backdoor,92b8e638e80dcebc80f55826e95e44e3155084600b5e53e1a9d35723c08e07fd,799635b400ddd6d31ea9d96d23a8445df6032e2bb8ead17f5cc2a379144523e2,Backdoor,1
242652,Normal,66f2147136bd0f06f5036c44b06b54031c42ad132db70847d0e892f051d3fbc6,b5c86a2af01db1bb8a0616e123f1f311e66f7bf3225decd39ea9c75df8685a62,Normal,1
242686,Ransomware,6ad0d15362ba6298a05b4406762d5b9b5dd253856cb7e89e099969dda7577141,15d67b93aeb11dbc8f6289f3d603abf0f5e49547624ebc1efc11203638afe585,Ransomware,1
242700,Ransomware,3f05d4868b6ab5910a704f5785094ef82e6ebb749f1852e520cbc0e65dad3111,238218b039283f5a45ee0d38f4ad7e90ea8db0b682a1f59d4cc6831d5db1ceda,Ransomware,1
242814,Backdoor,27fc31633cf375cc2983b64c424deaffc7b8e9523d61cea7684198094b8d0867,dd9cdc49e400abbd8b06b08d163ce0e80a72233c7bc21599aa67b0c5d435436d,Backdoor,1
242870,Fingerprinting,4b3c69ea480444f56d76777702991fce7ee13d43f5305d37c0a96e8cc5699dc5,de7da39c3f34ad8a610f079b4222d70b9c3391863e57b39fca28ec778ea5ccf1,Fingerprinting,1
243022,DDoS_UDP,02a34f6000452bb5d60c8ab771f7ac8b30f085fac95d027ca90a966a6ea8e638,5d5c83bb53508c6a15e68389c54e6f60023fde6fae186855862684189d1bcccc,DDoS_UDP,1
243049,Vulnerability_scanner,707485cfb3ac8e127cebbbf6876406609c8e1889208ca2af6637feca89709944,9bc6440b001d80dce70291d42305c54bd37aa10cff895d6f95d8e43a9b9b6584,Vulnerability_scanner,1
243205,Ransomware,22c2959af836e48c81bb094798bfd8da03972ada230ec964cc10e57c384b0561,8b8769b55133d61bc6ab7eb3ee94ef210ee970dc3d028235e3e664094e54a086,Ransomware,1
243259,MITM,bae42f1c3f3e5950c0743d0d59f28114d7ed491ee31a25135a6d1499d6732e14,30a4cdbdeb117e033080216cfb416bfe482ec31c27d733981afeee213a506e0c,MITM,1
243265,Vulnerability_scanner,315885bb6e48c8a0a0ae31a8d19f883a73b26d1ab2cbc5101c28b802554235c4,f910864aca61e377584275eb6d94e3d7b767875176eb1c015dea700d9e1ce33c,Vulnerability_scanner,1
243451,DDoS_TCP,0c2272c02e80312ea9c60dd482b929decbc143b1b29dc54553efd3a8761e5382,10abef71307957e154edd8f4794ad2ab8a62799b6acc386b977c67419cfea6be,DDoS_TCP,1
243572,Uploading,f1d80476eeefffc5622553b8365892c6596c6e719dbaeb6441986644b21d355c,6e32e4f6a13fd60b462ae3964467a9cde4a427702de4ff34053a08f1678e5aac,Uploading,1
243578,Fingerprinting,79f50f1d9160d01d52da7f4bca5c8e9f5c73ef76ddc21c00b2598bb2f433a284,0c9b8ee6d7462f93ca1089c93bac8ac8e610de7b1e2e6ea1cc85817e83a18a12,Fingerprinting,1
243692,Port_Scanning,d0224215155b7373c63656766c6dc551f1b7816cfc50474b6b6c03a4b0f93725,1e1495a44457f8b467695976aa432833180615228706910cc7b8e83f21a99a9e,Port_Scanning,1
243734,Fingerprinting,e14678c58ae8beeee603f4ccdf3be85272bffdfdb1ab4d7de16f2f7f17f8982c,e8f0bb058137c5a25af3cd5263c6bf16011afb4cca61e79064f75247ab567137,Ransomware,0
243898,Ransomware,8565ea4b37dc6f521e98215e555935108d594922e26bc4f7b3e33d27ceb2f5b9,238218b039283f5a45ee0d38f4ad7e90ea8db0b682a1f59d4cc6831d5db1ceda,Ransomware,1
244030,Port_Scanning,164a41300051c077856fd975694d9336cd38bff46e0d11cb64c1f4b2c83ed072,d8e1977ddc15099863598d628ffe6e14945cd54a00da0df44ccf119f227a4097,Port_Scanning,1
244099,Uploading,3fe2dc553f77c72d61039300ce5e32685c8c2f4402044906408235e8555f8798,febedde4cd9162482c35e8b8ebe05113159acb6d6d6edd8901ca2948cc4ebb16,XSS,0
244183,XSS,776e351d17160cc665c96d44c7e00e0195c7418a885c658dd5f76ff3a8e42c20,4f3cf5f2f1f5f901c0e5ca961dfc691b3fdf4f0c2637ea64aac1138021b7a6ae,XSS,1
244224,Ransomware,0428a72b2fb16d473a8a0ac596de2305645734955003faf65f544980cd178d2b,15d67b93aeb11dbc8f6289f3d603abf0f5e49547624ebc1efc11203638afe585,Ransomware,1
244242,Port_Scanning,8d4070b6a20caa0aa21416ad6e6c48df94fa8367ce373898beb550a27d80e4f0,47ba4ff7b9e8c5f9ec56b91979959f5bfe9d33716cabb805a6414bae6b542090,Port_Scanning,1
244267,Uploading,1b72ac8b479d727900ec6e6e445a17a7564b211c09b533edee0ddd2014a1c443,8196d511fb60ab4b97250c575e06bf77a5e96a9cfb5775f5f4fd4213894b110e,Uploading,1
244673,DDoS_TCP,19b8d5a2d0aac20b3448a65aec4b7d81cd5b814938b2e2adae1a4c5012d5f2d2,785e1991da67d49ce982f3e9eae79afb412f29e9ce82e50ec0d9940d515bc6a8,DDoS_TCP,1
244705,DDoS_HTTP,bda04f2163cc182a34aafa3c6d9fa1167c009d6acdbaadd68e720233ca9eab3c,1abed5586b21acfe125a996a523de76fb57f6e9f0f5750243ce097ef6fd115e5,DDoS_HTTP,1
245152,Normal,999107d245c8b9bd3c62396099a1c9b9ce95462b1971ef16ff585fcbd2a83748,65ecc9fe23c1df5dbdc4ecbbb3cbbbbc2973611b6dab37acf7f3c322168ca26b,Normal,1
245413,SQL_injection,d6101f2100273975857046aae12c864d616ae5ff95b434230044669a101819cf,a1f182dc83244de2ec06c05005950435511b17520838e00e91e371b39cc3ec31,SQL_injection,1
245420,DDoS_ICMP,b05e569054e9fae2b95287fc84bbf5eb9c7750bff7abf7496a35d4f3032693d1,b0872fd77ac755576969383066623ef7fea2bbd9fe4b546b87397c86269d6285,DDoS_ICMP,1
245545,Ransomware,867412d7c7864df67d7115b91a8255c831f698dd9cf242174dad28ff531ef64f,238218b039283f5a45ee0d38f4ad7e90ea8db0b682a1f59d4cc6831d5db1ceda,Ransomware,1
245900,DDoS_UDP,a02e1eef60d5209c9d2199fcd2e9a76ceada32d1a6c0a8874bbd5524e9556e6d,0f70494baff472bcdeec8bfa7fde3cf3b44b5b3719f096bb84583623f8c77b62,DDoS_UDP,1
245999,Normal,886bebcfd5b1f8c75bf2738af3218963c5148feb7c860aea91a5dd39e96c89e4,1ca0c35c8f14b2ff676d5f44d752cdc47315b4a5d8042848332a43bfe0a57a87,Normal,1
246022,Uploading,14c98507efd1e378285d10027a6829d4342840999556a9f3d617805a98b2c5cb,2430c05677dd26b4828da38cd59823f234a4cfb38caac5b20d11b5804cdca80f,XSS,0
246181,MITM,7532d24a8efedf05b4cda1d1095f5074ee0e8b7d792ffad797193e38b9601d3e,1fba60ec9d788c6d958cbd16d73d5a37c81a8557b2e18ea7b9f9cb4389513c1f,MITM,1
246329,XSS,0fc7ad18c04bcd5919563eb0e667620d90c02df9c0ff16b60cfa49454474a81b,f0727c28f03c8a722c4e65d674d895d01a0dbd3fd78ee37bf57b1c9265f8f643,XSS,1
246362,Ransomware,f0894075f7399cad5934adacb9f216bb5e9e8b8efc4c650319441822f9197728,8b8769b55133d61bc6ab7eb3ee94ef210ee970dc3d028235e3e664094e54a086,Ransomware,1
246429,Password,e764ae3c1fcf30bff0c345d823a696544cd7453d52b23092fdda3c4117455659,5686b130a8499d5f51d61e2ed74bb21be2ed3e9db54d128caa6eba90df04dd21,Password,1
246505,DDoS_UDP,30c7e838ce841ad4505368e1b089e580d3da2abedf84b0f025c0a242b27bd498,273fa03df53787401ac4f67665650d42d904ab39a3031f2db327ec347c2cf450,DDoS_UDP,1
246698,Vulnerability_scanner,124828c7aaf2398c80f0c041b1933bd00ca5be4760d7c8129f5827955e0408cc,9ab426a6f10b55ac1638e0dfdd2048f22feea0ad49a2a70c907b75bafb911559,Vulnerability_scanner,1
246770,Uploading,af3c2ee0c5e140b184b54eff80cc6c94f9d1e20cd6f9043ce5fac94c7a9a6429,b506cedef2e34ef523f074db21279afc1d7155cbb65552440d48bdd6b63600b5,Uploading,1
247050,MITM,bae42f1c3f3e5950c0743d0d59f28114d7ed491ee31a25135a6d1499d6732e14,30a4cdbdeb117e033080216cfb416bfe482ec31c27d733981afeee213a506e0c,MITM,1
247191,DDoS_HTTP,0cef66e24a92c3541b22b3271b733468711c1326647d95bb22f5ec5e7241a23b,eed4423164311f711c997767b96e5fde2f003962df5c915aa7c9754f88097bb4,DDoS_HTTP,1
247299,Vulnerability_scanner,507f1d288935838c97c6eb482b2f04314db79eae9ee8994e5b5e85689c5af653,31166a0c974fc3269b3205a42655b873d3bf5404d57cae9e6970ac4db7ed65af,Vulnerability_scanner,1
247364,Normal,b4ebc0d6ce1e461df431aad6b19792caabf0b4926c9c381100c8f844ae827dd8,fe0c28d0ae115af315a6d8929302c7f5df077c355303d78209a4e1a206c0ea50,Normal,1
247477,Port_Scanning,26c2ad6202a008fda6ca6bcea1bc56937eaab4e3fe075ea904a627511c63e94c,d9359e9a849c582236920be152a72159b27f43634b60938d785011dd03d1a0b8,Port_Scanning,1
247512,DDoS_ICMP,f3e0261a0f44f33c88bba06c2fe43c953f2ce7e33992e94ce05a7961ee341e1e,90ef9e5fed0b0dade95d3b3a9cd1672bba828f320c704e2350e9a60cfaf59c5b,DDoS_ICMP,1
247516,Vulnerability_scanner,55b0fa1aaa5b3bcbc398b2a17e943327df1c557948c84f993f02b40766dbf61d,98f601cea649b6af5477e71b263e25fcb35b70e5afac1feaa0aaeb839ed8fb15,Vulnerability_scanner,1
247610,Vulnerability_scanner,cddb7018dcf8618df7107e7fef05a544fe601936ba89f9e0a6d88ea74f6cd788,595730bfb5047a1e99aa2ddb0d5878eec8325a30355fcfc010ae0e70c3cd6fe9,Vulnerability_scanner,1
247763,Port_Scanning,3342f7279ca4ff12f9c4e00c60043e5a84b39b5ec466843cfd036c0f840a989a,fa37afd6d5fcaea3631185ff52759238efc33ba1a398851233a0e20746b0a98e,Port_Scanning,1
247794,Vulnerability_scanner,ba3758a1aa8ad30868d106255888e77b174e6cfc938dfb4e1c9425c62dbf678b,bf2855a3cef86bf809a0ec92a8c14781d1d7d754b6d8a9545720cc9db921621f,Vulnerability_scanner,1
247843,SQL_injection,eea09d7c38f31d4398e3692438d2d7c703b1c2928c354904bcbd734a0a40c8f0,47b5d308be269f16e820f0417fa703208851e988cf098de9d36c208256c1a4a3,SQL_injection,1
247891,DDoS_TCP,c2060122d0f1d899fea04c5b7cf4901cfcb23587682d5f5dcc809bf535b700b6,5338ad1fb4ec9d521ae0b16b6a1d496345698a03336ceee3551385e077318277,DDoS_TCP,1
248050,DDoS_ICMP,e7f437e8995b1a1989fa8049838c364b4ebccd0fa76818a9271449fccc4d6275,76be4bce6d97a1f84d5e7791be41b21297b49a4764dcc40fa23f732f8d76aa9f,DDoS_ICMP,1
248105,Ransomware,ce590c28b84351ac53f90d851615de0a87f12238a394e9d4f92e9cdef70b663d,8d0bcb2004f4e16217f62d305debe4a3142edc254133d5b99d18db1422ff21aa,Ransomware,1
248152,Backdoor,c94ed8f30281c43a824fd8056fa69e487ccb2eae72dbd175c8450b39fa693d71,799635b400ddd6d31ea9d96d23a8445df6032e2bb8ead17f5cc2a379144523e2,Backdoor,1
248177,XSS,644cef590eddfeb9358f4ff1914da4d0f830137840e3a2847d67ead95fad3ed5,ff8fe74ba833aa78c0c4f3743bf65f77d73181798a8812cbc21e24a71cbd2e7c,XSS,1
248237,Port_Scanning,10baa7630f5baf826f205ec4bcd900c1a49a4325c1b64b4e08a361696bad63ba,29427b6d44a8fc31994790ec79c0989ef29285b6fbedeac7d3a3cc2f2c46907b,Port_Scanning,1
248472,DDoS_HTTP,8422d5dec13d25a84e57cc8f74e9ecac4bdb995063beb021078a089ffce1b076,9a477995afa697cdfbdd7b23693b503cb0f4861ed3afa4266eb6cfe0f88f363c,DDoS_HTTP,1
248481,DDoS_TCP,1df0ca268475f5f92867ca45a4350e007dfd91b087b08db1f25383fcc0bdaf55,f804b7c33fc536f03e7243ffaca26492a2f02bbeb2dc844b167eb9f7cb12e2e8,DDoS_TCP,1
248563,DDoS_UDP,c340a5c5c2ce7cc7520b4caa8a98c9ae91b1279e10be7af8db74fdc84cf265a6,03de725f5cb108c519afc7a0b33cf2dd0b0054ca90d4dc681e6a3f21d6e6e697,DDoS_UDP,1
248570,Vulnerability_scanner,822fff1d216c8dc2c1bd8bdb2487483db74735f28201da2f388699170fd1a8a3,2bad12a8c2275c2cc3ec8ced4d5bc978086f55e29743deb36d30440068997cf8,Vulnerability_scanner,1
248938,Fingerprinting,f6a5aea9901139871eb5ea30570d6c56d35791ef8ff0b2793277334a98b3f0bd,0c9b8ee6d7462f93ca1089c93bac8ac8e610de7b1e2e6ea1cc85817e83a18a12,Fingerprinting,1
249039,DDoS_TCP,6f1f1ba1070c9ceeb9c446f84aea5d166ce6df2f28e8acb76569a04ceaf6a400,1fef1ab3b4eed7b1f9df5906426c6590cd1a003657338962de16b2146e4c6e24,DDoS_TCP,1
249067,Normal,99b794a9c05ff8cf006c4b1bbf9d92141a6a6e96517d15f34bb09b7c861e5853,3a5e8b88af9069113039e6fff6335cb781d5ca78c45edeff0d59600f0d152604,Normal,1
249078,DDoS_UDP,3120596cb0da08bce3343a5f5fd74564b0d62862698b2f6910f71c2b43fb605f,5b3407cc43f131965c0b47c5a231d04ac0d3070eda6971ab91e2db8061a6cf5c,DDoS_ICMP,0
249132,DDoS_UDP,6a42e6bd8c3646e876291ac5d3e5d7a4e703427c663a338703442e2c943efc7c,bf6a974e7dbae8bad4260b61b39b1f41fabcbcb8a8dc20fef7b500a0fbdb2bdf,DDoS_UDP,1
249264,Normal,b404bfeb38f4241a787a3e89b46afcb5e363dfcc387d7a8dd4d09d903a03dd47,ffbf5805f08ef5174d3d6c8711140f1b6214975709ea5a9584cd26e69b8c52de,Normal,1
249314,Vulnerability_scanner,351a6545c52442880f636a66bef21065ff4a4323090baff1bfe72142281717e6,ec6f6df6506766d97a76887bea7619cda39ffc950cb8c57369c10fdf36027198,Vulnerability_scanner,1
249904,XSS,b9eb7249b4163cecde0e0ca8e6b577647a7dd0d53a53f96ecd4be88f974d5859,ae90209b619af8bffd1ad461c8a7af410f53fea9185c87613de82414afbba1cc,XSS,1
249961,Normal,726613caf89d040bd48cd55b7db59310c164538fa55b42d24ecf95151e41a647,fb136b93e505a50c57b8e4ddea2faf06fd4d057ec74b720cb1421ddb352b0573,Normal,1
250051,Backdoor,a4fef22cf3d9c259d659f1e22b2e0f2923837c9191a78f56495dfbb32af87b67,799635b400ddd6d31ea9d96d23a8445df6032e2bb8ead17f5cc2a379144523e2,Backdoor,1
250052,Backdoor,46fa5bcd855089603748cf89af38872565282173632ca0b939c6b1fc069e44d4,1cff1a1148d0e4ab078982bc06106b1a4149d1ab42c1341078d0dd3d7b403cdd,Backdoor,1
250129,SQL_injection,e5202886c61a2267e0deb798e661f3a4b5e03d4916acf450ccbdc255705f196d,5563936b4d0cb94800f05412a0e9a0f5a834985195244214601688df44f2b86e,SQL_injection,1
250341,DDoS_HTTP,aee074251a51b42be49d182be28a5430bff5fa94a6eada52debcfd8b32fed6f0,ba259a57327488354bcb8be15cee6d4e89cc9faa5d27ca8f747b6ba0d0006733,DDoS_HTTP,1
250366,Fingerprinting,ff6e7d8d341a7121cd540033354751fda47b9a72b5605c66a16f601e5da10ef2,0c9b8ee6d7462f93ca1089c93bac8ac8e610de7b1e2e6ea1cc85817e83a18a12,Fingerprinting,1
250372,Password,6d7cbf52b0f4c7211d3ba39c3c91ab1d069e798cf4cc3cba1594aa6a4faabd53,764e34d1c39675ff381e8ba779d43487e6f9fe8d9f3a3934758b1e02d8eb01ca,Password,1
250444,Fingerprinting,fc688a9c3bfc91334b1e8a14f7cf2a50aa84959c810eecf1117f50fc95167269,5f07107f84d84e2b87d906b0566b694144bec1200f209d6b92ee61f510bce6d5,Fingerprinting,1
250841,MITM,a9f04806be533879ae8700eb20b098c4eb3ef13c3a863fb5e7e0f4f4350bb0d8,4e8896112e1a727b031a2fe8fb4b87119b74c450f45e8132dba75c971a1a470d,MITM,1
251049,Password,77c1802ea9d086ab44c76869719768f7db5838c0c4e1c5c3ef9c0a3670ef155e,2c8301ca1cf78b8502233e7a1c05852e8971ef856a6cce3faec775075d5e8b67,XSS,0
251066,Port_Scanning,74afd63dfac86e8130fc0263fc4e81b591e0ecd8c3db64967c4319185b3224d7,c9c3a250fe7c830c190649a02f1edd1e3dd3418f45b8e6fdc8a909727ced1387,Port_Scanning,1
251165,Backdoor,c9898994807a6e1f23af1ab42d485abd967dc7d83c0cbc172bddef3ffb70c78e,c2a82d36602d597a55320fd53d18d48f3fe46e52528f525af2d66e6481273e53,Backdoor,1
251187,Vulnerability_scanner,818441e1348e1ffb2a17c208fd461217dcc6d0f12dd775b88381d17c30280fa8,c402be252dc00c3d7279887af889d9785c464b3915ce3dd9a7d1411ba07ac3e2,Vulnerability_scanner,1
251251,Vulnerability_scanner,ecdca5d572bf33cfa88ca553c49f57dccb065f2963bca5f30ec02d22685f8d39,5bcd08e8140edeca7b50f0f827116801ed3aeea0533b9e262b62a34601261c42,Vulnerability_scanner,1
251263,SQL_injection,badce313a9be5d0c2701f35be85c1ac0b19db23009337ea6557d0db19613f08e,5932c3f3afc3679a6a276ebf8ea0635a1aaf8ef1b48fc2b43a94ac011a6f4410,SQL_injection,1
251316,DDoS_HTTP,dadd2aa21d80917da674d99df4cd05f783a4b7b36cc6095d27c7b44fbe4d1a45,44a4205283431fc5b345788adebc72c2676124eb05b4b773659635a8bec3fc63,DDoS_HTTP,1
251405,SQL_injection,57a4bead0e63dfc28523fa975f7dd4568e5e346c0236de0675f6544a1f2e8fba,abd31bd58b30e5a5c6576bda50b6675eefe4aea8b3e7481c896140c45088b7f9,SQL_injection,1
251502,DDoS_ICMP,2b1d85544f8d574a9c6a034f1358adf076f6e1e1f4432d0f100600670025b09d,d27db348d154cb8ce18bdb3b0f94a1cf83a7e63833d3b436df48ec6af06d52eb,DDoS_ICMP,1
251737,SQL_injection,c1095bb13785330fb2f902062a47fb83cfe5f371c67323bbbff0e5cf9288630c,651d010081c4e98f0406cc93b7e2d30f7f782f439f30bc3fb79e18f76fe60837,SQL_injection,1
251767,Vulnerability_scanner,47d49f278e1cc00ff80acef24b4db3319f56f0077808796754cd2dc70730c707,1413f6006b9ab8365880bc8a964469ca91e31a7b81a49780349fc67e545afed0,Vulnerability_scanner,1
251785,Port_Scanning,3a32d697e63534221b5645b2daefbf510f57aa8eb3ab770143945270f68b7265,6113aa05ccc4b0774efabdab217941a5fc20a1365c4fa3a838f3e86dfccf512b,Port_Scanning,1
251965,Normal,1c1cd01aaba3a4fb79e96c3b93c3555d116e4221ab5528553483424d7e959bbe,430d96a6ebd4c5b958b7845110ff4eec7dfeb47c354adfcbbf020e62c0f2629f,Normal,1
252010,Uploading,50e527678f1f18e9822ea89d5f84fbaf19685884f9de27e2beb43818138f7043,1cc48eb96f922b21afa344e6e1d83d7199e02d814242088a8dace67256a5b43a,XSS,0
252017,DDoS_ICMP,abcddb879008989f8b1c122a7423cb98be390e26e89d20e4f6d12e46fd663e09,a02ae338c3907dc00868b454591f72df45a550acc40b1feb252a23552a0276a0,DDoS_ICMP,1
252024,Password,7f30e5bf5ad0118638eb3d04001b1838a0686bfbecf7c9c37d657bdb8495276e,27c0c79a65ccdb1fe139d9460100202de4254a55302ab8443246e25308524e05,DDoS_HTTP,0
252127,Uploading,3a588fb67b7f2d5c841deb7b6b068467d5810e4c0c011368e11bc1432d90c3cc,b6bb3d4e73c07c8e46c226afb4fa8e0cd8c3a97066d28b476f042dcfbb9310eb,Uploading,1
252312,Normal,20adfa9802eab0a54ac2f8d802682027cf2dd80a88af03a2aeeec45d547bd97e,60fec7a47b782eb27d2794d30aefc1fab66f9df46d5cfe93eff76bdfe1cc552f,Normal,1
252357,Port_Scanning,a3913a65670419a3481bab6fb42b6e05261ba2da67e33e56945f5d511fbb6c30,fa4ad83559647645639625750e50df0ad13c1f5917d6cbe7dd2709e991f1b1ed,Port_Scanning,1
252375,DDoS_ICMP,8fa9acc94aa6306a1f536ddbe778472108944461750949bbad1c1900fc6e3ebd,843f4ce4ae9b10766f0d74379ab3c7646daf3d219f8a91059eb8d109da69c81a,DDoS_ICMP,1
252407,Backdoor,85ca32debcd400243632256f50d0a4e1124592d438e1f22f85ea1f470e17ed35,10d918ad575c17204031b59bb7cb0ffc4464b4a669694f661c4cc928858dcfde,Backdoor,1
252507,DDoS_HTTP,e1ea23c64be939aa7d0a18da384a6f8d1a1fb7c8a30b85ef7121dac562c4feb7,407b591fe0582134358f853e81dec271fdd56f45fe2157dff310aee3fa4cf850,Password,0
252592,Ransomware,bbbb06cbde30b143c0e99a99ceff59c72e1948876c9db4b88272ba4d193660b7,8b8769b55133d61bc6ab7eb3ee94ef210ee970dc3d028235e3e664094e54a086,Ransomware,1
252599,SQL_injection,2c719fd9e95be8765480780be5237ab0a11690e8d367e411802bebb905a5bcb9,f05e8a0442e5605369ab8de646816d8fdd36dc9f2b3e8998ed2fb2a38218736d,SQL_injection,1
252654,Vulnerability_scanner,bf9f713646245336617f9953456306c78cedbe14911f3a46be1a89dc876bd420,7af90ae00a7cd6a170975322f928d112ef5277f2db2e6ea16161714234f61169,Vulnerability_scanner,1
252659,SQL_injection,c77d9bd1eed54b3410c04b50ac75f8bd1bed49064dcfe11180ea4d887245e6ec,9c5d99d28a8e8a2363e57fa3c5c7c9756273708fb278d4f928076e4f5952c6c2,SQL_injection,1
252844,DDoS_ICMP,7c9734f4f844f719cd3e0d876d3b3837073719707b0afbf5ee5e765e44d8b7c8,bf277e7f8aa97b355c400840414c5fcddc89fbedd697ebf7c381eab64f8f7ede,DDoS_ICMP,1
252866,Backdoor,8d51a43395f211c9a6f9aa977889ff31501770a371bee03816c2b5535944445f,1cff1a1148d0e4ab078982bc06106b1a4149d1ab42c1341078d0dd3d7b403cdd,Backdoor,1
252870,Uploading,82cbfc145c636e56d536bbcbeb012d2629525171b03cbdd0c3ca35295b08971a,96cb764c93c71c782f02aeb129d52b212e50f18939be8e4f72a83248f3161527,Uploading,1
253040,DDoS_HTTP,54f16e10dcf9754dee3efe2566ec93e818281d5ac60aecbd093c31721666ebce,c7db2d9b3986d507296bc2cccdc928f3864e7418e5f1bc0e1600efe7c970f667,Password,0
253043,DDoS_TCP,9f7166fe4599ba28b160ccc652b431d40103c4c38d7d8e0e602e9eb6bab451cc,09c86b57267163d027c97ce44f5a960e13e116093730fb0f9d5275cb8d27e819,DDoS_TCP,1
253205,DDoS_TCP,54c21a8cd3d6361d3819aaf6f9266587cabffdfabeece37c7c4d456c2587a83f,1bb08ba1fe09696ac54f8d8239ed68c8672fea879fce1f3de7e854c5120a901d,DDoS_TCP,1
253344,Vulnerability_scanner,3c0db7f6922137d733bfd048571649575e15c54806a6a076734642b8bf5e619b,11073ef67512e092a10ed2a5f6d3b09a92104f385a8409fd09f1c09d22d25456,Vulnerability_scanner,1
253351,MITM,bae42f1c3f3e5950c0743d0d59f28114d7ed491ee31a25135a6d1499d6732e14,30a4cdbdeb117e033080216cfb416bfe482ec31c27d733981afeee213a506e0c,MITM,1
253358,DDoS_ICMP,cdbbde6345958d78561caddde2d7f32e39950d183741a3537424c84d24eb4603,e6745af500622d8c332b492d7b02b0bb567cda2082d45b867bc74b64524c34a7,DDoS_ICMP,1
253479,DDoS_UDP,26f6de49d6dcc0da1cd97a890d88c686ec7df6a9062a7a7ed88c94729c0bdd6f,a719af09540228e40e98e498224f89079f5a98775e95b1337a55056c02d0625e,DDoS_UDP,1
253535,Ransomware,df64fcabf5a8b89fa16588c4aa0b11c6a56f423d1f83eb2940ec67e5589b595e,238218b039283f5a45ee0d38f4ad7e90ea8db0b682a1f59d4cc6831d5db1ceda,Ransomware,1
253536,XSS,9d00c806b92016628673dacbc816cd0773a87447c7895d0c5e13e8651e52e5bf,a04eef6fc17bfa8ca90750a3bd89d8e3c3bbf587ebfa519d8b92eec59bc5a680,XSS,1
253965,XSS,b06d24ceb4cf21f4dd985a015fe5d2e6f642127b94ba13161dfe382156b646cb,d34533e16f8873d00b4b6827755a63b7cda9783773ca95d569b9a96b364b51d5,XSS,1
254038,Password,9be48270e6925db4f05ecc25d463f2be29f1a70895b090eecb7a636baa6ebac4,302122514372172c6edb236f640f4be7b1565a69fb4b43ae32c13eb63b6106ad,DDoS_HTTP,0
254218,XSS,87ce426e307a11102df46686a86d1733ec858baca93d9493c834614b6c346241,544eea66b559398b410002c733e1fe218dba99f5ae981283fb149d2dc61f0f9d,XSS,1
254269,DDoS_TCP,1bfcc01b7a7fd4800d176d5c6d5e5f3aa9783a390c61602ce2a20296151c0f11,3aac7f7c3a712c4319c9f3625d1728f03dd955f3802eb1007eb0d2b66ce68754,DDoS_TCP,1
254294,Backdoor,0e774762e287c2da6600866553c682fd00dd0db71b8cd41a6b873ab38668f48d,1cff1a1148d0e4ab078982bc06106b1a4149d1ab42c1341078d0dd3d7b403cdd,Backdoor,1
254404,Vulnerability_scanner,6832ab7ef10fd0c7221636268b9fa856ab85567d1528c51e972339ba2c213e97,dac6e4ef54d975f1db31005b23cc52ef758731a36f47e919b6731fecef4f8c8f,Vulnerability_scanner,1
254428,DDoS_UDP,f36217098d3444ba8d4d1cc67cb0584df3d5e1f7c3e0390d30b2e7add7afb4a5,791f810b0a80dbe917df4dea3b3ca2ee1f9f252aa895401863b4e03b7abff59a,DDoS_UDP,1
254552,DDoS_HTTP,8e8e3724d3d351219c6961089f38325d78defbc520993820a9ca73c49088f61c,54765dbaf555e97adb0ef8cfb46a2d1a66676a84aec834e4df670b72ee89c6e2,DDoS_HTTP,1
254569,Vulnerability_scanner,5a7d624bab8405700364de84509a4ddd9e9ff98c817fe2db958117bd75464de8,e2f589807776d1e79db9cfb746adc60e26693f1e5075d26e58d9acbd0d656428,Vulnerability_scanner,1
254713,Password,edb4c923065d28a41e1dc4fc5e0af67ccfa1bc77a4dd5c4f690da9bac4478ee9,6e5e06b38fc2ea1b0d8617c95b84781ecba07b19b8ddb2c476f51216e83688b0,Password,1
254943,XSS,d8b012babef69bf71ed84381708a23b358daa7e3980e03ed3276e147866985a6,8fed30395e1d86a8582c02daf7b5b6eac67a0dd8e298095ecf9eb77b2adea856,XSS,1
254982,Normal,202f719eaf6d885531f6b60ba2b3dbca8647718332a010eee8c52b4f92825eb9,9a5b912c23ba84309b72a3a3053954087dfa0608dd68fce3a32c22a5e71571b7,Normal,1
255202,DDoS_HTTP,df531666d7524ddd8cc30e6cd2bb3d4ef30b01c1a11556f003349bfb4e9def92,4050c8f3ba76edb98ebe1684958d23a1b4620f549f0ae88d5c684ab0445fae87,DDoS_HTTP,1
255203,Ransomware,890bfd3e8de26acf75c16eba93f0f0d32da9921e55fd0d8a25288e9a90901e34,238218b039283f5a45ee0d38f4ad7e90ea8db0b682a1f59d4cc6831d5db1ceda,Ransomware,1
255235,Vulnerability_scanner,c5604267874e1f54b0ca2c82c5ba792a60ca86564de1b23a2020ebb9e3d0cfe6,b46da6f17aca0c7af107c6d8757a8ea4285ff91c4f8c20a149e2bac2a1abe2bc,Vulnerability_scanner,1
255270,Normal,a022fab977e496d199ba6a72158ea808e41a360f4a6aa28bb50db72e9a5bf256,1f8b96248cc36855c50021dbe0f94728027ad2f4b899a8d720c38649e6780531,Normal,1
255272,XSS,3ef6713c3c080efddfc1e9de0b9e157fdd9a5d12413f966b53200faf0779a4a9,7146612ccd54ddb65362baea2d2be351b9bbd2001ca16e3ddf7eccd22275f6b5,XSS,1
255297,Normal,16d707a092c0b61eb8f07335cdb2ad420af435e40e61b33ab317fd192b6e552c,36b6256a5c36703a39f3421873edd55143e4c0de694ed5dee1ceaf295dd69882,Normal,1
255526,DDoS_UDP,a69b1dc2b04a7a05443170c5bc251aad16ea886d5ae0ab448d624bb9940f4448,58929ae9cc498962f24ac01c8a5cdff4fdcbf6193080b5fff3ec2d82006e75b3,DDoS_ICMP,0
255550,DDoS_ICMP,a9b9ba4ea5560ae38bac3397444d9440573c8ae4f7ac9e50d2dc62c79a3058b1,45581ebf9299b6c7cf526524330f8416d125e0247d2c2e7bfcf115ca6b6fd841,DDoS_ICMP,1
255621,Fingerprinting,bdfee36806d31d8456d3b4b5decaf47eaaa5fa0d5f6ca27ec01656996428d3e5,e361ae3bbbd3c4ff174de1d64c1dbfde83e84408d4ac8f377e1306311c7a25ed,Fingerprinting,1
255672,Port_Scanning,cc8ee612100d86cc40d71995d849ef05d69112accb2c5f3f3959134dc20cc6b9,a9ba273965b00ab247ff251c62c86195d59e324e5be4d8c5f2e8835e4c6daff2,Port_Scanning,1
255743,Backdoor,04e4da3b0c832b3912272848d5fb4dae9127ea1de3f7f571ada06105f46d2b48,1cff1a1148d0e4ab078982bc06106b1a4149d1ab42c1341078d0dd3d7b403cdd,Backdoor,1
255851,Fingerprinting,ab1645dcd8d78a2b3c0f9d876917469820d5f8492abacd2543dd9827323f1af5,0c9b8ee6d7462f93ca1089c93bac8ac8e610de7b1e2e6ea1cc85817e83a18a12,Fingerprinting,1
255908,Port_Scanning,5c787461b64d3cbfc8236f137e3b3edb3e8e55df56adfb0cc2ae01b2d1f32d32,0c5daa319eee6966cbf1c91a9285e323652c7e4efdeccdf7c76fb403f8a63dac,Port_Scanning,1
255931,Normal,45c06a62bfff59312f3b73e0bbccfe6b9ce2549883b2122e6dcbfa3e8f7abebf,9ec0f269d478c25c4f32489111523c578640b8cd34d6cffc4446455b818fd434,Normal,1
255982,DDoS_TCP,9744bbbab1fc241ad0b4b7f004617c04dd3b8487e3c8af8628ee2a0b84bb517e,afd58bb8e71eb50596fb9a54bd1e20e1e36418a636d856422b4174b8ccaa2228,DDoS_TCP,1
256005,DDoS_UDP,1df5b494204e9081a56b9bdad0ec9bf943ab8cc0ce9f74209e4c399d1c3d90e2,f8b12b7205ebdbe28b876acc3a469f6f698a2404a4949a368b3b34ecea0649b8,DDoS_ICMP,0
256130,Password,c7031e74df3d7aad886c75b769b74c30d8625717942581f157fbaf1bcb2a9ca7,82b136cfa57d8bb31a6c2dff7c1f68fa874d106e5e0492765301aa5ee5d71070,Password,1
256257,Vulnerability_scanner,e3ba78ef8d22bc50129de025b9ae6293e8db5e913239e0a3ae82b7980c5e8953,cad4d7cf9ccc3e04e82c9d7fe22be6e66a7564ba3be6d7c52477596f79291439,Vulnerability_scanner,1
256375,XSS,21e167450d08fece8f8a6d2eb3971077e0222bda9394e64170556359ed74453f,5db50c702316ee483210e70ecf09770bc09a4e6d3be48c2eb2904ad4de219695,XSS,1
256425,Fingerprinting,4762f749c07de227cb2a2ef261865e7a955ac73576b691490d249e9668350daf,0c9b8ee6d7462f93ca1089c93bac8ac8e610de7b1e2e6ea1cc85817e83a18a12,Fingerprinting,1
256546,Backdoor,d7f298bb9d7cc5659c2978d04a0206cf3d865b64e84eb45f76350de85f025d62,c2a82d36602d597a55320fd53d18d48f3fe46e52528f525af2d66e6481273e53,Backdoor,1
256697,Normal,d38358e911da352340ed1766fa2c26d350a7a34f7043609d188e08dfbeb411c0,bcfa8855dd4754b298734e08d059f0f443001c68c92da71aaef1c85a2a758ec2,Normal,1
256707,DDoS_HTTP,4ab1bdfa7f42f3528873740a96fc96612dab117599845f75c38f4dca44c648d9,c56835facf1a3e5e4e5edd416851b2d79ea7112098be64ccee385225781efbeb,DDoS_HTTP,1
256825,Backdoor,40bcdbb638c817ce5d9f8c98cc1534fd19c5c6834d67d06eb94cdee89066bda5,1cff1a1148d0e4ab078982bc06106b1a4149d1ab42c1341078d0dd3d7b403cdd,Backdoor,1
256907,SQL_injection,df162dcdd1a2aca0eab3faadf94bce87ce28ec1a20ae45b0153bf0918ba5f23c,e7364a7c0e3f66ffd8289953aef3036e3998dacddbfbd56cd8a319678dcdbb69,SQL_injection,1
256916,DDoS_HTTP,811a0746e16cb892e97cc8adbe4f038bb18d91906111388e7726fde07807d7a6,dd77d978f36bbaff1b4796f1b2429cba04bb459093c046bce48cb427c933645c,DDoS_HTTP,1
256992,Fingerprinting,f1d724812a363d2ecfb428972ee53534bcbef840c4dc455ab04ef29c06c9fc39,da6e4a564781b7041f23f9842a48b0155e921ad782c24e44fd4088f7c9f31f1d,Fingerprinting,1
257043,Normal,21959ae9a8a1adb492ba46367a27a78dee74cd282ad1da3adf97e70497cb5f22,fe0c28d0ae115af315a6d8929302c7f5df077c355303d78209a4e1a206c0ea50,Normal,1
257156,Vulnerability_scanner,35cff47d4777fee1c2753bebddfa21366cc321f3cfbcb68616b68eff964a7ead,06d7c1ce4c03e880aeba27ccac91c53fbcd8b36e22f517c48fb47fbebc40895e,Vulnerability_scanner,1
257273,Uploading,de24e64e9cd4cfd8dbc565c2f5009f92c8938c7cb5e9056c52e17923621ee66c,c90aa6bb2e5230f90adc4561788e7795923403de6938c4b082609b4c1ee575e1,XSS,0
257375,Normal,7d494b2b4a97cd77f0686c0cdd31b504dbccecb6b60c54056e8aa7e53d905d27,81a8ed998a96cfadb58c977dce9fac88f7223c30f942c8720420836b447e0399,Normal,1
257429,Normal,688cd2a12327894c4fd4bf4f7556ece005513c600e73f586f64de16d8e75fdd5,6642bff5098b5716f6ca7e08262ea4c06e91dc20fa1256a295b32ab5858461b2,Normal,1
257459,DDoS_TCP,cfb3de48fe6be579a4a61247fdf07e6a50740a4b270fc53bcbcbe01e7a26a155,bd60f5358195cbe5f7122f31aab332c680ce35224fd11c38e6b093eded546323,DDoS_TCP,1
257460,MITM,d22cdda13141a716124a7a6d66fee5b39009cecb533a43ee1b7da2fbeda32293,d1ca59a4b2348861eb2e088f5e445ef8c2c3a9548766140cec48b5647c15361a,MITM,1
257570,DDoS_TCP,1960d3185d9fbf368749540106f3c8b0521b665866ccf3c195f73f749f762a6a,ee59dbb988ed15a082f2969d9648e2ba5bd130e56254e7f79d22ddb7eed3b520,DDoS_TCP,1
257637,DDoS_ICMP,2bb1dafde52022d948e1ca9fc0e47bfdf0a03a984c725f94714028474fc4352d,b59ebe15129baf6f7f2b51603aa00d9385c8a0471545c71944fd7e74559e5746,DDoS_ICMP,1
257720,DDoS_UDP,895a14f71d4fb02f97260c502dc1a831c410010aee7154f8327c1cfebd759f8f,675ddc8301013a980ab8a2a2f62413ee048f6679c602421bd78b07c647fcc7d4,DDoS_UDP,1
257878,Vulnerability_scanner,304fc39487bfa86b89735b4bcc82b3e3ff56f8d35b29b50861265a7be997c6e6,597db9d0b2d9851c04e449dd6c7b18480a17ef5cdc88bceb13baa7a5b0f3f7fe,Vulnerability_scanner,1
257962,DDoS_UDP,8c29102d95e64627fe74b72719dd4760f941846b010b4e6644f40be0c885f91c,32556f6c29f51f67672571a35bd2aadaec25b6f3d0d23d9092fa4e4a60524093,DDoS_UDP,1
257988,DDoS_HTTP,8e046c9ddbc4e4aebc660b9e2603c12ba5c1680804c022ab3b05dc03fc88e7e6,2a831d9cfeb9c7b3f5b5f6a0920cdcd44175669ee4166cdc2d21ecd397b2b291,Password,0
258076,Uploading,efde758bb4ec4d8f267ef3f3d8cdc925e709c6b79439e534425cf45d3fceaaad,ea67a61227ac11a32ae96f8a9a7fdf2235d302f7be3da2941ed265867ef1cb6e,Uploading,1
258191,Vulnerability_scanner,26d06f2c7a45616c78eccaf38eb27b5b1ae32bdffc8646a9d7604efe2af460d6,8ba16d78dff8690108192d4805a3db40e5c62c7e9536cb679db84e37e9ffc602,Vulnerability_scanner,1
258425,DDoS_ICMP,dfc2be036a922acf63775f54f5545d9c9e6f4729054f4227bd5f1a83b760daa3,b5ec484df18662e9279da1ecc123e92bfd21a680c245d4827e333004105db6c6,DDoS_ICMP,1
258739,DDoS_HTTP,1250b3c8bcba52d5ff6897cce11a805524386aae7058e80ec511c379839b62a2,ddee9b1891f394a32aa0d06417d9092d28f2f9d70e8fc0e42af850d7590dd675,DDoS_HTTP,1
258788,Vulnerability_scanner,f69c224e4e0522555e367e93c42e6234fc7873a992313fa0122ea37488165cbf,1600a2762b92511ec312fd20eddb985f89ec2545f9747fd2f08f71f98c890bef,Vulnerability_scanner,1
259052,Uploading,4c3bd31e80006a85b55f24ee2a5d69f92921917f47534890b655259c53f34361,dc80d4798254ad4799e3f4bbb3b2ebe5de8d5d70884201d06516e381cee06d2c,XSS,0
259288,DDoS_ICMP,54aada8a66ac7682c842d7b38a8f3c7023fcd3b864219be79c587cb7026bcbc1,f218a8d0f507f5c49f35ec179b2d1155aed414f392d9a16a750d0db363e382a9,DDoS_ICMP,1
259666,DDoS_TCP,8ddea2cbf47d416e3cb82687478bac5932cc121ed2cd32f4018ba14003e3a5fc,666227222531a7e7aa074ff61601481ae3e2db245b2bbe055751644c9f911985,DDoS_TCP,1
259691,Port_Scanning,212e862c2a662334b45ef54a1cb44e72fc182cf15134fee78567f55e3da727ee,c95e22705394e4a90338cba942e37cdbd7f8eb35e082c9609fecded6c63b474f,Port_Scanning,1
259755,XSS,8f297c4fd3a0e4f31743867490b615f86fdfbf5ce711cf3ac3e5b3734155e881,b0f9f4c1baa1a4b9c41e75410e562d846fcb2057cb508509d5ef69de79791281,XSS,1
259770,Ransomware,f39a0b760c685c0efc2fdcbb94f1f88218ce91a93d273f612854eb27924d3cf8,238218b039283f5a45ee0d38f4ad7e90ea8db0b682a1f59d4cc6831d5db1ceda,Ransomware,1
259795,DDoS_ICMP,53aa0360f37342312811c9e6af830f4cab6804c71de62558805c2bc9b472cb89,5ff2afc1ba8280728d56af60921a77ca981d63dcffc11be6b4972250af7dfeba,DDoS_ICMP,1
260146,Backdoor,d1897d8fe6609e04697de29ee1d73e2a13551604844fcf935adcc0974fb183dd,799635b400ddd6d31ea9d96d23a8445df6032e2bb8ead17f5cc2a379144523e2,Backdoor,1
260191,Vulnerability_scanner,39533c3a2583bf05d4b4a25a18140b843fe439ebea1616eccd3d2aacbc508b74,15601464a2ffc090b41ab9c418e12bca7ccf218f04172492bae8d3523e5e112b,Vulnerability_scanner,1
260223,Ransomware,ccae08866a9c57d3a97339f01b9476b2a21de5980a5f116cd4d9e43e4431770a,238218b039283f5a45ee0d38f4ad7e90ea8db0b682a1f59d4cc6831d5db1ceda,Ransomware,1
260290,XSS,337a49e29dfc693d54c8e06a0898a503d3c6677a7360d28adb675331c2c4c3e9,b74493234b891e6f20a71fc3ca5373f805a40422505cc0f58a80cf014fcdf6ef,XSS,1
260304,Port_Scanning,d6caa9a423ae2ae4529f543d8b59cac4cf80b2f8d8ec77fea491ce324c724179,d251d70ae1f4cd1359a7cf5435deca8b2801b03c0f258c07d0281b79d41dc000,Port_Scanning,1
260359,DDoS_ICMP,f4954ef888fce84d1a75bd0fdb79703b66e3f778c7438f3cc7a255fadd8d644d,1dc8c27903804c05d27ed439a8b68b9af49782b9e05ec186d25cb119eb0ea8d1,DDoS_ICMP,1
260384,DDoS_TCP,df1218a0a2c03354b4b92f4a502a13bfa32b1b6fae1ed4f499f667968aa2ec28,8f27371db03561e1927a8a9d1066fe0274137ab7bce1a375a2d0162e9b805721,DDoS_TCP,1
260399,SQL_injection,7004a79e6e40ab85d7251399c7adb146c4ffe80fb6862ce89aa593b2d0ddbb10,ad205a0c49e7646ecec4e20ae0b10f03228a0e70d081768651430041db9bc96b,SQL_injection,1
260544,Port_Scanning,d151a9d9e21847b10904db50b6a573f524d1ed473bcab9836d7bb0736b44afd9,299ee2539f33747bdd4481a2722adbe542a9c914af47b0edcfa7f9bdada47c94,Port_Scanning,1
260611,DDoS_TCP,d9d9c4f308cbf0da8d6bbe7d427e6174648034bb1e5b17038bd156529ca30580,42342be44fd2968f0e87cb9e114993747ec7ba2e552d91c6f815effb10f973a6,DDoS_TCP,1
260750,DDoS_ICMP,5886d0d98361670d5b0687aa002e4c99a4c5675ba214765ebf3784fc71304940,7bcd5c3616e4b9dc3a511addf7130cfb3669eff567a8a72664ec5eff0e95c81a,DDoS_ICMP,1
261015,MITM,bae42f1c3f3e5950c0743d0d59f28114d7ed491ee31a25135a6d1499d6732e14,30a4cdbdeb117e033080216cfb416bfe482ec31c27d733981afeee213a506e0c,MITM,1
261279,Normal,18ce25d9366e5c59000256231773a0292ce83e809996b7a714d52ec4f31d9c03,74dcc3d85c9a27e96bcffbff58d7d625cd8b84483f68507e14f56101c73ccf31,Normal,1
261672,MITM,7fbdd0ad895e982f22921f88243ca0da219817b31f93241ef45a10aa22463a55,89cc3112f38bc350efe19d00e845c613de608b2596c6d481137593aef6feea38,MITM,1
261829,DDoS_ICMP,5d47a54db8d9d6889b16c5c3476db362f8dbd4e552358c89eae6e5737a5c386b,9a9829770efb6ee3f7a55f522c91ae32d0b166877646c3625365bfc60ce3f099,DDoS_ICMP,1
262033,DDoS_TCP,675e6e441797ce99828af66ea88d6bff24809f15e7bc6973f8ea4b241a89fbb3,449396e809995d5a3e49a306b949ab902b8ca6bb9f4f40d49315dd902890bbb3,DDoS_TCP,1
262427,DDoS_HTTP,b4e4ffdb6e10163d7857be996931efb760eb7936e639d186251db1c168feb403,f048463cfc9e857ebc164cf2008cdb192aa93ad23b10af79804c1f5823a02799,XSS,0
262452,Normal,14f1a8ca34da5f2f1a1eed93112748625d5bb564f405bf5dcd332e56c076fbd8,66ed3072df64f098c33fe3fd94af625e832bf5139c977660c5e8f064ce3802cf,Normal,1
262774,Backdoor,3f8b2fc37bb6d69cbcac77e30e1028ba2e8846334d71e5fbc4a3ea620d575476,04307f2539b50075b8af42314054493ba81d8e428dc79cb7c41e4dfc0c16cc96,Backdoor,1
263099,Port_Scanning,68cffbb2cb5660f7e5d01689d627883997faaf5981a55579d8f9be71c4656adf,79d118b78648cc8a70db88a17be29fd5ac9dc78f299b4bbdceecbca84d02d0cc,Port_Scanning,1
263133,DDoS_UDP,6905436ca87856160d8c395f4dd0f33dcb847dddc388c295e6ffcbcabc41d4b2,7d16e517899ebd94f3279941b2c48c2f82fcd537416bed0380e252e37365787e,DDoS_ICMP,0
263154,Uploading,6c489e1f956372c0c78a9e7f38ff0725b74310fc745ff314d54c8bd3eba4e7e4,f4a4681218e7d470db5c257cb2e19f69ab890619035674be4f29cd738d4ef012,XSS,0
263246,Backdoor,558a7b7b3254436029e98902e61ab88a51f8eaf8ea07c471db252499ac714738,55c7584951619eba19116fc19561be586e5849698f08abed1e951dd5368618d0,Backdoor,1
263290,Uploading,a0ba9158a08372faa1fa44b37a7e8fa1ef3b4ffa90a77a02cd39f35c1e11a342,512afd0192cb3d7f92574aec2b898e8ef3ae4089caf1b02ec1ada2eed0374046,Uploading,1
263369,Port_Scanning,2ac839eaadba91dca35ad779b3a3e520aaf7dfd13fd6c9f28fe97527cf3cad27,207de7d5e86114a238f12994532e0b2122c32a4d2b8377bec1cd3e95446f4d11,Port_Scanning,1
263602,MITM,b3821d8ff7cd5d642bcb6bd368b895a4d78bc5976120d79dd814d8aef0b496a5,211e0cfe1934c2ab585e6f4e87f960bd5df937459130398b841609cbc39f51fc,MITM,1
263702,Vulnerability_scanner,87c980a0ecd4738bd8303c047f3a13bed7ede78aa618b684f462949f9a01bc94,37f18063d33b265225e60fb525b82b4cb01a52c2b7f47b37444148f5ef6f0dc7,Vulnerability_scanner,1
263732,Normal,940b3930cebe880becd45caca12549c99b3f068d6db7ba802c52367abc061e8c,764142c4afff4c2b58e96387db67af898e30ffa13d4903b223379b0a9bff9b2c,Normal,1
264056,SQL_injection,ebdcc93b1fbcfde09a0d71e01cd1e28f12969baecc13d2519212ece86faade4d,b03892f5083754729fdd33e22d663326d6d9df2077acfe63e53050199e1dafeb,SQL_injection,1
264058,DDoS_UDP,6f24eb4e2d2ccfbaaba9f84144696173c85749a216e7782c2e6d9046cccf2abf,9be8223b87668c4ef5d3ebfbee6e14324fc60f451da9ecf4fa2d9a7817eaf40e,DDoS_UDP,1
264239,Vulnerability_scanner,28831f54f261876dc482262b64019342b8211ca4423b817372bce41b78f54e14,6e73ba392db9693ac72511515ca3018402e941af4bda09777a5ecbbe3c9c6c4d,Vulnerability_scanner,1
264296,Vulnerability_scanner,4fcbd5866b1d4c494df7bfc8afcee16cbd304de6aad290456722a8cc50e588fa,6d83a0a901e9f433e62b6705a3e4953132c9838237a4b822376328da2fe77f91,Vulnerability_scanner,1
264413,DDoS_UDP,587c5ae1e6ae6622c7d333f5332f398e4ba003a62b4164ba521802d772982c66,c7257d14eb185d8691ba9070342d37423fa8774ff7a96b6207e53f2d13dceccc,DDoS_UDP,1
264425,Password,7bb1eb3b2bf607d97d3f81e99765d7677b3d11377f06c44cf0d7b72dad050a73,cd210b9a6103c9ed578db07ece80bdff031e06ce41526e7df3fee3a315bc1a39,Password,1
264450,Normal,6989dc005332417da6b194e22522dec79c9c8b3af4933133e1a35bb69e1795e6,bcfa8855dd4754b298734e08d059f0f443001c68c92da71aaef1c85a2a758ec2,Normal,1
264511,Backdoor,b7c4e2099d4a09233d58995ccf32bd5b008e1faaca4bb8eec1baaa9f476f2d70,1cff1a1148d0e4ab078982bc06106b1a4149d1ab42c1341078d0dd3d7b403cdd,Backdoor,1
264525,Port_Scanning,de380449a938c56d1601f3152e884682889c1418e2df0bff72d22ff3aee74af1,8169269fc12c7e548cec1a1a5a7b1f4bf04b09aa05debcbfc4bd908af86fef8d,Port_Scanning,1
264541,SQL_injection,3b874f47b2b173c158386b00554df57242162e8bbb2839470e175efd6510a304,71c664c9aa0a961c134b523ca7b7ea9149330690521d90b291e2b01357d3efcf,SQL_injection,1
264571,DDoS_TCP,ad5beb11f7acef36c521ac9f061f0eaf5aaa02229682467cbb33e8aa4749f3ab,be5a763ea08fe4729cd0497f97dec7272d70143524fbb909e3751286fc872f42,DDoS_TCP,1
265057,Vulnerability_scanner,4f0c65d24cfb76f27a1ebb7aa6b9fb339054bc2c8936e8cf18c4d6982248014f,a79be18edcfa790f41e53564e70431cbfd42bea539083f491ba2fc1082e87aca,Vulnerability_scanner,1
265222,Uploading,7ef08fc226505a2ba4fc94510c73dfb31b265abd9a422a6004d1a706617114a4,f5f5cb9277424f5e672e3984eb436590cb79e7daaa3f4eecfd1f2e576013e85d,Uploading,1
265245,Normal,881f2625cbc1738fb0990265fe3cef5a6fcdfe53bdbd47e63a3202538f1cf8f3,eab1fa3a9f14266eb8935b13d8028137a6d1875d837cc111d72839eacd38a6bc,Normal,1
265281,XSS,74b731703db6ae64f517b4a5e8f7d90a1b680317315a03e2bd864fdccf526852,2897d951fb9aa03cd53c339ba90d9d5f0f65599e36e6cc8e0f84c3ec431a757a,XSS,1
265320,Backdoor,1498703f88ace788ec09eb16e9d6bc281d0067a24b06f2dd711d2803c6834b51,1036d3bef011273a465b2e011e141b71f0914016dce5d88e4ddedda05338ed06,Backdoor,1
265325,MITM,bae42f1c3f3e5950c0743d0d59f28114d7ed491ee31a25135a6d1499d6732e14,30a4cdbdeb117e033080216cfb416bfe482ec31c27d733981afeee213a506e0c,MITM,1
265327,DDoS_UDP,87b870b437f8d997588cebdc3c66e9040e43cbf355beb23b1a4db89030910845,406807949a0a0a681a8c5e3ea12aa2378a11ca87a09143b6944ccc47eb2d578f,DDoS_UDP,1
265548,Backdoor,1de275f3927a5b5adb581e1055f48a9711056ae1c124f20a8c74d60cd1008739,fa6df089bd19511426edc1bae8aa476babc04f3bf650f9efe875f1dea44bd299,Backdoor,1
265673,DDoS_UDP,a1e9ee820a3df55297f37e73a36ba51a99ceb4cd990e4669666cdb08466c0f75,321efa3ec9573a2f5dda9801323ba1b9048244622b34ccc9eedab64b2f0064ee,DDoS_UDP,1
265890,DDoS_HTTP,e7a447d9ab82aa547514be434fbec9375b2ffcd9b1377a5590a412f86db4f75d,c78ea901ed5e81bec87e8fc3b24d3aa756aaf639c86530699fcad2720a1f8636,DDoS_HTTP,1
266053,MITM,2c16fbcdf9ae764396db726e85d88d51220c895d6cd2d13557118654b1435d79,f16f93b86149b5877d6393eab597213a591e2c77ae1c20e329fcee0d15aabffc,MITM,1
266064,XSS,f53dc82b30a0a797461d8fc5ed3b1bf4d0301005c739165a1de56c017cf3b479,9bc56b34c8a1082c8f06da55c1cdf741dfa46771e90bfea36ab2c14523f511c2,XSS,1
266170,DDoS_HTTP,1e986fda528bb9b0eb134fe1db345c0a4da3b7f0e4982ca5b6801f31cbc8ad81,65427c3ebfaeeb96819a63d4fb8c50e5339e546cc5270944f6c3a9b118374f12,Uploading,0
266193,Normal,cc9bac96c186e6c380d50adde383699c454dbb1a1090776a995490b3adda7c2e,c2ece88cb0acf6daa9d7d74aaa7ceb1ee91d8d715d82fb20d34ffdaee903e836,Normal,1
266213,Port_Scanning,a94719da789fa1f86dbba095803b661e28c1f4d1a1c9d710e31f9e423ee38244,f3b461a7cb630f6878f12a07519eb232229c0ad9cee96fb18a5897a7881f67ac,Port_Scanning,1
266286,Password,b764ea0a7b3d1b34d592629d78e0793379829644155150ffb65a01ca92786c32,fe13288b95346bb246cb0c1cdcfa32d0460bb3f9859f027d952212e6e77b3004,XSS,0
266294,XSS,5d1cc35b784b30af84e13cf8281f8e2211ac4c26c6eb9d0c88d24d76e50a756b,2897d951fb9aa03cd53c339ba90d9d5f0f65599e36e6cc8e0f84c3ec431a757a,XSS,1
266334,DDoS_TCP,93497214160eff317ce31ce327145f3f434d2317025aec4be2a0cb195a0d9052,0924836389e44ca6428ae9cae360821546c54dcb7dc8c5a61a1901795216772c,DDoS_TCP,1
266489,DDoS_ICMP,e605670c5a6c28320ae7c99149d7485416fde762be13af47b4c5a36aeb027336,e4cfa63c9685a1f1a42cebe13ae6d6c62465f7a4e52db22bf38bb53104891f91,DDoS_ICMP,1
266608,Uploading,c87cac06ffda956e76ff45e7f1af4089e85c26632478e910342cacf4eb34dcb1,a3e06518ceedf154ff3e7f75332cf310895c294b5f09877c45e2ee3ea3b11f80,Uploading,1
266629,Fingerprinting,0ddab884b0931ede5846213a2499417c0029f89bb94634ed2aaf2694a76afa08,0c9b8ee6d7462f93ca1089c93bac8ac8e610de7b1e2e6ea1cc85817e83a18a12,Fingerprinting,1
266753,Vulnerability_scanner,f45a1c4698c880280baec80573ab0cb2b12d2023d9cf0c889cc9001374d8a5a5,ba1257ba8c38a8518f5e7ee16e863acc638fcef79c5b6207a2a95f267e46dc3c,Vulnerability_scanner,1
266976,Uploading,7a9ed9cd8b5c2906ba75cc93843d2355ff7fc3c9a5b111d9aa488c8c25a2f756,6e607d461231efb7648071ec5e90205fcf810bf31a88440aac9c3465d11dc3ea,Uploading,1
267237,Password,0e5d272cd88da28955af5d7fd71e6809229f5790cfa08e1fe9549b2310882423,9aad5e112c62944e7e8dfd91a61df2b5942a08f2a9e026d160bb7acc7c2262b7,Password,1
267287,Fingerprinting,810c90a56655bc36132cccec0355b34838dd53135d7418ce7cddb6c1cd6c12b7,8900fb89a9b9964241d70a198510e76b3493ef674e1f7edcf238434225511d5e,Fingerprinting,1
267397,DDoS_UDP,1b7d4d5e2815e010ee73b134be7ec102a74691d9c1d55691d0eb6eedcaa80a5a,85668351a7b336fb8bcd4733508fe6f91b4baac4dd9b48f7b56b49240d2e19de,DDoS_UDP,1
267579,Password,5ce4dd58d8662a356cf11e1afc5ba8aa5f5b4149032f55bc372d03b0a6181e79,b037fbea437796782a43921ef20579c9960c6e161061d9295a0767c2c3b8eb12,Password,1
267586,DDoS_ICMP,4c6f28b9cca7052503c7476c361f86128998ae93916b041b03039dd02a3d3084,b063fe2d5e59f7476764aea431666c6aeb4c33ba508f7b63a7f7673db2b99413,DDoS_ICMP,1
267627,Vulnerability_scanner,bfec8e34f1c685fc251783f8fc5a47f4f54bb254ef12c192a86845f6f1e4a41a,257cc84e95db8a0d0b58ddeec9c1170b597337d16b9ba56b9839161e45e9f32c,Vulnerability_scanner,1
267666,MITM,bae42f1c3f3e5950c0743d0d59f28114d7ed491ee31a25135a6d1499d6732e14,30a4cdbdeb117e033080216cfb416bfe482ec31c27d733981afeee213a506e0c,MITM,1
267718,Password,081bdda89837f109b29076e8b17487d592300d3c797710beffaec85cfe8ecaee,34fc0910a68d789e7f6dcd8d35a07d7a19dd9d059f4cf1144a526238992fc53c,Password,1
267753,Backdoor,391ac7f2fc152ab5559981aa8e6cbb69a0a163934f88a35550eb08fb35a850d3,c56e13e473d3458c77822d74e35f798bc2fe2c6b4834e168d18a2ce73064ec3a,Backdoor,1
267940,Password,7b01e1c57e29c1819aedf1fa99847f1e47d6a251e33a0d16d7a6aeae7e1b1795,711c196eaf692c63c8780d0a80f8b94c9f078d35c27ccbbeaa4f13d3aaefc9b9,Uploading,0
267957,Port_Scanning,b2ce3835a97b8e395dff349042940c34714479fa0e00190b087a50ddb51e7f88,135cf1451c5a18c13c6576288261e5868b0be4493042446f3093d7c4a13722ca,Port_Scanning,1
267990,DDoS_TCP,9d2aa1bd02b4b2a1b3316f8f7911379fa52db04556de2b0d2bfe0a19e768da58,d686d0ddd624569d1857c51167c5115a320e8398350841b1277ed637e3d6aaf7,DDoS_TCP,1
268130,Backdoor,4b6fac42a959f82980decfa3100d28c950c4f1ab61b069b37a8e758db3d93080,1cff1a1148d0e4ab078982bc06106b1a4149d1ab42c1341078d0dd3d7b403cdd,Backdoor,1
268398,Vulnerability_scanner,71d0f9d8b647cd422a166de187bb04f3b56380c686ef71ef47dff258a7ed70a7,d24c1b2f198b7a5192b6813519b398128388c2d5151413dd2170d454bf789921,Vulnerability_scanner,1
268542,SQL_injection,653c1e6086722099e0b3ddd760988ef0b06e59e349e01de7bd2ca781c19d99f3,f870d028cdee9471092d45e656bfd59d7795b545c608edaff2fa9c993e981ea2,SQL_injection,1
268559,Port_Scanning,989175718be6f680b866897b1299b4260e7dceff30ae443505e2a05e8b616b69,fac1aa41753703a9a8d2185283d8d11354051eea524bea114cf9b1c6dbd6ad10,Port_Scanning,1
268584,Vulnerability_scanner,a204611ac4dace0766239c5057a7ffc6d30eb8af268feb525fd0693fa4c7d815,9ae329ce98d577842bdb4d3420d63c4d8c6823f81e5b7c617fde9032272fdf70,Vulnerability_scanner,1
268685,Password,49d71cf7fb067b8babd815b9a866cd7de3cbd3cbc0bc38685c3a2fbf88f81967,e8de876089f9ad81c6f8d8abcbd34edfd42aa2bd23ac1d41a81e772817a230d9,Password,1
268707,DDoS_TCP,553202d5f474d207c5f81e844a9414d68b274070f9ffb57bee73c895e8dbdc88,855471b230ce7baa7f2e016f68c2bea7a3ef3c5d694f7fc412288c9da7d00ac0,DDoS_TCP,1
268827,Ransomware,f1c825fe6246e7d6779d4607191fa2599018de93c5d896483f648a69aded80ce,238218b039283f5a45ee0d38f4ad7e90ea8db0b682a1f59d4cc6831d5db1ceda,Ransomware,1
268828,Vulnerability_scanner,2ed1b1506a7869a529dd98ed7dfca55878fdd7c4396400dc6344f07680eedc3e,14e0d939260ba09edb1611a0fa3ab0b754e970ee360ddabbca44c1c0958c826e,Vulnerability_scanner,1
268909,Vulnerability_scanner,0aa845444fdb434f7aa7a7ddb7a762d7b9f2df90a91bea5b1b4e3918d81d2e6a,3b0193b694d626cf53f41285a8e108f4fb26a8f0406ef585c9e59683186c7312,Vulnerability_scanner,1
269092,Port_Scanning,8a479ced2daefb3f7eba6bb1a6165a08a6dd06d1d7f9629b07f80050c4f32683,1e65df34d945abdeb50b99f96c31bdd6a282fee9a34c62fb74a4eb2bd9fe0c15,Port_Scanning,1
269255,DDoS_ICMP,b2d44ce698dca9cf0f7e87280fb670dee7dc12def64658320463a961dd11f14f,a0e143258c8fcd50e3a90477655b9699975c7213f8662189ec23cdc61820b6aa,DDoS_ICMP,1
269267,DDoS_UDP,4fad0a472fbc79db6e3fc91a246f87de89e2b1a8a9b4ebc25ea7f2b791f1844a,c791a98da2ac13db2fc617ee6973c5b045820f35780604a40291e63ed0ab7677,DDoS_UDP,1
269315,Password,cae252f46617f9bd39b1c76f1369b78c00e30d16f03cbddfd00e25df037b69ae,4c06fe47a4a64be12fb140c06945448b23aab65431369d839bc54f935fe30a95,Password,1
269411,DDoS_ICMP,4de8ada864a8c81b145b7137ec62fc01fab7b40524e77dbb1eea66bb4159c0c0,752ae8a89dd64581288605f4a791cc3c07a7d4c204383a8bd354e84c71b5c228,DDoS_ICMP,1
269520,SQL_injection,76ea8728226e6e01273677de407cf779d629c0ca76214864a35b8ae0333bdeb2,5fa7e339a4fc414de86c5f555679a69df04c0626f67511d65b974d8816b10588,SQL_injection,1
269529,DDoS_HTTP,a93595349a4d06bd84a2721f365bd3ed1fefa24d868702247bd7c72794a3ae2b,9e009d7da4dab6591f32166c572bdb617b66d1fdb36dc9c01792c1f21b66b9c4,DDoS_HTTP,1
269571,DDoS_HTTP,99750695eacf0d0d26fa8227ebd2daffd12bbe9bf072028d8340b7080abb83eb,c113422af033fab844c544d19df2ae800d68a813df0f66e157ccc57cc786be29,DDoS_HTTP,1
269775,DDoS_TCP,854192e38de381b661c0ce2604fae07a2c08a664e347142a6927c800ceb2dcc8,af49e2953097f615c92f003e57322c126b5c5b035d5a4ca132e7cedd86b9970f,DDoS_TCP,1
269792,DDoS_ICMP,53427a8bcb6abc0e292f6264467b2124c87c63a574074d4a804f58c299d64231,c3ccd9cec4e8170682988ec59a9d5fa42dbc13fb6361c3d8553b4fa6fa99d97a,DDoS_ICMP,1
269838,Uploading,efcae76cbaf30b17f408ff01c90f25ddba5c58f9ae97af895c2096cfacad2c4d,9a326fbb9c130551a8cabb7e5028e09ab3b86892237396ce94878e805ba722a3,Uploading,1
269882,Vulnerability_scanner,d3eea9bd902f1b0c8a64379a8a5a45e7e7d82051a02a668ea28df045a0ece97d,d9005089f6babbc70e7e5163096ed79d25daeca7bfb48499b44a468675978cc4,Vulnerability_scanner,1
269932,Ransomware,30b09b2faa9339964b9d79a3b1459d6897cfaca0718a0adf240f8380973a1467,238218b039283f5a45ee0d38f4ad7e90ea8db0b682a1f59d4cc6831d5db1ceda,Ransomware,1
269980,DDoS_UDP,e5c4514842223ec168d0e14a4ce9735bf66663551f02c9aaeb45e9d9498bb6a1,7c8badee2588abe2dadec3c4bca6664602b4b69a57ab0c610f2b754103b76729,DDoS_UDP,1
270009,Ransomware,75aab7d138dd962ce038bb0130a365a062fd4ec3710d6a0286773c74cc44953e,8b8769b55133d61bc6ab7eb3ee94ef210ee970dc3d028235e3e664094e54a086,Ransomware,1
270292,XSS,9184f00e3cdc23e46ae9b764aa2591e7f3bf83aaaed54dfc32ed34ae159d228b,c48664952775dec805ad4624086b8397bf9cc83aeaa44074572cc6d613dd34bd,XSS,1
270432,Password,29c66cf730b28e6e07b38239e544ad5869f8e33434b2cea9ba8e0827176a83da,89801af8f0efce03013e553ee216d61f8d8d08cfd99628ec0d73b4d50cf4f51b,Password,1
270516,Password,f4e2bc5e2edfb072f0e93ce669b6ddc15195094078d91b85bceb3223a79c1a96,df5cc23143225ecd4f59a60656ac4272e3df04d8e289461a75fe80c2f2f58659,DDoS_HTTP,0
270610,Uploading,c1216950b46c183967bc1b4149d56bd189d7e89aac5ef6378b05cd7d4c10beb4,421579217421b7926c9b9dbbf09471ae8b786e49a9194f1ab413f3ca12c26936,Uploading,1
270791,Vulnerability_scanner,221b1ca82c80aac172a84b6e3d9cd7c2f2399b55dc1cba0ad3b15d6264fc81ce,55ba77c78fdfa23de6a52312f68d0aa081308713611add28a32bc632a8dde2ad,Vulnerability_scanner,1
271006,DDoS_ICMP,8af57213e1b345509ef67e003bade8aa7e5f97aa0720b2652506a93dbbaff28d,081ad3b756922b04efcfd44cae2c15162a092cf39e27cc5b4797db2c05aca6fc,DDoS_ICMP,1
271075,DDoS_UDP,cbf15f70bca0e3c8cd712d9e4a7f0a0c862a411645910bcc6e531862d57ddb95,7dcafcfc76685ee194491c2e921c444a1b1abed403bf9f3df09f41e99556b3fe,DDoS_UDP,1
271104,SQL_injection,95b763a7de2e8a6a5871ebdec0bd50a648b4f23bc9d5bdbd85c4c1c1ff3652ad,db2bc8d14b40df73502f09fbeaa526a70ba62c44988c52f9ca34d2bbe5ee08bc,SQL_injection,1
271317,XSS,53af218ae1a274c180179cb0919f8dbb39dd6ecef8cd4bfacf746feb39d00e83,f6eed793f52e1f54c6ef02621d5760f23a8ec2e9aaf06cab874b6a6667d557b9,XSS,1
271405,Uploading,3d7b0b39d4d1fb9d8694bebdf5f184c69dd1cfae08b9011e585ba8e557441515,36d6d3c8f9260037de046465b713c011e7047a7c9fbde3ce76deee4a8f6b624e,Uploading,1
271465,Vulnerability_scanner,9e659bc19fea24a18815bf7b04ad625f103b263c257b14e18b819bca51a5b78e,913dd8d4dd238d9e6b82a99882f4c251a8a915a0a0dd349718888351a8434e7d,Vulnerability_scanner,1
271641,DDoS_UDP,2d5641af294d5fa2359d8b6a90be4ba59fb026def363ef7032615847bd164a97,9997aabee30b5fb5d0b2a99a30782353e12082ef2f9c66827ee86c2a24c3883f,DDoS_ICMP,0
271882,Vulnerability_scanner,69a23402b1c2cdadfd9c1d064a24e1e6768a380fd6885559297288b66149141e,58b9a71d147d17593609d9aa9d2164f68e82fcb27686b13e9e37233bc64ea8bd,Vulnerability_scanner,1
271915,Ransomware,9fd9135f035ded37820845d3ab32a8e2e55525acc16c8357dbdfb8c65418138b,238218b039283f5a45ee0d38f4ad7e90ea8db0b682a1f59d4cc6831d5db1ceda,Ransomware,1
271980,SQL_injection,45d1bc93733eaf208a5b3862ea36b5d5451702f2f69fafd1975d9c6c9409ebd1,269034c9d3ef485a01cdb6c7314756700bbd53c07ad37e11afcc4248ca76d88f,SQL_injection,1
272031,Uploading,1f655d10154051b48045165e62b811f6b703e02e401c417902dd5fa021b4a326,f457413605b730747bb6d4ab18249b5e1e609d4219970ef91e5fa48c22f3061b,Uploading,1
272089,Password,86b6b38790a46150294da6072f2fe5d75c3fb1579184d7bd47ae731acf55c0ac,b8cef40f7489e6f1727ed0f68b81896c5669f36b57366a39ea861d60db295a9a,Password,1
272286,Uploading,0827dcf7d6f443bd134e4ea988b938260b6ef2946698ec849c83bf9ac3969c76,97246a7506ae4e0d0d993796ac66f56a653692713eed082638c5acf83ee4d939,XSS,0
272399,Port_Scanning,53f3527efe25ed0bf05265aa89ced60f47f6fac374ca55bf6f916e01382195d0,a5677ef4cf2fe2eff5919bb56b5ea9018344902c85c82f2b0956150e56ea67fe,Port_Scanning,1
272400,DDoS_TCP,265ca137eb2f265d73161b006a873a634f4420125f4146965d542c4b15297925,305d0beea3c7fadb3b4c4c3e6e95d118755064d10fd0637b4984e64a7df4cf51,DDoS_TCP,1
272619,DDoS_UDP,59100fa790e7f42bb97c0ffe29c87277ca9f280112b0ba7890b13e9d830f2a11,09979e389ebfb5f35e454e201d74c08a8467bf8fbe4e3e5451192a962e6a7647,DDoS_ICMP,0
272644,XSS,76c2394ae522cedb434e7b7f7994c3a695920fd56b7cf931e53367b2ccdce1a3,7aa1a480a0997277f844118037849d02c096755780ddcca3ad0b1691ca7cacfa,XSS,1
272698,DDoS_HTTP,39b958ce11d61755955082610adcd896396ad140ef49fc328a318c3046bc371a,f8fab74dd37a964c35be017ee0b98ccfeab8594555a6b1392c55c550e46f7462,DDoS_HTTP,1
272826,SQL_injection,4133f3169a65dc63cadd1c84fca860dbaaffaefff094fa71ada22db337b75e45,5a1e944b6d0aed142eb642151bfba8c965f146402a324f7c04874a59f0d3ae08,SQL_injection,1
272839,DDoS_ICMP,cac533361719e68f3181561dfee2c2a1037b954eb21185e29483d400fa30a6eb,179ee29915b30926d7ab257e89cdc120d667192c7bd7a52107c3669055f9bccf,DDoS_ICMP,1
272966,Uploading,b9eb9eb280aaae6539da61139836dc6846d9c6a442e6ef07b2b06e625039215e,84597ef2c76f411315fcaa285f4fbbb542cd908b3a37114b3e317a143ab506dc,XSS,0
273008,DDoS_HTTP,44e1ef4f92204780398ee1cb2afa2a53f0d8592b818cdb33076479fb056814d2,09d2ae30b16587dd0a7a8ca5bca6aaa492c8ecdffb268715d002580d9c550c00,Uploading,0
273207,Uploading,dce10babef958278696189b96c04892a7fa8054440f335e235eab9dd7787346b,fec1435803ad98c99e2810676bbff1791abafa988b3dd9727e1b26380edf2946,Uploading,1
273455,Uploading,a072ff697a36e3241f8e6017325bfb8af6d3119a094975a1c45bb79251618927,8d57e449e7905dda9c9be73405f5c7f66f50dc2a0ba8bd1d25aca2d85b16e56f,XSS,0
273493,XSS,17695dc4f353d166c497087d07497d8994f07202a4c7ed3adb967ef2a683e90d,4093a4e83b80692e43d954e805cf1a8e7685b69212dd780d56245c23cc036872,XSS,1
273546,DDoS_UDP,1ba4fcfe05594196f3f4ecb35817182bfcb36cd30f57ddddac2c35f76c28ead8,27c636a06827174ad44d5aef67eb5ca69028cf6748f0a76bd9d7cb0c28cf8bf6,DDoS_UDP,1
273573,Password,9aed03510dc63e0051b063c9f2ca24b91c08b00b629402b871fd7bc24a12f35e,20b3677fb3dff7c6f9de7986a9bc2a2579e1923365fd2861aa96849a2e2334cf,Password,1
273585,MITM,d22cdda13141a716124a7a6d66fee5b39009cecb533a43ee1b7da2fbeda32293,d1ca59a4b2348861eb2e088f5e445ef8c2c3a9548766140cec48b5647c15361a,MITM,1
273646,Normal,64f30ea32ce2c275dca56e94fb58fc1392c9d9c4f99a58031f67d41f0df524d2,48ab86c985ec0ba812b6e5f6a59060bec128aeda7ac5effa38eb641fd5eaa80c,Normal,1
273722,SQL_injection,5cc6f6dc8a889dca93e69ebe51520a043c20ab316df867baa52e11fa787e12c2,2a8306790c5ccf1080486b86df74ea916473003a96aa940689e2278a2603e10e,SQL_injection,1
273728,Uploading,49f75245bf4c15d7648af9ecf96d04297bf38a849e0524938e056204cbe8b00c,d9477b3e67af9fd1538d931d83cc5b8cf5b366004889d006dea825798e938c14,Uploading,1
273840,Backdoor,22fad959d0b7df7a705b68d07114b65f472ac1eab0338e7f4fa1df68cc6abc6b,fa6df089bd19511426edc1bae8aa476babc04f3bf650f9efe875f1dea44bd299,Backdoor,1
273849,Ransomware,64c1ea8493054c735b91a9e052c1ab039eae45ece125ec9a210262e2eb35aa60,101455d87bd7f9601a31d6f0e43cb5e13c8378f0db5f0d671b0e95d7e937291b,Port_Scanning,0
273956,Fingerprinting,8b991d538714683e468812c67e35df4afac2a8ff6fb0f88284b1b01b52652e1e,e361ae3bbbd3c4ff174de1d64c1dbfde83e84408d4ac8f377e1306311c7a25ed,Fingerprinting,1
273988,DDoS_TCP,6b1eee7474ffaea4045a4bf8bf80a6a72f4cbe104d45b3170e3287218008e184,384768ec88eee7d7daf372b96ade53ffe53f49f2a9302106b1826419f25c77e8,DDoS_TCP,1
274356,Uploading,bfede301b57fe5c2be51f348f3a28cef0b98f96de46171b2d6629078c5047de6,aed10a07e28096eb5aa022b5b63f888648fa1ce3909fed3f30f0f495e91976eb,Uploading,1
274360,Backdoor,7c243c7417d34d93b141c20e8f57b7fa16b915a06978dd2b77645168fa321c97,799635b400ddd6d31ea9d96d23a8445df6032e2bb8ead17f5cc2a379144523e2,Backdoor,1
274508,Backdoor,4a3d6d1d282d47582f6c0b95cedd1e75693c915799f509cd6041f0d3ba53241c,83ffa52c2456dfffa80f8de076662e665a22f3506bbd5e068c2113bea06ddb11,Ransomware,0
274638,MITM,bae42f1c3f3e5950c0743d0d59f28114d7ed491ee31a25135a6d1499d6732e14,30a4cdbdeb117e033080216cfb416bfe482ec31c27d733981afeee213a506e0c,MITM,1
274887,SQL_injection,7027a23a0758e3c1fd016e6b8a670be06501c73db1ae7ae50d155c3f3b4bc618,66dda49d6e81a5d44a8143522de2ab156712718569d47663a07493ff6c830fd5,SQL_injection,1
275239,DDoS_HTTP,3e23079a2cfa6b99754ab297f32b78ad73f1fb626f59223822dc73b4c5b82499,223a5ed89cbc76bc371c4db5d58505e969995ff33032fe7f5b70e0a9cba000e2,XSS,0
275249,Uploading,5d36af20f6944daa1fd79cdf6cfd68a3fb9e9a0a0219e7a4cec4e75227641a05,8ebd17044aaff01eaafa291d0e59b8588ba2face7f2d98846c61190da7e5b626,Uploading,1
275362,Password,2c331590295c14606530b09d049d562aa945d14a3581fb69ac9f81d83ba17526,1f6049a81e5fcecf982acbe6a8681a6f562cbf242df0cabb72a355a5cf1426dd,Password,1
275472,Vulnerability_scanner,ccfe67ac2296e4ef0c02db6376cfd0f6155d2258c65983c7549b99e46c552143,8bd441580bc9faa0631a6d1b080b8dd97882ac18825b1b0c8ee571498db60598,Vulnerability_scanner,1
275629,Backdoor,54c09fa1024447dfb3a42d6f81d679a06a0af098997e84c3a886f323cb0671e5,64ff57f87b561b67982c2c25d68e8e9425f747aa587390f8af287c8070e952b0,Backdoor,1
275899,Uploading,cee7288bf36c5b7a6dc741d5e380adcf4809ecb5a64aaa23e50929ed21c1f0a2,d24de2c26a854564c35bd19198d2a2d16e41df93c59dafbce4696156f905fc18,Uploading,1
275923,XSS,577ab006f72a6bb368d96be0b66d7f4a565c21101b03a3ed79b08ba8d1c7a1c2,8867a14991921f3108604343dca2fbb14959c0842c9924bff097e4caec5cd297,XSS,1
275951,DDoS_TCP,1b0036e49b5abc02347c37bd7add3f6fe3c9291c3d77c7e9582cb6e055c977ff,a7fca3a10c598c6ee268a068085a854c29064bb437cb461eafd923f226fb5b64,DDoS_TCP,1
275985,DDoS_UDP,e1e78078e68e565c400e639694573e73f244483cc7897c7d1f3228ef41980c32,1cef77913afd9ffe4c4ce6f0a8ec0efe142bb03ba91eefb36605b582b4b4ca76,DDoS_UDP,1
276019,Port_Scanning,e564785d0e287facb11f6feb91b16977a33c2c92f2f9eb681c06124b5c993fb4,fb7aac6a6bbb136197c960a9577a6b4c7897782f60d8334b58202effb5e6d368,Port_Scanning,1
276069,SQL_injection,b05f7d3c0d8d1357ba6eafa5045bb02a504eeba82df772cbf58791a6863cbf7e,2b31f4b8172d315a37d51f2782de39993c9d14077dc7f5c25ffdb9bc905425c2,SQL_injection,1
276095,DDoS_UDP,f7054b077520924f2f433e4d3e237f7840eb013d45ab4d79e6dc0ba41abd9953,b9e1577ffcbfd6882a0ba4c6d68ffdc2fa625201d7c129c03b2770bbda77cc49,DDoS_UDP,1
276115,Fingerprinting,b2f1a3e732ef0fa6fb42706fc554e9199f943abf3d10aae94438836223bcaad7,dc03296b43e809da7f27a241c5c695f21f5402cf75d2217605c96028c2a1b89e,Fingerprinting,1
276129,SQL_injection,b414f574d8e759239271e0ac6823d07ccc510fc07030edb5ab0b4c68cc0c330f,615188aa44bc935f5d4a1337ab9e3f7c7561a95da4e5f84c3912d7950e6b820f,SQL_injection,1
276305,DDoS_HTTP,0a889b957c3a080719450c3326ad83e8a51428d8d7fd2575551fa19b1ec2aba3,f779c88237f351507cd0ebb36bb55756fbe028cb6bf234ad2fc6952b1153bcd9,XSS,0
276511,DDoS_HTTP,5bcc86f1876160875bafbbfaf547404a6754b5c2053d2ebf90102cd5102fd046,36359119c449715a1288deb35656b363ac8434d725d9347d84d3ba1ed18d4f3c,Uploading,0
276737,XSS,4b5dfc3efe128eb72fefab40b24e74ced9fb049a41b966661e3b8940a286cd9e,cf66372306413f1a1dd950e6439fe6111f0d68beaa488d2962ed6128a720d72c,XSS,1
276824,Ransomware,99cfc99b6cb75b0bad0e76f3586b082ed86c76796e32a5cee8b014fcd0c2cd8a,8d0bcb2004f4e16217f62d305debe4a3142edc254133d5b99d18db1422ff21aa,Ransomware,1
277034,Backdoor,e5c0874842b612e50e8e8d106e33a0c4074f1d0be2458ae667b80e8a364c6e07,0d69dc74f0526f06071023b1904be393f42c6380ab2cd5fa777c2bc0235bc84c,Backdoor,1
277169,Password,41e4eebd9bfe32a08a5e8dfb9de5a0eca05b6f5aaac222fc1cda3eef73a877c8,385f3349336303861c96327c36d7e99e3055b4d992a959fa027911bfe8f5348d,Password,1
277186,Vulnerability_scanner,ca399e21f48bfd5dfc07634867d31d102fbc060b47b81560901d4c19dddf906a,ab5a74acd4e2d954e4eb28792a250ae08f7361c648051c1c848052d013d2ccbd,Vulnerability_scanner,1
277191,DDoS_HTTP,b6fe5263cd9f0833443f4533df15c5106077d77e8517436e93602202b338c677,af1f67504c8d950dacbe24a11bb0db8b094a2355521e00c05ec51e0d5346e5c6,DDoS_HTTP,1
277312,DDoS_TCP,67ce5f318f0fee8cb783a261261c186d248355c861d0686c4c4012f9adfb54c1,fd6072b35fe43c0f0dc1829afe1d481c323f15b79a9549529873f72e1d3c85cc,DDoS_TCP,1
277382,MITM,bae42f1c3f3e5950c0743d0d59f28114d7ed491ee31a25135a6d1499d6732e14,30a4cdbdeb117e033080216cfb416bfe482ec31c27d733981afeee213a506e0c,MITM,1
277415,Port_Scanning,27d277fd7c86e52d28d91075a631e6bfe6a72118839c8d290bc8cd0146ff9d18,0d00296ed3f48474250343b8ca8fbb9ebdbf718956cf1a5eb48120ee9ce1fa1c,Port_Scanning,1
277460,SQL_injection,d05633c28a7d6097b8b3c76c899e3db4d3b3861d1b614395f318bc7b0001b5c8,2f99825750a8baa4ff9544b82e802cc8763b93480a4a194a959d4da7bf83945e,SQL_injection,1
277520,XSS,52ff3f43117f9615b1900a72055b364c3dd5dbcde284316ff2c5e72c1f041e66,876221690b56bb447bdf754c4b300cf69245053dfd4cef575c54f6d25731df35,XSS,1
277755,DDoS_TCP,812485fb8f759a35019908a02034bf553fdc89edcc288b63e78f96de1d5f9910,6c777de8407fb3c1480e2251ac5eeb38dc282b262f1c3a29de2f25169532f2f0,DDoS_TCP,1
277799,Normal,29699a125b9548543c93e9ce83e0dc8b4baba0bb408c0b8cdf551957c81acd2a,24c75118a767bf2cf4f1c6473438d2e1e29e38ed3826c71f91a4e7b89989d865,Normal,1
277830,Normal,a9a4ffc7694cdb225c273680351d6e1c2ead7e0439b159a5e507abfd26e09b02,66360dbf69d9a22f29fba13b7a52a29bd15efd87667658186a6ae0019216033e,Normal,1
277849,DDoS_HTTP,1ba2c87fb01d6cb2ae6fd63c831cdeab33deb8e332edae9c46bafb0044610e9e,35da1f833e61e71b77edb0fbaee348848b7ab8f61d76d53ba5812a70fdfec54a,Password,0
277936,DDoS_TCP,10cf5597542aa9d456bbcf349db73281098122621424ccab3ab9db28bba0f54f,257e5016a8ce4bcb031264856cbe38910c355f4dfc5641a4c3db3f0fdcacd41e,DDoS_TCP,1
278022,XSS,a39ef9e76eb7ddcfd0d86aa3603c568bdf8e206cd0cc0af3248684786de0345b,8ab5e06f12e288dba50847fb5bfcbe48272e7f29dad426cd10c9888e8ed118f4,XSS,1
278098,Backdoor,5cb1374db861a42a456d47b2b44b4400f729c968914e77f7568d916d733c9b7d,101455d87bd7f9601a31d6f0e43cb5e13c8378f0db5f0d671b0e95d7e937291b,Port_Scanning,0
278201,MITM,cd02c0558f2a0c7f3d3e5fb6459cf3711095ae9655d96e9fcd973a9a06e6759a,89cc3112f38bc350efe19d00e845c613de608b2596c6d481137593aef6feea38,MITM,1
278558,XSS,4d918df9afd113270497a6388b6c8edd4f8e016180b4e0873f9a6b0e06168e44,f9198733fc1b908b16cf50bdcc6927f91d26550d4707c3c6ccaf1c9a67e2a479,XSS,1
278642,Port_Scanning,d56cbe79da5c063c413d5b783a38cf17bd98f73f8a2b56e07cc0dc8fe5508d53,a320c885097cda814d71a20dbabf7f0890f46632de01f6f551e2f7e87cc19f2e,Port_Scanning,1
278788,XSS,d6379de76a82af914934adadcd3693debb62f76af3d87ad640d2df56c193f468,16f2828ae2461db4540f8b35feb27ea6d6e0caa01543713cdad92d9bb34ca563,XSS,1
278851,Fingerprinting,6c78ee88df36de03416732270efa31253366601e3961770fd13d73209e7b6219,e361ae3bbbd3c4ff174de1d64c1dbfde83e84408d4ac8f377e1306311c7a25ed,Fingerprinting,1
278906,XSS,1d1d74b1fa41c800c8d20d2c01e57cba0f68d3c84652f7586b83eb50ae726880,1105427cc628f6432b69c8ed1d9da9fe4bc02e2117ed301ed4c95f8dc51c3e18,XSS,1
278921,DDoS_UDP,f31b147c7762c33b0d25837396b0bdb6b7ff92a3c34b67308bdce853c06a8416,08007710efaaca9415837fcecfbcd37f310a586c9adc9aad2bf8840771272e10,DDoS_UDP,1
279145,Vulnerability_scanner,9ac38571948360fd88cd73a1e63ada8c1f072e9dae6570c02156e48f7d7c3b1d,0108d4c62fdc1452492d5b298826cd9135df7a98520a5f9d0ec832bf109b5a7d,Vulnerability_scanner,1
279246,Normal,69acd538228edadf300297d3ab59f993fd1af6783703784cbf91fc9a5dbdabc5,3402c847a12cc9158d8b80cfc132f019bb8a4418c8fe15443f6be6dc481c8746,Normal,1
279466,DDoS_HTTP,5c2dec6cce88092cd463c941ca78431257fbc8e619476e20ceb7085afbaaa57e,09918664c5b00e2d1392390a93e4744f59ed2716e8534d66c969398e1117b382,XSS,0
279696,Ransomware,06cc3241d00718c969f166edf967074e0782e42c1641d71f9c7b6365e7503375,8b8769b55133d61bc6ab7eb3ee94ef210ee970dc3d028235e3e664094e54a086,Ransomware,1
279858,DDoS_ICMP,b1d04fbe161b77b405e0c7dc846db3bb719829b6eda3b423b607020513597c7d,23bb341d993d2a303700369acf6c270b6fa42acdaa3635f96edf032197e8ec9e,DDoS_ICMP,1
279869,Backdoor,2388692cfb1e3461ef83e694dd34a33a9d0ead2d3e64500a24051be4d4e23a6c,1cff1a1148d0e4ab078982bc06106b1a4149d1ab42c1341078d0dd3d7b403cdd,Backdoor,1
279925,Backdoor,491d5d72bade1e929c59a743b4baf5a61b1c68a663a5e3535e2df61422e8be15,d9460e583fc8cddee567a326d0888e4b4535839a26a1468b0a9057207ebb4fa3,Backdoor,1
279984,Uploading,6896d7f4da5b876f5b65122913bea4b986fe762ed696146a4f3458b6e07caaee,798df8406b9cdaba3d99236a876a7d4c928bed791d0ec7e4fdf109f047da4f99,Uploading,1
280051,Port_Scanning,7c14fb6c8ca996e78a089db21d9bd95f92f81b3cdc68000c5f1ae36bb330ffd2,d300f75caa73ce535d398bfe04dc90d1b74e1ce6ae0dfd434abcbcaa5b5de493,Port_Scanning,1
280059,DDoS_HTTP,3d4940cf0fb706dc24408e360af13f57f603cf0740e755fb00164c8ffed0ad85,18c12da65f3ff807167c53baae7e3f5ac02a321a6a8345aa8f8fbedefd46290f,DDoS_HTTP,1
280074,SQL_injection,51c03e7eca3cd901d084170b66df4afeeba3525a87da7c545df85a4c810840a3,4c5e453f9d59708a56ce8ceb9d20ee09bd29fa5d2559c2f06a5de3083d295bf7,SQL_injection,1
280129,MITM,bae42f1c3f3e5950c0743d0d59f28114d7ed491ee31a25135a6d1499d6732e14,30a4cdbdeb117e033080216cfb416bfe482ec31c27d733981afeee213a506e0c,MITM,1
280230,XSS,826aa2d6cdec54e70f65890148370a73b0a70ec26a2793c020eb8446d5972b83,24016b0a2155f1af2e0d2d69670fe83542aef3f5eca2468403916b6a3530d3b5,XSS,1
280527,Password,6069d0a2daea90fe2ceff60705f9d3a76f97b1813034a25516e0963fcee513f4,8cdcfe7737824dbabcc1f54de9653b06c9a2c9165631b069901adf77efb9c798,Password,1
280540,Backdoor,38cfa48b12077a07fe288ac15fd8a89b508064d6a12f16758ac92dde9d6ece57,1cff1a1148d0e4ab078982bc06106b1a4149d1ab42c1341078d0dd3d7b403cdd,Backdoor,1
280645,Ransomware,703d5a476606b920b8a6e668c2a7c6a7750ffcd9d10518a1a3c902757ba689ae,c063b31b1a06c76ca700cda29234439e74c046d91b73b262af5e90832ab60c5d,Ransomware,1
280751,Password,8e3884ed9463af555a0a92fad3c4f1ed7d05abe3cf7ccb734f1aaa6984c6ae8f,d0ef7fe90d783cb58c3a62314e8a72cd0ae6bc4a73fe19cd1a776ef110c249fa,Password,1
280770,Vulnerability_scanner,f48c1f931901ce006e528837ec386e10da6e71c76c252ef3dc69f32a5d514f2c,b3a7c6375cb4a31bb834d72fe39f65202b80c15a74581d1ddc836ca99214b9a2,Vulnerability_scanner,1
280771,SQL_injection,9f51345292a393949eee20ea426797d05b94004f0d8ace62b965c1e954068c25,4efe8f78cde520843278d25891b638207e359cdef7cb226d8084786b1aef9e92,SQL_injection,1
280777,Port_Scanning,7a804adb74700056a2613b8c8db3d0de874361b4b8cea0bd5db1042d9b820fa7,b73de71dc7eb3a30e36f59cde88bf5bd41ce538ad7357dba5f6ab7dd6d1ce405,Port_Scanning,1
280799,Backdoor,d2e182116116451a9246e1765de3adf52514d527e6657c98161ede94f9ff24b4,1cff1a1148d0e4ab078982bc06106b1a4149d1ab42c1341078d0dd3d7b403cdd,Backdoor,1
280830,DDoS_UDP,4765519d1d85f442582252e02a56d6073b58e776e641448ebf5b840660ef771c,964a373611771f6a402f9aef35fd0f13642c067a2d4b671de6536c41be09d248,DDoS_UDP,1
280831,XSS,3939e2f2272a446e9d06fa4c24feb59380d4e82fe6257db033f0564fe73e2117,2b9e893e8238fc20308a1abe5b0186fc56c829f93c5f3052883dd0a351f005a4,XSS,1
280908,DDoS_TCP,fb8ce986271bf59f962f53136acda3045fde206071083719869d5af9e16e8171,91d9db6527a697fbdeabbae1a32bf35dee32b95205335e438162ac9780715c5a,DDoS_TCP,1
280995,Normal,11f8ceb6ae8aa45ce128acb1361ac712ce21a1140591affd7b3c399b932f235c,bcfa8855dd4754b298734e08d059f0f443001c68c92da71aaef1c85a2a758ec2,Normal,1
281076,XSS,197685f6508035d1529839631f806282497d0f5863e1a227e829afd9a5a07abb,04ba0a6f817ef0090c7b2c9e332de97c6ea9b85f7983ba48debd1d8d483d3a35,XSS,1
281215,Vulnerability_scanner,e985d47c9a368099f4b16276072dacaab34074174d755af80029afa02cea6899,45bf59ab3455fca48f929bbedeb22e354ab0a25510655303464ce06a5bce2125,Vulnerability_scanner,1
281323,Vulnerability_scanner,4464b5454e3c6ba4470477909d67a83ec13b1ffd57222b8de5b4412296a7f911,57d5a960d201b5d14caced3a695479410b97dbb672e6c38ad42a4a5ef53f3124,Vulnerability_scanner,1
281326,DDoS_HTTP,f4b58095eae2ccb436d346b886510ce07fd323541f0d2e2656b83127d87e55cd,34d2b13fe0fd2003a024c1602ad258108e8ffafde654aa38f5fd7bc084a788aa,DDoS_HTTP,1
281369,DDoS_UDP,8fefd6f795074b49c9dc84102633967034d665b5dfb1e53cfc0718b2aee106b9,08dc4ac67ac22dba3c0f672e96acbf22ea383420c71a2aa2fc573b4b18d94028,DDoS_UDP,1
281463,XSS,a72af7fb6a1ae29378398e85fbd868db7bb8234247f458073af75df4f352e232,cb0536081821d6c480c471b2d9b9788d0b32f887db92b1e34bbedc31c4f3f9ff,XSS,1
281538,Normal,2440916beb4b39ab0565c7973c75301b86a1d947d9c44d8f9a499a4b7c3df6ce,a60eff14aa7d5b45d3ad6a4a1ae48731b088a5f18898d977e8d48aac74652c6a,Normal,1
281556,Password,f3ab7f53a2febae3f5a3803143e30ef182a1091285d303ba840b477584ea8559,75456c4f9411abf2d536ce83c9ec0125056efaf828cacdaed67298360dac911d,Password,1
281626,Port_Scanning,3b25c57cbf23f834bbf8c63a94b8d9acc810435ee8a2ab1d3f7a29404727976f,d392b9fb82d70caaf8af8877e5cb74741aba203d05bd78d93e1795c0a82028ba,Port_Scanning,1
281655,Ransomware,58feba96751c5ad81132e827482b6a2e75de9f3d264350a2a1ac74072918d3ec,75b6f9087db960984d9fb33344c6f8b7acc2ec3576f20c1d6cdaf94e64c7ef9a,Ransomware,1
281906,DDoS_TCP,eedb2aa49537bd82b28864ef62331ce101b8f3dfe309a888c7cdd5b0b2a6e29f,8ea8367b42615ec4291d51e611abbe09dd370de7e5752244cc642de8838d8ea7,DDoS_TCP,1
281943,Password,6866ed9ac8613aa0a6f89466db382cf46ad6b9fc1a2f6550eaeaed27c7b34715,4c2d1554c4f5293206e90bb7e626cded87e4c05bd83b9f87679c606a4d38aa70,Password,1
282117,Normal,0cdef017f149b3d59f7d124174451a4556d5eca7ee5c8f82e249a7e57ec604a3,a482cfcdf1e8f33d40649b95a0de7c8ce6e1a587917b371c7a92f491f89604dd,Normal,1
282120,DDoS_ICMP,6ac3b7bfebb2e0a8cc4864306e21a4c8e2f8fff68b5a0cf1a7186eaf7e6fdbc3,fa9331cfc3c59d38d172d57914f3657f2ec5543ee11ef3a12e2faa1d649285bd,DDoS_ICMP,1
282236,DDoS_HTTP,3a345b4d475d0b5f20dc49d4dbb331b94a796be50f7920c3ff5c1af999ae3996,49664d07ab05681987d75404267ed7a8372d8e4a1b4706591fe35dc36338bb99,DDoS_HTTP,1
282351,Password,a1c5be95340275c686ae6404e4194ad8b8171a97f703411064b86162e4f272e7,272ef57d6004fdb80dbb25c15839eb0cef9d01280aa2f967df45bf4c9bf6c8ca,Password,1
282405,DDoS_UDP,4290ec02c9bd912329942bf9c18e6b9e8aa2ba8c40e02a271fcf9d226d4d5212,c216c359501bb19e5fa79281b1e5533bd838a5d264ddfe286a8914d4e9f64070,DDoS_UDP,1
282481,DDoS_UDP,7bc977c9bfc5bc9b170f77b29ce8c8444fde0fa1ab699fa52d5a680db9f21f1a,af311f4fe3e6f9e65a2e57405f1e17ec7232f5202318f934c122a5c738a443cd,DDoS_ICMP,0
282503,Vulnerability_scanner,ce37ddc4b4456c0eeba38769017b1beb4d9f5a08bfae7882e79aee634cbf81cf,5b330e9334b0ab1045a62aa3c100c3c857eb2a7b645d3276529bd0c8e8acdc35,Vulnerability_scanner,1
282550,Vulnerability_scanner,7253d60d4ca0a9ed696d47d0c277c4e2f3a10ede4bfbe31c48170fbbca843a9e,27cfa5a7eed523c0ae308f8bb7b8114ef51728e72442211e8f7ed661d42b0fb9,Vulnerability_scanner,1
282604,DDoS_UDP,3445d6bf2c789bef4ed4606c69712e3cbc8fdac4e539a38f683be979f05a7c93,d3f0a429987605125a2c02a0390a689468f6acb432dbe61b6b9f5bca45648c6e,DDoS_ICMP,0
282642,DDoS_UDP,46b54882130f82d2b9e9a1fe8c86f9680d806fe7218cb3db95bcbd9dc05cd046,d7379c4eccf1e3f37a111414c1be40633237af0992cef3fe2969c3c29db03bda,DDoS_UDP,1
282828,MITM,37caca2fce39853e1197308372e9e16d43d433abf6d88f80bc40cf4c90180ba0,89cc3112f38bc350efe19d00e845c613de608b2596c6d481137593aef6feea38,MITM,1
282841,DDoS_UDP,36ebb5acd99828d491ba8ef3ae9df44a781cb99beebf5dedac813f6fdc1c2fed,48dd5fbfdb9e18c9a5a7df0c278836bbc28c624c366d40d8034c246d7d405917,DDoS_UDP,1
283110,Fingerprinting,d6434ac1034744f46e7a08be94dfa9a62af4381105a7ac368731b53bb6bc0b1b,fd85efe39062957e83fc001ec33eab362c44e3c7e9c4a7330f00898957ed2d6e,Fingerprinting,1
283131,Ransomware,bed32f357d632ee9c383da41d664e1ed56d81c8a105efb83b123b16e8e574981,238218b039283f5a45ee0d38f4ad7e90ea8db0b682a1f59d4cc6831d5db1ceda,Ransomware,1
283214,DDoS_ICMP,65be31d121124ddcda2b41de8d7865e14a6e0a260b5828ada0fb35c018d2b0cd,220511ab98cbfd3456f2dcf5e862d0165e7bf98057d3a4cdf6adade617e63d31,DDoS_ICMP,1
283230,SQL_injection,dfa08de170c6daface4cc80a34d9e1ee2e767beaae775df728766d1c30d89acd,1bf4abc7afd789a7ee2e38c21d41c48bf39b0e2f1f81aaaef5d477986479da99,SQL_injection,1
283269,SQL_injection,0c8149800dbe668e537ec89d0e2ddf500c02662637cbdcf8fabb6bd76159d473,ba23f045e585f2f6ecde9e92d28d27664148e83e9a9054f074cdceaaf7f9e3e4,SQL_injection,1
283334,Normal,b8313c74402419f462ca6a1eab22db817f96e37a6437cdbce5577af8e8ca75f9,9328d1f5d51d7e915d2f43f94b8dd1f7a2a2fbeaadfbea4e572052237e09fc83,Normal,1
283572,Backdoor,43351bf2659036c4cc38c83b1c7cd153f423713ebe475fbcc0c7dd90f1efd387,3c76dd58e50e572e3fc8fdfd5d737d2da5ff2c09a5d42727f1d218b4ffd0993f,Backdoor,1
283591,DDoS_ICMP,f58b69862d7dad5231420af6a5308650ef1045e503c71832a9640663a1736673,6f6cf9e9b3aa247f11a83b3eac070178c42a3e760f811d2ec7726c26f3f7dcf9,DDoS_ICMP,1
283730,Port_Scanning,bf9a595b99c24c427e34b8dcde59116f312d0883d0d7009712dac6ad73956706,ad86acd52ea744d1a0240dc78987843246e9e9c6d5afc61a82fcf5a234f922f8,Port_Scanning,1
283960,Normal,d08af871a211780f95e5d4a780827b04126428c28c849bfa03e5b06cadbb0938,500932808738174726549b9b02b9e2d80584b1bc322b3cff27cafec217dd2def,Normal,1
284081,DDoS_ICMP,3b1283480349badd89da62750417e69bb816a7fceac87fbe86ba543b17a99bdd,ddbb274b8ad20529edd94aecb8843219fd6918d7a12b76424c52eb9791b2bcb3,DDoS_ICMP,1
284110,Password,5519899dc1143c5c7d72a402bd461442ff39f70be339b9d7e75f2d770aacaa13,cc3c21a3dea7298f3c8ad3bebd71ae9b20cfdbf76f54b1a45cc3dbd5b41d8a80,DDoS_HTTP,0
284183,Fingerprinting,c19a9501a6dd55eaa377b7f3298dc25f4eb7814a2ec26535fb523118f8fd5c66,e361ae3bbbd3c4ff174de1d64c1dbfde83e84408d4ac8f377e1306311c7a25ed,Fingerprinting,1
284195,Normal,733d73113dc0959b0c026a80b9fd014150cfa12e5c11c0f6e53abbcbd84cc74e,be2f901433b28c69ed650ecd47794db380ea43d7846cf216a66606c4103b05d0,Normal,1
284213,XSS,c1d2a3f3fcf2e50af75ec259c26962e138e52022ff3e2e8e1c25b8a0a75e4445,f6f0b8431b027f944212cd0f897be91db52249d829a48e778306122dfc87a7d4,XSS,1
284502,Uploading,f8e8587cd48d6b21baf49510b6ca8b48d3d08ee50a1aa5bbc5fd5d76690f10b5,89db9e00afb04fc3869cd8f1bf9cfae053f62bd3ad1e1dae5dddae6cecc514fb,Uploading,1
284504,SQL_injection,e19892f4adb1c541b04a3d30297036a90c2dd226f516cef46d6ce16647f54f5b,27e20d91430faeb2de9fea32a70e56c11b5327335a94832b95588e9657c3a9f4,SQL_injection,1
284698,Port_Scanning,a9fff29c6720da96dc45c1141b18427e5eb40094b08023f29eea4f281a0fdd66,2f1358f6034f51ce81c9dba79f74d9e5bfd40ba9b25a96bd405bb327b5cc3d79,Port_Scanning,1
284708,XSS,862edd011b2d1524ddf84e9142a71a02e03dc90119958e3a7f60b45197c6bd83,f8dc7f72b9fa9014452be042037681ad112c2ed1e2cefe1fa030336972ae4f8e,XSS,1
284800,DDoS_ICMP,c9d9bb441988dd0613e0e809aa94522d23302ab880e69490d6e21d8278f34eb7,a114b9319cd0fb5d3767423b59c0a8bced32b6ac6809f028d90aa0e8cd01266a,DDoS_ICMP,1
284876,Normal,fbb760eb0ab986f567062dd254867f07dd167a083eaa60185fc9e92a0b11061b,b611373d5d0249a7c3de45cbf5b5dcca8298d7861207989ae6ea6fc728800e98,Normal,1
284988,Backdoor,c4e2e475ed7713079e167a198ecad203f4656bdb5ae1eeaa8428638362b2b06c,1cff1a1148d0e4ab078982bc06106b1a4149d1ab42c1341078d0dd3d7b403cdd,Backdoor,1
285084,DDoS_ICMP,ead7b13b4dce54bfef14a5d6d0e77db5d067957842886f40e2c613af85167bf0,9455ab54d07240bfb3503a48e5fe91a95cdab0fb553b0eef6e6ae525909ef03f,DDoS_ICMP,1
285191,Fingerprinting,85b382d8441880811c27748775d1e086f4846bd5a2777e61e9f327715bebacd6,e361ae3bbbd3c4ff174de1d64c1dbfde83e84408d4ac8f377e1306311c7a25ed,Fingerprinting,1
285225,XSS,5e191ca0657912e26a316fcb232978cc9d7654f3515bc40ac84f5b7755c7e966,ccdbb15f96e67d9c6108ecaaa9dedc8339c23cde2e98b53af101f85f2ab91cf5,XSS,1
285449,DDoS_TCP,09bda7f0b253a63d919dc3b1e7e1fb110c7d6c49d3bdd79f3073a4475b1b4e17,e0f2beb48fae369da0094f00767c686f102c8e418af5cb24c98702938ffbbdf4,DDoS_TCP,1
285586,DDoS_TCP,abcf378d4e62c823d2f2e8987c59b7ceced1e0ca40701febe4f8ef7c36348e65,d8aed3cf3e406e2bd1cfbb4927939ed7c0c0d7f27eccedaa8af339f3ceee87d6,DDoS_TCP,1
285616,Password,86877dc1b6c42ea90fcdc8b595c10bb7961750fafaafcf9763113d00852089f1,b281c0e5a5ac1de101d4d560a946969014f6032ae39202f02406f3eb633280a5,Password,1
285769,Port_Scanning,ed6f34b665eefac3544ef0d048150adfb1bf82fc12789be675096ac8dce0bd84,b3ef64c38e15205ef79bcedf09cdc4062e95fc28d31ee285c4218782c8958568,Port_Scanning,1
285898,SQL_injection,28422eea8db1c007531642a51678069156743dc66759b4ee86b7cef52d5d2b7c,2a1409af9dcc939ac26588c40cf2da86cca2361f0ce150a6ea326fb451d6abcd,SQL_injection,1
286091,Backdoor,f979f467e073dc670bace514177f2759ae3b8c1f35a18551721a5f05f4f04d1d,799635b400ddd6d31ea9d96d23a8445df6032e2bb8ead17f5cc2a379144523e2,Backdoor,1
286158,DDoS_UDP,cb77640682b13f293257eca7975834ade431040cd3d166e785ed828a8fa6627e,76f8d378d4741b67b09c56c557a2fde80ad4086b9b6a65e14324cf6f53807be1,DDoS_UDP,1
286581,Port_Scanning,7f889befe76d5d7de71c9e9e8f4b123e668d51832e33ae20c43814160eca363d,dcf4c96aab6f0a302033104ef42834a94bf7cee3afa08bc50cb7ba3b92047397,Ransomware,0
286809,Backdoor,98a7f1b4b6441aa492c705d2f38e1d20b7260bed616ef0e9744c07f96364f777,1cff1a1148d0e4ab078982bc06106b1a4149d1ab42c1341078d0dd3d7b403cdd,Backdoor,1
286918,DDoS_ICMP,70e8fed773931d0c4790079966d5ac59b82aab3733722eaacd5b60595edbd0db,31a46df3601f8e11db8619d95a7991c57e37eb56c2f9a54c4f6969c53ad481f3,DDoS_ICMP,1
287207,DDoS_TCP,feb555b9a88073a99147050308c85f3aebfc41051d156bc5401f03a72bd14892,92271fda9a1e5e60666cbd12005276a31e9eb6e3cadc50f0b3bc0a91c21fe8cc,DDoS_TCP,1
287298,DDoS_HTTP,91feea1b32b02ade30eb02763602340e8843bee81a7914e541d575fa5c38b75e,6c0916ee2c8b1359966a1e212aa6f23cf2bd2f55a9b805a7a28fa5bc63e75bdc,DDoS_HTTP,1
287332,DDoS_UDP,5641439fe5d18e0463abb82e95c3e583febb3eec1ee4ab63e5c9210c4003963e,072ff91d55588fe2e56805af629e65c7aa9844204064c43cb55ad0e7d6369c27,DDoS_UDP,1
287448,Port_Scanning,7483710b9f9638f27444502e6b08e67904fd8cb7bee17590905ec8cc051abaa7,b43d0194a7bae35ce0ffc8b857ac94381e90c99114304de3cd9605e953c69143,Port_Scanning,1
287455,Password,d509e51490ed43f2322c94f023b04469c645a32fc721998c1796e430b11fc6c8,70164b030c81bb30b4fa78448d922ba29713dad054b74f80f0b1c76956d97e78,DDoS_HTTP,0
287552,DDoS_TCP,436ebecbe12717bde29fd0d6408d1c08159968137ca9de11073048b68f485469,186ba117720e28cc06da3938d3a13aec34d09c58675e5aed0284d73ea93f858f,DDoS_TCP,1
287581,Fingerprinting,775c298778ea0cff12f409ce8e6f3458703ff8fbf694aba5b31f4f6ea50ea79c,0c9b8ee6d7462f93ca1089c93bac8ac8e610de7b1e2e6ea1cc85817e83a18a12,Fingerprinting,1
287585,DDoS_ICMP,95b5ba6aaf0354ed2bd0f4c267e498fcc581e9abd28c01b3e236269db6cc74a9,2f51782f2308d67b541b1e7184acbb6b0cb1a8601a64931f95e9f74c1b5bd95f,DDoS_ICMP,1
287706,Normal,77f4410ece7084f70f484bda2675d5cb54b9ab2d9240fbf7ceef6b23b34c0b54,8bb63a7db1335a30622d6f08b2468a74e033694c3ba0eac9eec7eea781c65aab,Normal,1
287721,DDoS_HTTP,6f02cd28bf201ca0d2b634be9b26ced3abd3a0024b9ddda3e3ae40ead677ecd9,9de3e68b1b58cf595b9f3f1c13e3ba8a0c2980750f1ae9a8a0034c9e33f3d868,DDoS_HTTP,1
287725,DDoS_HTTP,71b68333b0ca2b28512cebd43c0ae004b0d964194cccbd38c62e54cc2aa38b83,a4daff4a580cfd8e38d811ce34968206fb967713d428b71d6bef97ed7a99430e,DDoS_HTTP,1
287896,DDoS_TCP,5c9c013361ee21c524749f8bb90e2f26a85e79ae5e5703d656d1343a6e8ef8dc,81d9356fab9da3f79f396c97beebf67bffdbfd422f03afab0a20eb6095676ed0,DDoS_TCP,1
287997,MITM,2c16fbcdf9ae764396db726e85d88d51220c895d6cd2d13557118654b1435d79,f16f93b86149b5877d6393eab597213a591e2c77ae1c20e329fcee0d15aabffc,MITM,1
288036,MITM,2f484932a9321400cac4c3e6479138afc666bffcfdf8e41ef51d767b6d4fbfff,1dd7973c1eb7644630e35b58358533d75a91f05468cfc5b84f2ad546e67b0cc8,MITM,1
288205,DDoS_HTTP,7dc5aeeabbe03db1b433a0c70f729ad32f4356d7b972e5651b599e1f76285f08,4c628daa89bae0cb26ef7782a6d2116c57ec6485be83880f825e569e93a6e535,DDoS_HTTP,1
288240,MITM,bae42f1c3f3e5950c0743d0d59f28114d7ed491ee31a25135a6d1499d6732e14,30a4cdbdeb117e033080216cfb416bfe482ec31c27d733981afeee213a506e0c,MITM,1
288482,DDoS_UDP,1c41a08043b1df93c4343a18929066659a8a3ae968a9ceab1ab0e3df3fd63b15,0c49b4baf0dce2f2a1caf5f42737f9da682f08fcd5831d70d9440ddaf37136d4,DDoS_UDP,1
288531,DDoS_HTTP,76c0aca184d5c6000e93cb42dec99b33b2901936c514aa1cfa45b3409a328b74,5a1971049ed00493fe7dbf768f37a286ccbd84a7463d9d21eb39e69abdb23a5b,DDoS_HTTP,1
288662,Vulnerability_scanner,095c5d7fd50bd88ced3128abd8cb6a745bde441b22414c14dac51a5679a9b436,4c4184f8fb6ea40253168c1af737c165968914a2f78f9828a2c006a355ee39b8,Vulnerability_scanner,1
288717,Normal,9ea863c547f428d8dddef9db55dfcb35b111e9ff49406a7a6ad7fa57c9e3e2ae,40c9b22c6c5d00198792e31768aea4118247011b643eb5170bc7c17ccecadab3,Normal,1
288741,DDoS_ICMP,4e3f3fdc083d8e1376644994ccda138dbabcfdacf8e7a30122b633363f5c15c8,4adba61ff4ae029a9e1bee1bcbb2747cd8852dfb89acf9b47b6b1115d55d9c2d,DDoS_ICMP,1
288805,XSS,7a4c91f9b3562d42d08d0ca559d61cf7954087d64e6928b798fb8b82e6a0d5c7,05e202eb18e3c076d1f6618b5a6d5d32b6be00602c0fc22123743b487ab2f016,XSS,1
288830,DDoS_ICMP,e8d8c6d8bd0c0330ca70f8a1aead6a8999c4fedd790837a11705561fb9d4e4f4,b339d27660ee60f9790b3e34aa7d35308746ef3be5fcfbd255b276c93802dd18,DDoS_ICMP,1
288836,Password,3ae591b89e7287616ce0e86b1a91cd004fc2868fb1d34e48c827470bf498f5b9,a9f7bc6cf3e081319c5155c5da82d130ef4d6ab56794c3cccff199cc97e3671d,Password,1
288922,DDoS_ICMP,114399d017ca67a7508c6f2fdabe218a19cb5ea6f78ef1e87ecf8fdb600a6baa,1ef5267e64184552119c85434de468afa03da769cccce4d46ba51264f69bf603,DDoS_ICMP,1
288971,Normal,f0b2a26da1061a4edd9447170a98f2befc79d016d160e9c651998aee7f4b8214,3b3b16f1425d4fca4e9ff840e92c0124b04adaa21a49e62ddb588f9a3b90e583,Normal,1
289008,DDoS_HTTP,a854dc55b51f5cc43873d506501003720667e29bce169e68da4f01d9c8d4dc88,53b92b1d42004855909a1c6d26d802a646865fe820f906895a111a62324dfed6,XSS,0
289096,DDoS_ICMP,6a4ca28bdd1c985780bb574e058e2ed4ffc8e5c08cc10bf125b45203bdd36f0f,5ec2d99f438442012a6b260c73e6b267fa0b43f397ff34ddf6ee999a14474f11,DDoS_ICMP,1
289254,SQL_injection,00e0c451765abff7443a38458bcb68c99fc1ef687a754c254e550fdc40276883,04be380bfff1c3854c147ac2a7ac6666081d9c803e75ac02e2f319840b1fefe9,SQL_injection,1
289297,Ransomware,9cb734886686fa3b74b0f6104a6a84e4f89657e952256584ee0c4c04892eea1f,8b8769b55133d61bc6ab7eb3ee94ef210ee970dc3d028235e3e664094e54a086,Ransomware,1
289396,DDoS_ICMP,7e9eb5a58894f11635d135cba136c93610729fdb4440cd4f0d2a98869ab1cb59,2dfb0b1109f1899f5d165be2325fd4b19b999f11c748ef792bbc3928a4b28d33,DDoS_ICMP,1
289429,DDoS_UDP,9827dcf233a4f3761a0eed743f7129922a9546b5f4ebd1c65093f9cd9a63c249,b0df9ce352f30d8963a9f5a9f2df0d9d57e20d111490ac2f0f661d40b7113c2c,DDoS_UDP,1
289536,DDoS_TCP,3f4d30eb648c3f06c9a0dfed157273b9e70ae38b3eb4db3349736d91066de2f3,8a0d5789a79e29c88bd9cf94536e84053932b0d4bc5619fa7b839a334b3efaea,DDoS_TCP,1
289662,SQL_injection,3a8442468875255277ed5cef2b405ac988c100f4854f235038b30cecfdb41f2f,04222d960615473f5a47c5ef44cff5144d661094ee8ed77baaac7ac5c3c08150,SQL_injection,1
289678,Normal,b80706045eb1987b8d041ce5214074e03c06861d87513e73c9db0dd8646b854e,96a06c1167ab89799083acb1b7ecfb07818103cc0a1e3b226d157d81ad8ab74b,Normal,1
289854,MITM,bae42f1c3f3e5950c0743d0d59f28114d7ed491ee31a25135a6d1499d6732e14,30a4cdbdeb117e033080216cfb416bfe482ec31c27d733981afeee213a506e0c,MITM,1
289874,MITM,c813799c37f761c971eb8d003ce3b0a7ed1a69da5947cbf17d6139e577cf2a54,9c6e4dd22228b73030349d9beb49a9c2ea108c9dcd0b0f9b5aeae418385c6e35,MITM,1
289910,DDoS_TCP,58de124e68f47f1b5b6beb66afb89026fc57310b1ba28a9bd95bd695d0eab537,b4206de4bad6a77f56986c5a109ddddf5aecf00d30bb2b478f9c56abbf270794,DDoS_TCP,1
290255,DDoS_HTTP,1563402e75d15afc615c3734baffd3248efdd233c5ffc01c4df29b2c2012db62,7b0af56647e11c18696cc0f4e43ec7b0e42b99336b91ae46d84649ad904f80c0,DDoS_HTTP,1
290481,DDoS_HTTP,53aa75fba659cc0cbf995ab40085698ecabf421352261e23d2637bda95d8826f,25750ff2ce0a4324069731bfdced7ceec2010b6da3f1934b68a01699296f5f44,Password,0
290547,DDoS_ICMP,0d25068e38c16145443b6e9009f80000a8db9b48c2560c9bd255bef01c870979,cbeb1e28b938985dbd1ffeda5d40293a680b09b032d9258270c6c94fe140d44c,DDoS_ICMP,1
290609,XSS,e60be4d8b7edf3380899458fbc31be121d3a3bd2c99bf77f8d8ccc3c082bae20,2897d951fb9aa03cd53c339ba90d9d5f0f65599e36e6cc8e0f84c3ec431a757a,XSS,1
290639,Normal,4c4769c313939b210474fed642f2f768191f33bb58f3d2a7901c00b2ebb71ada,4e4cc5b3b9d78acb8c5c6ae84c8478516d9e2ee6cc9a4392aa1c207c052509b7,Normal,1
290789,Ransomware,25f067516a7a8bd2c565252a21ae15859cf8d7b259f322ba4a34d6a02748e62b,00725f3683f9f0817b6c00ce627c9441cf0c981b32893be43471a8d41b3f8a31,Ransomware,1
290864,Vulnerability_scanner,fd48e01a213f023d3c42b8ae4501ebd2916995dc47cecd85729bff378fe85c43,d48e3e636b83d7b7d2b7972b33a4a99451e4b0d305c24d33382d7636a8b43f04,Vulnerability_scanner,1
291016,Uploading,4dff81e5e63358ff23b894955b145a5c98ad3db06948da788c85ad5a52ab06e8,7984adfab97410c9002a24f0796c4da259913f05ca189d1486cbeef363a9b3f6,XSS,0
291110,DDoS_HTTP,da0883c14e6ed0713423cafa592f07f4201a03d49b1bd99bdb8e06dc6ca4b9d2,71afd2bc9b9abd8212863a4348d1d650aaada71eb3ea8c5e53ccc30b65a70f28,DDoS_HTTP,1
291115,Normal,504573b139a26967bb2d3e1e574abae4de76761b63b7d31e92970833bb54ddee,cfa4f5edca92dc558eb4e7c85e1ed5065e9a8d7339e30a79e419aa2f877827cb,Normal,1
291237,Ransomware,5a6f28f001f8a10f31f0deed585eea164d2bf2df29c0e6177748ca2381f11f8d,238218b039283f5a45ee0d38f4ad7e90ea8db0b682a1f59d4cc6831d5db1ceda,Ransomware,1
291261,Port_Scanning,7735c1ec8e05036b2f31caddc00b26e0b7958803577f1da8e9cf56071c50097d,6b3b0a2733e49722b8cf63e1eb4bf64a589b24218ec378058a26fd9e4999aeaf,Port_Scanning,1
291313,DDoS_UDP,8ded56cf0ad59453a874b2a1e2989da390685f5c8267206ede4054001f1f5271,ae15bd910c9dc6a6a6a9cb3e88e97856fb60617442d14e9db2621f90f5ea701c,DDoS_UDP,1
291319,DDoS_UDP,5e55674d955c8425cbf82dbd010d58fa06f7860df3a358bab6fcac5abb5d9811,10f5ef4a78eb36fa6f42781277b0e88c2666e2801e2dd38105fee5a118c908d0,DDoS_UDP,1
291337,DDoS_HTTP,dc144e7942eb62a0ee7abebfe90e10df1dda471408047d54352a0a750f9329ce,fdf685413e9e2e04ce93e35b784920024192d84410ec175845764f506e765e8a,DDoS_HTTP,1
291559,Normal,ebc4f6f4113f143969e8729a47bbac2a5b90dd306eb8ebdc08c78606fe231c9f,40f9a466cadd29df14caf45082be891d154b08cd6fbf9e6e418bfd4dc6363551,Normal,1
291676,SQL_injection,4e5dec4de24c799de46c8d730148d7039e7c10a11c2a611cda1cd5a4e8e5192a,ad7b6e428da19e04761915246772837e98c5b13de0a00cb342060f58d41b3a48,SQL_injection,1
291714,Backdoor,5aade5af5b903cbecd604ff6a59c29c2480792b05ab7eec58bdae041cbd9402a,799635b400ddd6d31ea9d96d23a8445df6032e2bb8ead17f5cc2a379144523e2,Backdoor,1
291814,SQL_injection,a69b8411903f86b29cb9f9c98fb7ae0e88cda7f5ee5e8a6d9cb5555d852011ec,9c26268d301c30c1aa0708095f287f1d801519e133a3d579f1ffe1bf010f3a98,SQL_injection,1
291838,Normal,99b7af6399369940037f979e0ecf627feb790ce8a396b6b8e585b82377b54160,91342a4c2b38bc80a0e502f44d47b4704db4eb6739f9bfe8b047a4e6c4099470,Normal,1
291990,XSS,7d5c36a3d5bdbcb07619138c322aec4f8ba5e209ba0e66540f0166e297befcb5,e9d35424833e7851804e0031217e9d5a86b8623ee0f22533b9dc9f98d989c6ab,XSS,1
292229,Ransomware,b60a50a834b277ec65c3a4af02e2b9894c14dff5c635f2e238464c5f20bb0275,238218b039283f5a45ee0d38f4ad7e90ea8db0b682a1f59d4cc6831d5db1ceda,Ransomware,1
292230,XSS,bab81821708fb82c208f5247487a1e44abd4fc6f5b4cc07322a1dae6834e29f6,b82dc4dff99475f7f120cb52a41a16394904d350dadadfe3f98e23d5b934034d,XSS,1
292259,Backdoor,8d3493497e60102a300edc74129de7788fc662f088369ecdf8b57504bee75714,1cff1a1148d0e4ab078982bc06106b1a4149d1ab42c1341078d0dd3d7b403cdd,Backdoor,1
292459,DDoS_TCP,71bbfb3ecd11177ea92692a663395c168d051f30f5a56fae009f1b4bdced2241,5fa2c91cf37072b7bf4cb1c314fbb574dcde25f8dd9f57ac597155eb134aa51b,DDoS_TCP,1
292661,DDoS_UDP,df418c6ed12a1b69c88f61f22c6465acc9c6ec23339c95c0050fbd8b4c5ca835,d15ba4a500a1ef1ce60efb72ba3df0364b7446e1a8d61731ed4ea880cc7a7710,DDoS_UDP,1
292745,SQL_injection,dae69dcc7f1e634a9f3b45d8190ddd47e94384fc5cb65005233a36acb3fff378,f36f721c837205e000687d2db654f50079cdf3f5a0deb53da8e57455362bc899,SQL_injection,1
293128,Backdoor,8bc37cecdaa2f55ff2f98037e9e4a6afdb72dbee009e33a5dff4f0dc49d464f7,938ffcc739383245365dba1088f3233dc326af606ececf3b74677fad35427b5d,Backdoor,1
293246,Fingerprinting,8144f32b81f0b10da16e3072d3c8a982a5ab7b0d223bb342b43604bf931bb2ef,f028450c593ca62daf69f2eed5b5a65962eae2cd1e5d4363f5b9d91f0cb10155,Fingerprinting,1
293253,MITM,d22cdda13141a716124a7a6d66fee5b39009cecb533a43ee1b7da2fbeda32293,d1ca59a4b2348861eb2e088f5e445ef8c2c3a9548766140cec48b5647c15361a,MITM,1
293321,Ransomware,9800da19d36adc9297b665fc7b2261ee27ebdc771dc7f2fba05d2a0ec3319ed2,e8f0bb058137c5a25af3cd5263c6bf16011afb4cca61e79064f75247ab567137,Ransomware,1
293324,XSS,741710d80fdb159d26a3a43bfbfc57a22e3399a4e76fe8dbcb1b139143056864,c8045e3797dc5aa7040edae94b853ad6cfbaf6cc19b5b26a0ef8ad733f7e5c9d,XSS,1
293378,XSS,bf38c8a6072783b3b02b3485453ab7bf275d860b5b26b1e0db947303fb2689f6,1bcbbe003b53309576e76c87f0d391311c59655a81167637865876d2a56c6643,XSS,1
293384,Backdoor,aebc0a19422f27ac8149ce2f1e4d26fa08358e12c6b694fe048d21751d2b4092,458a172090ff3fb8706d33f3ce54fc26e951aebb995ba210eb6d9bcfaf4780c4,Backdoor,1
293438,DDoS_ICMP,7c090bef6ba766f15dfdf72abaa07bbfc785b7fe8f4f300df24619f34f2aa1c1,ffba56642c1a2441b3492b458315d7e9302c3c023b9f18acfb9fa230433979e6,DDoS_ICMP,1
293551,Uploading,96926ba44ef8e3500a4cb1c239aab980126667180bb0d7c74ef5d942c2f3d598,53453b37ca083babfba149f318cb9917c3c909038e748b6eefdb90c68cf6bdb6,Uploading,1
293738,DDoS_HTTP,7c4ea23625f933160cecec2561e168bb848c657de9906408f519426ec419a730,6a972f1820df25b9f9a1daac0cf3f3411c4b86c7792bc2708926d2d94c9a6f1f,DDoS_HTTP,1
293905,Password,ddbbd5c1c0ab0c4b700b8e4e3f767aab0b179f56bc372895021a45d352906ec4,61be3b48c1049161f78f731b82a6048552ae257a1451c7de235802e505517340,Uploading,0
293947,Ransomware,9712382be755a07c31ed0d36961e67100a5b8f927e245d8ebe7546e231729697,15d67b93aeb11dbc8f6289f3d603abf0f5e49547624ebc1efc11203638afe585,Ransomware,1
294092,XSS,c49bc559967705dea27b4e573cac0eda705b035456ca4bff1b0856ec5452585c,b90136749596b5b65899ebb4b662bfdc41fdb93872b69102236d761dd7e9723a,XSS,1
294121,Fingerprinting,47683b92e19fdd2d00d1e096ab10b66b8fb0f5641dc60043f9c34ed3b536b214,e361ae3bbbd3c4ff174de1d64c1dbfde83e84408d4ac8f377e1306311c7a25ed,Fingerprinting,1
294208,Ransomware,6aa720d5e4f9b2516281b82f6ece1134a9f738476de4d40b1c64b12c9c1797d6,8b8769b55133d61bc6ab7eb3ee94ef210ee970dc3d028235e3e664094e54a086,Ransomware,1
294223,DDoS_ICMP,4c321554e3adaf2c1c8f73b0716474b45519db4c83fe5b0b7cf7e6f0376701b5,0cfcfa3cf858a37cbc4b385c5db997b72a72161089a8946c6f6593a117c80468,DDoS_ICMP,1
294230,Uploading,2a3eedf238ca95ac2958ab93a4d7a63b6589a4c4170cdd4ce5ca01080692b566,c3c45fadafa9bdd05d7c1f31a6a013bce01893dff8d102af6867c6624e33d7c2,XSS,0
294337,Backdoor,cab96c8ff90fe1057c7fe861f2be2cbb510ececa31de78ba9aa8eec9dd1abfda,799635b400ddd6d31ea9d96d23a8445df6032e2bb8ead17f5cc2a379144523e2,Backdoor,1
295092,SQL_injection,cabc8208faa1e16c6485f08205c6a83210a6734376f3637aa15391f8cb2ff7aa,98b3ed70843f909bb8585f0e53360943b036b156456a4b6d10d3e210ccd0f310,SQL_injection,1
295122,DDoS_HTTP,be4daab8b11ee517032be9d670a06359c641a025dd4a898971e3b7b279f55199,f74b2ea7c6dfda5bea6cf49daf890d7c958595a2d3f9bc650c94b6663046621a,DDoS_HTTP,1
295207,Normal,61b6a6a9f54a3decf9ff31e7b3f7f1a90690d663eb56efc0f589926f86b70d5d,5b6480256f89e6b67aec757c73941f72e801e2ed4183cea40a6c556642bdf1e0,Normal,1
295211,DDoS_UDP,86ab7ae0eaf93bb614f787d7ed8ea7533ce7b5f3b996fd38c0dde79c3d750312,6a343f61be748df82a54ada4206a7f3df88cc2aeca9f4462a4e2fa3dec556a11,DDoS_UDP,1
295220,DDoS_ICMP,f2b7d5f3cd7599731ae978246c6c8d17e918014bdb87ab137a2d646b3d48885c,b335dc20813a2c55bff05ab271ea6b332a6f9831b3f7729277b66e69044bdb97,DDoS_ICMP,1
295366,Uploading,7c9180fcecaa4edb73caa9f060cb9623796fe48f04f052ab1a7c963483e6b20c,2a5bc97c58dff90e6c4566e6fdc54e494503aabe4355cf559338e3ee6db2c113,Uploading,1
295391,DDoS_HTTP,9307b6bb9bb0ecb0a41cea0e7d5bc3d805276abc189975420644e79abe70aae8,41181ae419d68e952d7d9fc25979f3ad7f006fe7caec70ec4cb3513f1acc17fe,XSS,0
295528,XSS,aae3b7d7330d0770e52b0c6c7830e5c79c5f0ff8a64161d4bd93daaac9639dca,f2ba0ae04360663c84e2ab98d4f66440b013933f4f62157a9075144eb0765ed7,XSS,1
295698,DDoS_TCP,24e1ea71352b3fd733d5de5832043033168b0d0ffd2e013e5170a1565b043c1c,606eaf3ff45eb03e4ae7790936ef97b338fa90bc44c1e8deef07e4d1252a5868,DDoS_TCP,1
295822,Port_Scanning,659bcd25c8f6d9ac87f252bfaa984f0470f5edcbe10f92706d965f092f32c812,e45c20ae4cce8ea88fe3e4126b12d297a7955ade31ac2d9ab055ce84497479e3,Port_Scanning,1
295884,XSS,d0e2504abe4598670b9993ebdb883f532b671b2d94b09f78c8d63fee45f88c75,85e3ba293bb401648f88c63cdd149712cc033d28293c12608bf14b2e70ec6139,XSS,1
295970,Backdoor,4d86cd921af9e4de10d7aca4ef1dd0fe5e8e1b099527490e813df6a0d8bd3956,df3a3c832986a9de91b501d4dfbee17bc40f9a72b642b99d14611db7d4cd497b,Backdoor,1
296066,XSS,976620c78085746c8ccc788ec8945a6c683f5cccce1ea9877ef5b6c6b58af687,7346abf4e6eddf5c65e8078a0dca3227c610143a8e3ae66a1e364755a12ab367,XSS,1
296359,Ransomware,55207508c19fcc4ac8dc294b6a7864b6ce05159bc4e96d69ffe2afe5c313513d,8d0bcb2004f4e16217f62d305debe4a3142edc254133d5b99d18db1422ff21aa,Ransomware,1
296480,DDoS_UDP,4ec6761d1321898022fb98cdbf5ccd86e94ff17afa45529392d852b60b8dfe20,b4f849bad1e8191da5d15ec9248216bd143b232c4b3ac44c206e49feec2bcfb2,DDoS_UDP,1
296541,XSS,62e22b83e218c528b47aa4ca26bb8de7b29a71f2fa0d53c1ffbf1fc6094d84d8,a82ef57e3952c68902af6c458b9de0a613285c27764694e09a7de72482767df5,XSS,1
296576,DDoS_ICMP,5fd2ea8b78cdaa8b4eba7736c7a2cd7759af59dea347dfcfe151498a94f3cddd,b5853175187d4cdd0c48f3abe9fa52d3db81cca02adf83961b5cba3d8e313362,DDoS_ICMP,1
296749,Uploading,bfce874068712f84ef63deca188eb6abf6440f09a5d92fbdc87142125b4c64e9,e542029b3033cf1fea70d2823d45a433f04c326006c97da8aadaec5576ee626e,Uploading,1
296838,Port_Scanning,2df0c86ad2911c943821df6e94b4b4042a619204e51960d3926a6ffd54a73666,8a6e8f6b260146889df4938f90c016a66087c2d5c9b3c50a466026d467d28124,Port_Scanning,1
297076,MITM,bae42f1c3f3e5950c0743d0d59f28114d7ed491ee31a25135a6d1499d6732e14,30a4cdbdeb117e033080216cfb416bfe482ec31c27d733981afeee213a506e0c,MITM,1
297361,Port_Scanning,36d17d2e78af07673f36dbd0317fc77eac97ee6e6b2fc3d9be94e830f59baf2b,cf9b71bd33fee749252e1aa86d411a1b46b3d5a7ab7af0feab4b2f37c6f23e87,Port_Scanning,1
297363,Backdoor,2d6abcff07abf549d7a345857c00d57c90c1ea05b1b937d51731b3716d18fdd8,1cff1a1148d0e4ab078982bc06106b1a4149d1ab42c1341078d0dd3d7b403cdd,Backdoor,1
297456,DDoS_UDP,4b1c2e64939acf81ce13293f22e683b5ed34f6d2e1fb93f9f0eb2b900d3cd075,aea216d4cc438eca76fe943185775ab9d65759ecf65517d9b969a84841bb340a,DDoS_UDP,1
297513,DDoS_UDP,07244aee9a2c29d6fb3e64b1775d8e3112f7888a1fdc8a86c1da207e4d9c7dc4,76e4e4c9d2562d228882697e623a62a215cf4df40e548f501a9c57f820371631,DDoS_UDP,1
297631,DDoS_TCP,b08f45e0f9632c0ba6263cb79970f767c2e1637c022a66667dec5ffd90f3952c,7d7e11382b7415fc6d58fba0e122127c44a1a43f63ebb6fbc9b0ffdfcb0b5840,DDoS_TCP,1
297688,Port_Scanning,f1fc5121396c7281bd0dca950408512d04f4aae29a136400ab034c687a69d655,e8f0bb058137c5a25af3cd5263c6bf16011afb4cca61e79064f75247ab567137,Ransomware,0
297711,DDoS_ICMP,a8828d2c661dbe3603902023b883451655b6b2ab60f807c522f8deedea23b8f4,53aa7ce2dd7bca4bf94402d72890aec9435b339ba6ea7fd57b2eb444a3a7d5da,DDoS_ICMP,1
297715,Password,66264b6527d8dafcbc55ff76ea19b07ff96df600b5aa654657d24a9cfd9e60ef,313aa49bd74f71e56f0ca7eae660e9d2fae56c5c5d7b14fe9ed92c90acc3ba94,Password,1
297817,Backdoor,ddac89bc631cc80529ded53b9a9941c1e00a7c595b51261b4260b41985a3e444,1cff1a1148d0e4ab078982bc06106b1a4149d1ab42c1341078d0dd3d7b403cdd,Backdoor,1
297836,Backdoor,7302095444d2fd9f5351612aa90f0d585aa99b41afdbc885c6c124ac565cd7ba,04307f2539b50075b8af42314054493ba81d8e428dc79cb7c41e4dfc0c16cc96,Backdoor,1
297964,Ransomware,4f2cbf9c195f371c26bb8cb89dfc2a094ade084a3ddcbd2b073ba709f0384ed6,8d0bcb2004f4e16217f62d305debe4a3142edc254133d5b99d18db1422ff21aa,Ransomware,1
297999,SQL_injection,4825dfbb2d89a4d39be41fe0bbc5a5f930e3f137e090c5a6ef33ce00a055200e,241762f9257862fabca81b7a046ff9c14acc3d00bc83f5365ec83373aac1dc8e,SQL_injection,1
298186,Vulnerability_scanner,c95acb4b53ec9164537e3313caab282c5e8285a8e2073693bf76a4e044a0d932,f45d4966f23b6bb1d67312b840b0a40156d434271ca2a1c2cccb66b670451f05,Vulnerability_scanner,1
298396,Uploading,f6d4158c07068c7eef5723b85d397fe059a2121406463106c146d566c58b0737,46b65c016d8206ad27273663175cfa5bd4614f62d9b21d6c9aefbaade9013713,Uploading,1
298524,Password,20d7c0f6e96e3b52a64cd9d5228279810f7eea61289992433b3ebab64e612a48,f855998095dc7b939ab27a15cf6fa20273550b7294fb41bbc343ad1830c780fa,Password,1
298720,Ransomware,53691297201cc425419bb69ac4bd3a01dc5ca1199bfcabbea896c005aede7ffc,8d0bcb2004f4e16217f62d305debe4a3142edc254133d5b99d18db1422ff21aa,Ransomware,1
298735,DDoS_UDP,5b9f90ae11e5ff26a2e1ecac20bab5e9f731dc8e19aa244cdba218006363abe1,4bafdc051ae43d498ea8f6f8ce84cbf9fbdb80cfcfad69c746abe72b41dfa230,DDoS_ICMP,0
298860,Uploading,197764c229e8f997dc101c9c7f77a427ab9b5b27db55b156ee845114a2c4fbf1,6ff0ec6cd013b302e7d5faf051b9310d22eb31c639d26080ab3365622e9809f9,Uploading,1
298961,Uploading,12472d61b142f9ab60556cc2f2d9828e80834df59c79e326f30d44997609833b,99bc6221d99792480011f65e1135328853caddb921618f445f9d2447067e5825,XSS,0
299083,Vulnerability_scanner,913c0bccb028a3d96ac69d8bb91a39fbc624bb82c1af770b5004a3e7bb37706e,f4181274789dfbdea6e7e53ee7447af5e5bba46a9b2f3044706242b86a9f3b73,Vulnerability_scanner,1
299122,DDoS_HTTP,f3ff838639750c20b91b1bae852342fe2977fda21ff6f0b91318b9a1c4deb992,ba63e94af5609a50d12f31c80c5975f1a7e1209c7ea999fcf23e2d9980bc0002,DDoS_HTTP,1
299163,Vulnerability_scanner,90d782e1c27445d2bb1ae2cb47ec3ac1fb15ca5dc1fd155fac6a9738bc6a7d32,e437dca58f3a90d480840d4f9ba3b302b8d2f736c0c2e2d95887d654966e9232,Vulnerability_scanner,1
299224,Vulnerability_scanner,78784178f39745b2138cc82031b682d4899f320b8c02a792ae720a7ca3f3d2f5,f0f7dadb8c2bf538aed79ec6bcb9f0415ea872aaba3a659af371ea5079f9f035,Vulnerability_scanner,1
299495,Ransomware,a0e11d61e111932bae9dc50a85bde391450a1c90a1da55d968dff4cca35245f5,238218b039283f5a45ee0d38f4ad7e90ea8db0b682a1f59d4cc6831d5db1ceda,Ransomware,1
299712,Uploading,c0b1d4171cc4e4fa9e737826e90bb27d0dded3f3a2aef86471baeb79aae6605c,77afa42bf2da907e26cf13398f2a8f358b6c5b648035ae6da6a7e989bf723cd4,Uploading,1
299801,DDoS_UDP,8c407ef7740138618f8ff207fe254f8c9523ad1a20eeec62cc3a725a1983049c,00c2389343bae261a23f3773816676e4f177ef82ae38d58e37fbc7804554d3dc,DDoS_UDP,1
299874,Ransomware,79cb58b441163285705f0dafbe056dc303aeb1134725782b6d3303e80315cafd,e8f0bb058137c5a25af3cd5263c6bf16011afb4cca61e79064f75247ab567137,Ransomware,1
300025,MITM,2c16fbcdf9ae764396db726e85d88d51220c895d6cd2d13557118654b1435d79,f16f93b86149b5877d6393eab597213a591e2c77ae1c20e329fcee0d15aabffc,MITM,1
300036,Backdoor,38785ea9a5dddf1ba5c716c05660122b53e6f2b6cbf1e7547a7f22ea61afd413,208591fa13d1444b3c73e3d95aff3a88601c213e90b4bf92a6f8e8804e6c88df,Backdoor,1
300058,Uploading,ebe853db497843a70013e0acc7a9a957c73c1c52d761b524460cbc1016df4c35,7b75593e46aed9aa8cee9cadd230175d3d7b3a0b7dff3fb6c1aec548e34cff00,Uploading,1
300336,Fingerprinting,3eb8ad936fd3254bc2580b4e347527564344ef8f7ffee3631345db37dff7511c,1cb1c65e596c0b2837fdd893d29886b43c8ec61454af23f18ab4b278f977d952,Fingerprinting,1
300508,Vulnerability_scanner,9a8b03e962ba04c1a6869aab0d98953e71ba9f88f62fca4ec4d1552de28a8969,540586de4dbd52f23a4a914822a0d488f3684bf5d39296d018848d403bbcad73,Vulnerability_scanner,1
300534,Port_Scanning,2531fa1c9476cf4b571237ef99d14946f2372d71f1670ca26a21f36a6b2406e2,16473f6be39cbef260590d23ee699b734351fb14d595e5d3126d8486f39c53ea,Port_Scanning,1
300699,Uploading,b9fd73fe31c38f60e2ec60be87ea88c65fca3d26f8eb67a1a7631d65774d6c1f,7eece416e0aec999ce3447c12a8b978cc7573a46c63efba11079d95cdaba085e,Uploading,1
300731,DDoS_TCP,21b0bb3e37d6fea2c0d9f1aae2fe0e8c79ebfab7e5cbf31da34d3a346fd4c665,739710129b98713c5988f7be64b8e6be356b6dffe7cb4c127078b7c29c39291c,DDoS_TCP,1
300837,Ransomware,268485d4cd98a6b479c578090bc04b6f98d4eb7c8cf941b3bf63645da8e1bbc0,c9eeb6265a99aad8b7c87ef3f8a2c2be32e4bf5441b37bd864a7a8c7fd2ff36c,Ransomware,1
300881,DDoS_TCP,3ee8fd3353e0e5e3ccb1a8b4ce6b24fccff2b1605f054184923690ed6e74c369,46ff67e1a01258b8ae145d525e4580e2a11a6c906694b0f3b6fdaa9a64646a13,DDoS_TCP,1
301115,SQL_injection,14312d4edfc56b49df8c931cf42cda1241583bfe6f8a99eb202a4b0f966b57e8,d34f6dca2412a0d8cac837fa955a404ef390b217ff930d71e8edb55b8b63ad96,SQL_injection,1
301139,Port_Scanning,9dd573f0d595a988531e8999eb4d7cd5945a6d6e4e13f49d1d666467735c1d16,408181de089f2ee8f0a805e4bd199a87838b3dd2380a3c6d00886634d89d5f56,Port_Scanning,1
301204,DDoS_UDP,bd248891cc8bdba5d874492e4a8357bc99718736fcc2ac131401c749f325628e,6b6de32b21b9569972d4f90d809d06c088b914bda21f19d4b58225f2e1bb8b4e,DDoS_ICMP,0
301207,DDoS_UDP,c6697d846609195fce1b2a432d792bf222077e01720d298b4faa2740aa4d8a11,90b92df493a483e0039a4d43212139d6c8da6f193e19888a8c6e875b9997ae02,DDoS_UDP,1
301277,Fingerprinting,e7c0cb20a4c4ff24ea325f506e46d78b3c2ab4b7313fff5335f9941dfec1663e,101455d87bd7f9601a31d6f0e43cb5e13c8378f0db5f0d671b0e95d7e937291b,Port_Scanning,0
301348,Uploading,7dd4c644f0b8f2f3d67d8385cb5e20376abc265e4a47dbc00b9e1e27b6bd8f11,c75392adc41dff744ed5bb1c19d1fdbc74e4b764666681a59df9675bcbc8c8b1,XSS,0
301477,DDoS_UDP,cb35d60bfe542eeefe338527efb8f0a056c7d1191c86555c71c63cf2ea42cc07,3972db9d57f3a5b21ea43f24158148e130275bc44dbdaea2633eb3af06c98243,DDoS_UDP,1
301510,Port_Scanning,2e72e013ce4585d5fed6dccb6f607752fadf06ee32ab5d98d6515ff2524a6a0b,096759d00ab5b330f2b5199d4185ab72a77d5e714522f28c4f51672d7d29a742,Port_Scanning,1
301526,DDoS_ICMP,2dc256d807b84f708a6055b4be3ca28af4375742a261f65639d8db2458135dd7,e25e7dd68d3dc868a4ba7fdd862a2ebf62cabd26c176015130788a162eeef9eb,DDoS_ICMP,1
301537,DDoS_UDP,4f3e0cf97c74061db39d1cb3c49c18a8cf9763bd4c9478cb68843d46d631b0ed,d3904b8deed621d590a94f5fb676cbc45ab2a3ef2259d9348373935af133ff6d,DDoS_UDP,1
301707,DDoS_ICMP,84756d9f7a50a9aacb7540261d06f2cb4fc1b396a5f1ae98b51f25b384173adb,65fbc6ad7f1832ad8af89e4bc90b61f31e664d8f4c15cdf66b3964f0be2e213b,DDoS_ICMP,1
301840,SQL_injection,eba6c8bfdf45e2661ab9d331b4dec0f4430a417c5c05ee7c9df08ab7e0ca5d60,8e75714e4088e5da0b6971d44d9fa1e539aa90dbe82e52d71c248a1ca5349c05,SQL_injection,1
301879,XSS,1e77267a6f8bff36afe7abc94225afc7df53feb8234d405ad738679ed6dc47e5,ed32da245fdf8d1a893dc80f0cd69b3601dc2f45130b844ae9f1689b3b775ac4,XSS,1
302001,DDoS_UDP,3c37871dbaadd6c449f3e3ac309eb58cefe624d9224e21c75dde25382ba3f8f1,011a565c82f297963b67f0f1b39c0a0420be5654624b13baf5e4bf0d48ed326d,DDoS_ICMP,0
302149,DDoS_UDP,f8823de848d297df6e6ffb289286f584f74785eace081b2fc44cdb7526bc3c06,2c6cf4fa64e88b2305160d03e438687dfcee8655f9f7ce15925e1ffd65627259,DDoS_UDP,1
302643,Port_Scanning,f423c0d09d13aadb0047317d7659ec85be892bc84b4739588aa1ed6f2ab908ce,13226e181f4fe26f7ca92e8a9b38e05e952a6809960a54dcfd9c465bf2081947,Port_Scanning,1
302748,Ransomware,cf0631352c5e965ce1d187853761540875d58a9a4e30c981b200b32fc780bf30,238218b039283f5a45ee0d38f4ad7e90ea8db0b682a1f59d4cc6831d5db1ceda,Ransomware,1
302818,Ransomware,b73a514a5aaaf43e3f673a4e481f33fb44551377cfafc37bba4f9bca770b64ce,8b8769b55133d61bc6ab7eb3ee94ef210ee970dc3d028235e3e664094e54a086,Ransomware,1
303022,Fingerprinting,dda8cedbd7edb9a03b6d0574b4f40fe25854741fa65206e3e9f9c68645e75c22,101455d87bd7f9601a31d6f0e43cb5e13c8378f0db5f0d671b0e95d7e937291b,Port_Scanning,0
303168,DDoS_ICMP,bc205324d3e9aa46ccf330abe76c6d7369481c26e18b3b63c8f451518e1dd45f,8fb0b21489d0d8e55d2f2648392596e2629db73fd529cfb31509f6a780dfacfb,DDoS_ICMP,1
303430,DDoS_UDP,3a51171d69f68267d358c2099277cbd02414277ad87e4f6efde9f0a6aa94d208,92b6eef094618178acd86fa8d903d1133bdb03f373670c51995c15db1e43bc95,DDoS_UDP,1
303477,Normal,0a8a4f37a2dc991b704bba78788bb3fb660db955a7c6eb5f06508f72e1b799c5,3a5e8b88af9069113039e6fff6335cb781d5ca78c45edeff0d59600f0d152604,Normal,1
303494,DDoS_TCP,13308ec5fc67283d1c604c044d6c288b73146b2fd93d04f74fd1eea261c978fe,3a33d1cf8109ae2e52c6ec411ec670e7aa475e784d7443c46b44ff473eaa7b2c,DDoS_TCP,1
303502,Normal,74cf59d211729dd4b7a3e44dbdd9adc49ade2c36cd053f940b75157fafe784e5,2aade08cd1aec4c6268cfa45de4cdaa68e52f0e225c017bc640d6e250405d28b,Normal,1
303756,MITM,bae42f1c3f3e5950c0743d0d59f28114d7ed491ee31a25135a6d1499d6732e14,30a4cdbdeb117e033080216cfb416bfe482ec31c27d733981afeee213a506e0c,MITM,1
303909,DDoS_TCP,b24c4d3e0b113d0fce4829ecb3551db230f621be1536d8810b934659c3fa6790,dc51d7bca7807a88fdd879badcca90bf7356183b33449cb6ae0e6091808134cf,DDoS_TCP,1
304260,SQL_injection,bae39b29d23bed282255d8c1233af1af70fac8b8227af030e098d8a20ecbdf9a,c7148319b9ad80d880bded39243878b9556a06cbf1154a667aea9e34fb09a041,SQL_injection,1
304283,DDoS_ICMP,4b928f6c7f02499f5e869d99a68a55ff62452ab406441c859299a34db08dacd0,e6b0c87c798233f14d4ec8a03ac149aab256ad5bf0aca5344a0d4555c87b1dde,DDoS_ICMP,1
304292,DDoS_ICMP,5c964c84c08b8b7ed4b4dbbb1c18b3bd16e272e1e88cbccb0f99772e9b46d844,292f592e6e2d3b6151266f92ae815d1492d5b6a1e26027a95e69efee53d0b7f7,DDoS_ICMP,1
304334,Uploading,91a552144f787bc98b9fbee8cd9eaad7913892ddfef5f939d528ea7bad7a2c36,a6f4649023fce1685f4ee63442290bc22c275bb1532ae6471f0f070c2a8599d8,Uploading,1
304371,SQL_injection,894adddebf2f8952236dfb4bfd68627fe6eb507a2ae5901b6ccf8acbb547de65,4cfaf76ca01c1e387b7169e11317e3b935be8c30a56e4406c15d2034bc50575b,SQL_injection,1
304392,DDoS_ICMP,9fc6837da2a5ea40a882f10e95522359bbcd33738d00869701782babb0fbe2c5,1a637f2900efa9b2ff5bb3828200bf61f25701c811942c5e0bcc7f2954a0497c,DDoS_ICMP,1
304626,DDoS_HTTP,38e712f4734af7a1479658319d34df23a8f3980f5da25d995a5f3b1c6d3aa934,750100b86104bea354bfe2f882bab261bba723191e2058569770c6247387cd75,DDoS_HTTP,1
304629,Backdoor,0097ffc88c070b04d08fdd6c0091d86f0b890adfc336e92087a91c21ea991505,799635b400ddd6d31ea9d96d23a8445df6032e2bb8ead17f5cc2a379144523e2,Backdoor,1
304777,Backdoor,97da861c0c038935611e220ddeccc1bdf6de994b30b4e9f6366162a055a6e67b,fa6df089bd19511426edc1bae8aa476babc04f3bf650f9efe875f1dea44bd299,Backdoor,1
305024,DDoS_ICMP,d0e20f4d284457f81eba1db483244712741edb2d991a81d01d437ad86011384a,76c62cb191048d7f794c7730aead08e90a1ee93dd7cc6c9d213c8618bbfb8649,DDoS_ICMP,1
305070,MITM,68cb9d2a5c1b84997c0a5693295edcfc26d09cf1af21ab384f90dff210dd0d19,89cc3112f38bc350efe19d00e845c613de608b2596c6d481137593aef6feea38,MITM,1
305281,Ransomware,fdca379f37644fbce56e0b3b2411083c50061a006211f6d2bd70e14be9ef81ef,8b8769b55133d61bc6ab7eb3ee94ef210ee970dc3d028235e3e664094e54a086,Ransomware,1
305344,Fingerprinting,67d870ef45071985cc3c9582ecb8e0f12a9e38336977c5f497994bb52c61efe9,3810abd4703baa61fd3b490a6f2a4218fe19e0e6c50b18004e38561cbca34d8b,Fingerprinting,1
305510,Normal,054eaf09f29fabf0862039a2ea2c462a79dcea7ac889fc11df2a79829df4f3ec,25151bf4ab735efd7346b6969affa371acb0b77d74c6ed0d88fc7c4a05a0fded,Normal,1
305529,Password,fbb8203254eedd553649203bf6f3d04baf711f98cd93f5753b1d700b34146cc9,d5bdea635c35bc1d3cd27f1ab8c79cf64a2893ff7a59f3d9c2c90621070cb8f6,Uploading,0
305561,MITM,d22cdda13141a716124a7a6d66fee5b39009cecb533a43ee1b7da2fbeda32293,d1ca59a4b2348861eb2e088f5e445ef8c2c3a9548766140cec48b5647c15361a,MITM,1
305579,Uploading,97cd1c6d4cd61c0f35e90bd60c103a232b7d0a38c81dbcfe85bc6e1d3e6e950f,dc1daebc20bb90a1c2703b9268f864c2a5b1946cc606619974d35cc5233de177,XSS,0
305773,DDoS_UDP,7f41a06f51be20c5925a7f25644e276a75638e6746a027a356db5da5c86e13c7,1300646ef1d6268fc4a8b9a4181c09f29674fe860a03490d3c27bce8ba82c775,DDoS_UDP,1
305783,Password,b1c01c4b66abf80470e55c96d910ad031256f17c00e78ce459b21c016f55bf0c,a28b227ebe8a75c7930260d337fb8866f81aa00245cf38335ebb7d069fb96037,Password,1
305823,Vulnerability_scanner,7fdd052cfd20d456e3ebcadf20d5285422944eb28e79f526bd5468d1aa8a973e,c37b1d720856bde61f71524302b915adf5a40b0b4f9de68a2f99fe6794cb9ae3,Vulnerability_scanner,1
305837,DDoS_UDP,78941bbe3254442aa6d971e744092c254af2238a2e53543dcb2cdb2d9a3a2b28,ebfff4233255a74fa14661a38055ca013a04c4c355fc5c68a3a6e3c8190bd913,DDoS_UDP,1
305970,Vulnerability_scanner,a7a55546e73a418c67275be076140f1e707bad92919f81dc1babb09a5f0b8c36,3b4bb096761b6ae2058d1740b33235823426a4bc6953057fc38190f8c20ec69e,Vulnerability_scanner,1
306036,DDoS_UDP,681f4492e4d4202993efd95a77e30b874e043c62ef313c8640c89a363cf1c148,b34900770ac229ff5d6cd8368f2f6438c14eae1641d08a3fb5a498e96865892a,DDoS_UDP,1
306119,MITM,2c16fbcdf9ae764396db726e85d88d51220c895d6cd2d13557118654b1435d79,f16f93b86149b5877d6393eab597213a591e2c77ae1c20e329fcee0d15aabffc,MITM,1
306151,Normal,62d1bc56556e999ba50ad182a6b98c3b74b6b3655f1e3fa65156736a78fe0e2e,97c8533137dfb29df0a98c896b3e5bad808ad32309d6af95dfefea4d94d780fc,Normal,1
306301,DDoS_ICMP,f1750594f56705865712171d2825da22134f8989cf2036d672ebd23179d066a9,7168b1f3d6cb4efade98ed9d15579df3937b64f45e1177ad210d31f5452e5fa6,DDoS_ICMP,1
306540,XSS,cc11c90be4547d192455e9c1d81259bf4706fae950b97d247b60e00ef7803cbe,52bcd384734436829beae4c81e51ff3d1b9da35b96b34b70faf911a964a4a34b,XSS,1
306610,DDoS_TCP,276ab078e8984548bed131c650826cd0f1bf66dd7f3417afcc1972884d131d51,23c27b3264087119e8fd258c3752c98241758a13cfc11e118d6cf499f11f519b,DDoS_TCP,1
306705,Uploading,f922576d7f2c34470825b7187d718694d85d019b6f7871ecc85233d6e6e1ca44,7719ac08384de790985d03dfe2d3cabea70133175b803f1a8b358d17a7c9436f,XSS,0
306818,Port_Scanning,9615d0e51b69cc5898365c82a3c7da80d397b7daf252b8519da9a6bade9d25aa,004523677f01e1f87c9977df37d3a1c3006718575174fb5761ed539b3ed1219e,Port_Scanning,1
306882,DDoS_ICMP,20c402ae6d2b3084c0c00d4a31e9631d6f7b5f8a6ba0496c7a06997a3d46bf59,8c28174ae1bb0b84185054ea78825fefc711a9ff595986fb8eeb794c62a8e81c,DDoS_ICMP,1
307023,Uploading,e47341852a474b0088b424f3b3871fc52960444fdff94185786d724c23cfeb9e,f46af6e5f44abbe1c6af349d39bcc5f143c3c8fc43367db1a0cf772772316e3d,Uploading,1
307061,Normal,8febe03617dc0e7535591b141daab1a0f23922986652d32187752f6a7db344fa,3e430cd1e0736e347b303af9b59ebdb133aefca1b6cde839d76ff1de035d50df,Normal,1
307254,DDoS_UDP,5786084153253be04701be5c4711601f44baf70ef54b1417706d0582da90eef0,3d22c05d113fd98019f57c0fa06972f97d0683dc19be3bf67259387fdfeeea68,DDoS_ICMP,0
307311,DDoS_UDP,ae136c554452a457d1fe3845a751519c860bd30ca86fd015caae27af40f8e3bc,d6f84675ff0b8071f88508cd1ad1b4597158e52c76b1d64ef5fa8bfdd616fd06,DDoS_UDP,1
307525,Ransomware,3c8bc069052c229f6630bb03fa0fa7a44e5167142e9e6b86446447ec37926ab4,15d67b93aeb11dbc8f6289f3d603abf0f5e49547624ebc1efc11203638afe585,Ransomware,1
307759,Ransomware,ca01255e08ae9099a92c7775a23ff097fb75680158b9c5516d1be5ea450ce735,238218b039283f5a45ee0d38f4ad7e90ea8db0b682a1f59d4cc6831d5db1ceda,Ransomware,1
307766,XSS,4de06a4f7e4faf968c1a1ed4af9cb691d6510b026a16ff22746f6540733c3ee1,53541f73c1726e784d3bae0522d40101c6938c553c2665b3303411696a69959c,XSS,1
307918,SQL_injection,f72fe03715811b508053da3da8b39adde0f9df66f06155a217176eac7592f666,937250022304b381adae1e400fe21058b42fb089c37b2f9233a7b948305ea52b,SQL_injection,1
308125,Ransomware,3d8c30ca3be03073556b1b114d931db84f79093775ada450f9c364203b8a4264,979550698efc92e409a07f8ce14e1406733da263c8763b436bfb6bd074e50719,Ransomware,1
308242,XSS,e06cb872df5e5b0bd50184a3b2415087bdc4d898a9e59453b32c9b9d55200143,7f61bd1d56d779dfa9d3f67eb1e04c2d9f8aa62adbb5d5965db659e489ea6f87,XSS,1
308369,DDoS_UDP,2ef7c65629bf42e8c22759e0c668d2e4924dd75689b215582256c6e9c30921b9,624c5b43510816b97ff59835ea6dfac62fe71b557729374157ac1c7f4597597c,DDoS_UDP,1
308381,DDoS_UDP,b67b1b5737e2bdc20c679cfbf0a05c638ae2352c07ab93c021136fe9ea3c5213,7cfaa140f33a357199267ffd300890378b0a1d31f7d4ddcb4c41682039c6541e,DDoS_UDP,1
308407,XSS,a927487a89b00c92fd51683cb1578d20a4c9bb301a2ed211b52c14d7c8536248,187bd2f9e9c3803092eb79ece5e995d6010fd9be6f9339d8acedab47e86f8d14,XSS,1
308417,DDoS_HTTP,59abd52d2a944c4b91d3bcca4c52df518fa02670d5890992fcbeadb5543b32ef,aeff73a25dc0147f071a6eea1c8dd0cf852c0ace748d312b90993236a0b69c82,DDoS_HTTP,1
308463,DDoS_HTTP,7a2f3a9b17daa50c7e83c01542b441e9ee609c7e454ec153feca5a913340c909,8439e6d779d712bb52da007a2db484776cbd807b98c1c9a6e2069729494d7c96,DDoS_HTTP,1
308478,Fingerprinting,6514c70d0f805aa7b1d10b9d816c448df94d041b7f911128501d11dc4429ae67,e361ae3bbbd3c4ff174de1d64c1dbfde83e84408d4ac8f377e1306311c7a25ed,Fingerprinting,1
308506,MITM,2c16fbcdf9ae764396db726e85d88d51220c895d6cd2d13557118654b1435d79,f16f93b86149b5877d6393eab597213a591e2c77ae1c20e329fcee0d15aabffc,MITM,1
308590,Port_Scanning,efbccb7d9b2bb35d3e24cb0e8274cb6af11178a7d234655bf2bcef010cdf6392,4c0f3e321b48fe191d19f6d036683fc074a24663f7bebfb7f4ab9e4ee526d3e5,Port_Scanning,1
308849,SQL_injection,29d90b004efdf1bf2575fdc3e9ba6e0eac0be74997841a1d33d1f56b11d9ffbb,6fa86a31630c448ae9509d4f8370cbc46c757d540a72ad1d56a1fcc07b613f1c,SQL_injection,1
308999,Ransomware,58b52855ee1d48cedf2da85a0d79204ed0bd4d275b44cf66197fb32cfbe2ae95,db5a4a14bb1a41e3c6589f81be0ce01b9581d7aa558baadb59a86949230486c8,Port_Scanning,0
309207,SQL_injection,349d8012c75b7ef63a7779cf577abe9a7a2e22bcd30fa48f8309c61c408c7772,94b14b8be1e3e790236e6882428d4599ebf098bc9bc3dbe09d470e2643358a01,SQL_injection,1
309344,Vulnerability_scanner,8f831729f1745eb7d061675f95595900c21ec284b3672fe8fa8bbef25ba77205,6e76a54887303ca91a9451ef759463e62dd92121d2a333ad790d4e8179d54a07,Vulnerability_scanner,1
309359,SQL_injection,4802e75307563c20abd6598015149f32eca3402c8c3439257dee6ecd99b182dc,4d6263dac903a9634991c84a8da4d9bc28db75a621e8b1c52f020d9941423388,SQL_injection,1
309534,MITM,d56e43fb7de6cd3731f2695cf9139d3bc5857c40833b85021d84a9767f2f028e,89cc3112f38bc350efe19d00e845c613de608b2596c6d481137593aef6feea38,MITM,1
309589,XSS,18d199c2f65d8d820c26b865a0c7aad4b14a2d394b4b1ed80ed28dcb188c046d,1ee229c857c83c464d072b4b1e97bbe3e1072be8cc1b6ab556db6c3585cdd3b2,XSS,1
309630,Normal,11417a397cac4da3d68c1ff851894b8c06573153752450074518a1eee214a449,a3547e9605d0b4ea07d1f9bece59f7a23a7603b6fbbc847f4a064df25fddf444,Normal,1
309695,Normal,e478b18b262b58c2ee8c88082b59c36dd346b5987ce58e75b57d1155cdd22874,96578c64da6025662297ebdb4cc64a4e93628d6e31637fefd43e75c7553c81b5,Normal,1
309752,Ransomware,6de9ed0810ef23401e8dc9c6318a588efeec65834fbe858e2518422f9a7fa104,979550698efc92e409a07f8ce14e1406733da263c8763b436bfb6bd074e50719,Ransomware,1
309808,Port_Scanning,fc7f78e43a557becb1bd2a07e8890568acda7ab7d3fd9fd741a2e5408eeb0ecc,f062260068058c28c130838bfcc21f618b0f83d17ee543296aae40b11d7c33df,Port_Scanning,1
309898,Backdoor,7929ebadca5b3ce68658a371956d7c042e247c3e4f5b2b3f255eba1aa0f077e3,1cff1a1148d0e4ab078982bc06106b1a4149d1ab42c1341078d0dd3d7b403cdd,Backdoor,1
309932,DDoS_TCP,6fd79e67fd5d5903485da0d6737265b081c40e04cfeffad8c7c9c82454338857,2cc18e39e156d0945fe9e1bbca960c1c57e405ed6f930baeae1101614f377b2c,DDoS_TCP,1
310050,Vulnerability_scanner,5ba4866c958c761c14e6923f5d3440a4eeb39bb99a7b686ed12215bc7268fd7a,c9f6da2d8ca14bc19ee7f328fd149645ac0097ff083736965ec02eb58345689e,Vulnerability_scanner,1
310083,SQL_injection,4f0a222e68d8c9eec4649a9cecb1505bc241038a1f86fb7dca1af9bc9a4e72f9,0a597eaedbb18b26930c9c998b24f65f359d928e90de399ca7599d264b0f54b6,SQL_injection,1
310193,Ransomware,92734ac1dee109ebaf76d4420470fa65f3440350e79f4aa7c43d1e9161ec7437,238218b039283f5a45ee0d38f4ad7e90ea8db0b682a1f59d4cc6831d5db1ceda,Ransomware,1
310298,DDoS_TCP,7671928a1998d0e0711ff59e06d4d034ed5ad2ffaa3d524752b6100f036a30c7,8087d3f9b7bf16621c2db9546474d8323ec05c15b8eea6351db19f4bf7bc9e2e,DDoS_TCP,1
310354,Port_Scanning,921b8ab4ffcf141594fdc17a37f3313999b35d271c697f89efa0e3922b6abf71,32398f269883a6c4d5dd3212199cd7c58b8d16bd8d97e5b7396c46205732429b,Port_Scanning,1
310382,XSS,879dedc6d50b50a80a530cad5a619e3b2f83aa0e837327d2b673ce3b934fb59a,a9e59b90418433364cad9e4c9eb94556c9143fdf189fcfba6ca0f4712d4e32ad,XSS,1
310421,Vulnerability_scanner,6f0073178efcf050f6d422d4a9e27810c8dac7936ee6e6f3be48e0a201f0678d,d9c4938fc51ca597647c2e2bf216fd4c6e3f1cf9efcd0f864a7a724e9e590aec,Vulnerability_scanner,1
310489,Password,4cecff00217ba917162611255a5070a89494ac99f80da763549bb756cfda6154,91081b5e825d4f34f47d7b36454384be54b888d723c4e70d20e2310bf35c6dbe,DDoS_HTTP,0
310647,XSS,583b74ff3dbb96b0b5b2becc0c4a4d3056203cedf0a915423817a6074546deec,46939c7efe4a20d1d920805e5ae66d1444b0173d3bf8ebd02d0dd8aae74f7bd6,XSS,1
310978,Normal,4aae4d5bca10fb700e53147c4820026d727e66595aadc8f2be52393d299b6ddb,699849de6f7f2005dbe6c504fbd55982c5dfa05a65e9d4ce10e77a5961cecb89,Normal,1
311034,DDoS_ICMP,1374f850499e6ff6dd42fd5ab8cac1738b2760c35e6fcde9d62af17f69594ab3,11c75d4e0c35ed86fdc43b227aa1779c2a3f99147d32977f4e7ba8ebfd106934,DDoS_ICMP,1
311101,SQL_injection,af33fb544bddfe346e23fe3a196942a0dedb066aaa4b3bfdabed42cdcbc02e3c,0c8c53d67d03cf3365119d4a6291cdb742a86d44c700105a52e510f5ae5a842d,SQL_injection,1
311224,DDoS_UDP,06cae53f05d7776ef4f7cb560975045a366dc83f25fafe89ad8918fa14433bed,e3cad78bd18e44dae5015d4da06b744bd2d0f3211788a12a3d5a3d40c0ba0f1f,DDoS_UDP,1
311258,Uploading,8da03c98aa598d7f52a39137436e3efba37290a521b1e48b3bd6b64764ef495f,fe9b8456dc26e4bfd5cc52f13ff4c0d3bcbb91ba1a1904e70d3f55ac6f7d4053,Uploading,1
311404,MITM,bae42f1c3f3e5950c0743d0d59f28114d7ed491ee31a25135a6d1499d6732e14,30a4cdbdeb117e033080216cfb416bfe482ec31c27d733981afeee213a506e0c,MITM,1
311451,DDoS_TCP,bc10683789d697447587fe0515823c57cd728bfdaeb91d4ae2aa24f144502ad2,695d3297e49bbd37fae6d26eee53c438e2b4fafb2ed39b0f619b4a0299c90b73,DDoS_TCP,1
311503,Vulnerability_scanner,828f1f08588dd348232d7c5c72fe3226beefe3f2e47ceb4d017710ddb9ee2285,0a136614e3b24a10fca8556c44b11f0c21ce0f1866dbcb7b7fb5fbc723988e28,Vulnerability_scanner,1
311525,Backdoor,4203845b93eac7925b6960f695553b352eb354ebec8fe48b87477661304ffdb6,e0f6e22973877c2d4fa08148caaf99e3e2e2e7edbc63e55d1f2d846069e1299f,Backdoor,1
311670,Ransomware,92d0871e9135defc2c7114b7c697d3051f711789975da5dadcbbbd2be9f0d1c2,238218b039283f5a45ee0d38f4ad7e90ea8db0b682a1f59d4cc6831d5db1ceda,Ransomware,1
311683,Backdoor,5df4268ea223c2a6e0cf9c69df6506eaa8a64cf5861410452ed7ee8f24359102,1cff1a1148d0e4ab078982bc06106b1a4149d1ab42c1341078d0dd3d7b403cdd,Backdoor,1
311776,Normal,4c33d96aa3c83e4df6860a54cfff1478a74dee2ed460ea01e97151af3f24ef4c,05022cdee8d8bc5711f33d8bbf53dc1c8eacc70ada833414674bb7ca2ea0e3aa,Normal,1
311963,Backdoor,ecc2bdebcb9d54eb3103bb5a489c189ba0e01cde5931c83350fe3dc98029c563,48dd69601710bc76dc4ba6ebf25e8bdee90ca014638e0b55737391ec718d5028,Backdoor,1
311990,Password,639d67d4e5b9e2649c83a6692864decb08cc6c8dd4429d98d7c16c383f225ef9,0f6a3eb1c4278ca21a12c3feeb699a15ff4fd77ab1cf8166b075bce23661f90a,Password,1
312016,DDoS_ICMP,d02e503ef33228b40a74040379aaf881a85370ebf90aa943a03f673b8a7a9940,3edcb6f37fe441014c6a53114f2268177484871277665b2b98fbadde4df87543,DDoS_ICMP,1
312073,Vulnerability_scanner,6a62ec7c7bf6b782a5b0ad43580015bb5e32397d9dfb1fd701bc780ffc59cea8,43d6b3d9fa559450f5c55f363f7080e9946e2d44ad2f432886647de3c0d97951,Vulnerability_scanner,1
312256,Ransomware,5d85b5e874e66a44a0bb9579370dedcb958d5ee818f6cc628482ee89599ab4bf,8b8769b55133d61bc6ab7eb3ee94ef210ee970dc3d028235e3e664094e54a086,Ransomware,1
312380,Password,c1b326cd4914d4c0d24adf33071d5c13bfd7211ef3475e101e1df3ac04648103,d6626176f65fec5b0ca57e99f112bec56d42a7d7d6658d7347a2f3366ddadbd9,Password,1
312403,XSS,f188fb25160da5465abfa8e1cacdf3ba557b86dfe4d9b95aa441c46e05fa79d6,21bfb8cd4e0de1d5a091ac6d4d518492c70257d16123b453f3cdbe48c0dd6480,XSS,1
312432,DDoS_HTTP,fc0173e3af5bcb0d1f782bdb6ffeda28baf668bf279e58119cc4db664dea3536,99a706b9790f39951f4a1d3f9d7b8c871c5f36eb816d30776249035658ba3c12,XSS,0
312466,Backdoor,6d53d31830a07a739237ac9e59d76e3076303b66c7aa978b3872b8c4473472cf,1cff1a1148d0e4ab078982bc06106b1a4149d1ab42c1341078d0dd3d7b403cdd,Backdoor,1
312570,SQL_injection,4c7136c69bc66b8df6c4695c2b73578e761ff880cf0d32480c4f7120903aa38e,4658e23e41b5192a5e819d753bee362327d77f94add8cdd59463a33b92624bf7,SQL_injection,1
312595,Password,50bf3a44be88d17ef1cef7f08e830e63bd2dc901f48307b839af16a07bddf6bb,afdf73751f6d7adbf3b622c9f9874c27690feebe1f2fa94fe29f6487bd7e6b15,Uploading,0
312617,Uploading,bc6ba8b57722d60d03030a4a3a0a8f2ce12992378ff732a96a21bd7cc71b2b10,0fa2368b99164c7cde73b5abfd54b8bbc75886e83e6c9ffef250f144e3a21506,XSS,0
312641,Uploading,ec4ee3a5c017b7f95a6561f1aa33149bcff349ce103e663028f9e0d9b11c4b7e,2390f189914972191eccb7b634bacaa404f0a97458867d824e0f9e04b32b7691,Uploading,1
312643,Fingerprinting,91c8642a2ff57ac1bad0f9088e0d910b28f0ffd465194a3a5601cecb90270081,101455d87bd7f9601a31d6f0e43cb5e13c8378f0db5f0d671b0e95d7e937291b,Port_Scanning,0
312774,Uploading,dbdfc65a9970510470977c422757d3129d73caa32de13d19036c576f086c68f6,a8622d32f420f37bd3c22ea87c20d358f0066f916cb18c986ae3807e16f670b7,Uploading,1
312798,DDoS_TCP,54d59c49e63d9eff145f912db15d919d1fc436e2d3b3534e18eeac6921f23e63,75ed55958e18604e047313f19e1c7c452edd1750e8152319c1ede1cdf27b966b,DDoS_TCP,1
312801,Ransomware,74f18c59d8220b7f509122b4074dd8080ba4b005a3348d675128294956fd976d,238218b039283f5a45ee0d38f4ad7e90ea8db0b682a1f59d4cc6831d5db1ceda,Ransomware,1
312884,DDoS_TCP,a14bd446a463718b16a517b84a1f6f96f8294a6b92704c43a2db0c710bc8099e,d6650d946e321e7d11e3f9b8430b06cf91d3f713c150d3619fa240637a360f86,DDoS_TCP,1
312928,DDoS_ICMP,e0c9b289276d3b28f1782f0dcdcb5e49387ac6f200b7a28a31d75f847a2b160d,a2a354efada08114eda40371dcb39a7611ec33c7a04b66e1a162aa5a27f0d70b,DDoS_ICMP,1
313203,Password,7bb9d6002a00e2b97b07e733783fcf7a6203bdde97cc42c804d0df87c56fdaf7,e51f1ce1c2198ae8b094b70905ecbe9b9b00433d3adabb11701d52fedfa11d02,Password,1
313378,XSS,932bfc8864ff16dde48fa367d212781e14f3816b1486c4a1cdc652ea74d47ff4,ba373b126103128be3b3276c771cd632071b68ead196f6f602528199e4bc9805,XSS,1
313544,Normal,d8518baa08f6705453ab08f68d62a5ccf327ee4f82a44f1da3c42045f91766d8,78c7b93c1d677abba234e7a74990d68e22ac1e06f1b9a406659b51464619d7a9,Normal,1
313782,Uploading,911fd1f354869965c424f877acb19179ed5804e8e80874cc537862103ac63509,b882632a5e3e7690785ab2038dbfaa84a602ea1b7dd545bfce1ad0423c5eb44d,Password,0
313942,DDoS_ICMP,82c027f7d14b45aaf5d1222a9297cf5666eae3931b88ecf1cfa881d67e3d8b24,54f4d9320871d6056ade0dfb1be15269ea26961d24e7a4443da436bc1024b5e3,DDoS_ICMP,1
313974,Fingerprinting,80d9668e351e7ec297cdf4ed8d5cc6cdaf90c349a996a9b6238d45718d10b4e7,6e65f57aca287613ce74c61ce0db1b4e5217c882f766c9ff979cd378b883b63d,Fingerprinting,1
314212,DDoS_UDP,61b1385109e06ba7409aefaa2c3155ec649bea48691fa74aac321176e600aa79,e90e4fda3dcb3cb41e8313c0e09aeab217093e1ce618277f6a34195b798d81a7,DDoS_UDP,1
314400,XSS,16cc941ca5a121deb4395df1ecf4a842b90e46b21dddae4710f4246a3a899607,e0a10967f38dd2bb5051704534dee9e3485ea04e8d6b447b317f96857d86c800,XSS,1
314414,Normal,39d6e2cd4b843c06adef21450ae190592410593989667e0eb44275a8b2abf23a,fe5538ba27831b9fa35ec86c4a03ae91bda47955dcfecdc341677f57b52455d4,Normal,1
314499,Port_Scanning,70324a9a9412a32d906c1163c7bd70f3ba2f7acb8d6cd16858ab58221be02e95,49757bcb9c3f7f4fa4adceafa59e99dd56d46f2b4e96ad46ccda27e2189e2818,Port_Scanning,1
314508,DDoS_TCP,9eeb1c254a83544f7821b7d91723a91a6186580b87cadc47f52a407fefb0313c,1861f459fff88b59bc9a790668d1dd777b44448bb0526a65f38d09e0a6e3547e,DDoS_TCP,1
314551,DDoS_ICMP,27876bd85eb459516843ce8f5d70697bc2692882c2155a3d1437181fa3abc4dd,59d9dcf2727666972f4c0f4322d8cd74c72be40e6a60796691377c6ffd88b54d,DDoS_ICMP,1
314657,Fingerprinting,1cb0ca65c11e959878509a230ec903ff18e811580a04cfd438c39722b63fce88,e361ae3bbbd3c4ff174de1d64c1dbfde83e84408d4ac8f377e1306311c7a25ed,Fingerprinting,1
314877,MITM,458a5294f6b58f3c2e5dc076832381825e3c0d561e10c40cb0d0dbdc30f5516a,89cc3112f38bc350efe19d00e845c613de608b2596c6d481137593aef6feea38,MITM,1
314902,Fingerprinting,0c57723ce6098230cc6f4f10aa2ef630805e57cf5558c327e39662ed735a26e8,0c9b8ee6d7462f93ca1089c93bac8ac8e610de7b1e2e6ea1cc85817e83a18a12,Fingerprinting,1
314933,XSS,c9dd87d30b5484c65038b81f027301b847c0ebf89e93c12c7ed722783439d4a9,c198ca07098feacce74747c2be0ff312343d0c0e278d4d35a850558780a19fe4,XSS,1
314944,Backdoor,18753595aa546f18a1253d6891bfb5fb6859af4f39d8a243b05ecdc1e4678232,1cff1a1148d0e4ab078982bc06106b1a4149d1ab42c1341078d0dd3d7b403cdd,Backdoor,1
315015,DDoS_TCP,8609540302b2e18f4403adce1ab8363022a70feead7ff340deaea28e417763ef,3546554a2b9901ec37439826688b8b446dae30695fecb4b75bdc141ba67aa288,DDoS_TCP,1
315085,DDoS_ICMP,8d24343a7fcc74d30b420a69a6e0479c0cc4253bebef5ee0be9eaeb3ca874418,ceeb995fa030e0a030c24bb1f8694a110e4f0ae31d033f4d248226cf46e8a7f2,DDoS_ICMP,1
315233,Fingerprinting,09918023417171779d700b213068fd06eb046a7a1e482e613d6e6b597abecdfc,028f529a5f8fb49321d7fde7f225665dcd73d9e24421cd936228329564c222b9,Fingerprinting,1
315234,DDoS_TCP,e7c35c30486eea0e6e77fa972a55c6eaa77c880bfa52c19d95eb1fba776e1a78,b999f65c3db08ca782aa6bb24e7901ec09dec179cf547fc43d806fd43ee81ade,DDoS_TCP,1
315545,Vulnerability_scanner,a3a49975b2f119ca56dcf63cd35c03362faed223b1dff1a4a9563ed43dfb3c46,a3a6e85a72087794f5eca4d84c4a3323119b62c100700a4c53e80cf9e4dcfd01,Vulnerability_scanner,1
315555,XSS,1144411ebed2f27b0902fdc21d34f72656439d2839dee2bbf50962c537be1e99,2897d951fb9aa03cd53c339ba90d9d5f0f65599e36e6cc8e0f84c3ec431a757a,XSS,1
315840,Password,38ebb9e89de46a5839f121a2c683eee228bc7ea0339814b088d511223ac5d9e9,8f8801c220cf430b05a921e391a0298562b29779f658ae31e6e6010c5d434e32,XSS,0
315864,DDoS_ICMP,ed67f21a731f2faa05c0881fe450c5e2673bb201177d930d81453369d74a6418,cd9b8292e59a9024aec0280031339ee6e7d6d8691c9f6df8390e90f69147e7fe,DDoS_ICMP,1
315921,Password,830208aba5ee11ea8eac67dbef004b0ce1f456cba442302779723baff78bef94,67c2f798625bb5f96ae9b73d61eb758006a14b5139f74cfc64edb7dd2504dba5,Password,1
315947,SQL_injection,2ec387a13c0a71933d1687a09609913cd64c04ddf7081ca9f742ccc9868f7849,e96a7007fdf63faff09d0b1431a98be54333ce5a0f8f159cef462e3fc4f329dc,SQL_injection,1
316015,Port_Scanning,1a9481cc169dd3f23d6ae91735d515e26bb1efb3ff857fffa0821e6c5e6097cc,512b25d9bf71ce7c02aedb3812223d609fa855f5b3ea09b4c8b410f144a1d94b,Port_Scanning,1
316024,Password,91a32df74b5ac871c9ef684e308dc38236472d3e289a08baa94bc87169833cf3,00c71be24ac1013c681f09bd3133331bb019e061e3ca58d2c1e51748f9ef5b88,Password,1
316116,Ransomware,c453eeffd6bccd3e5aef20dfc8e91a3b4c9f454c251993462b31754a9e1e9006,8b8769b55133d61bc6ab7eb3ee94ef210ee970dc3d028235e3e664094e54a086,Ransomware,1
316201,Password,9d14b68d728e81825a3c24d4c3824ae9713860b9b10840ec94468bac2a8785d9,025ad46c93eb4a2f6c7d1e3d202a0c0c1ff6ef2a4cb0ff6bad0a541d375ac7db,Password,1
316295,XSS,7b13f576aff4647cf3bcda9a9865b74e1fcbb0e385e34c64ea54e4e376bbb07a,debf3aa6387e930cec8b7506ff59380e65a2db62b7b6909d7c3de76534c222e7,XSS,1
316361,Password,c51564e31669c3cccd75e4c6e4ab8da68eb5ae84440e84219b4553dbac8f9f04,3a85039fe6b328677828a0fdbf2482e1ffec5df325db2f6bd2da4d05d204d079,Uploading,0
316534,Backdoor,ee69c6cc84fe1c11edc4cbd68b80079174386443ecaa2fc01e47352c9272936b,e0a7b24bd4bb1530154930c193c486afbbc5ca921ea537faa8f16e92a633b8df,Backdoor,1
316585,XSS,d93c62812ca757fd2dea7e9124af0751ce3c8cc35ec2bb87b5d3f7a05014e21c,96401347d01866081284bdf94c2ef14dd083474e0e3bd4a628eb95e24a57e01b,XSS,1
316599,DDoS_HTTP,7789dc25abb7981d3b35b147969ff726c5ac17bf2d5b84728a810b71120b615b,94fac012d360db5f2693d7ef1781e1406a9d972529dc8e65898bcf76e7253f60,DDoS_HTTP,1
316612,Uploading,8b100e5b5a3dbc2f870e5c3f159bed28051bd061611ae98572a1c16f7e75f1cc,605707b07885ee5d2ae63fa1e3854768a4c700319248e5ba3244fd4a1f2f7bc7,XSS,0
316788,Fingerprinting,ea20704505065433648726fa4e9e16c922a2be87fc553197a5712f6e79135177,afe0e5c0e711e56ef467b30ea8ca00f267be381c90ce4ec05643512587e88cd3,Fingerprinting,1
316789,Backdoor,f93d81da25667c6d9442ca88d3189963377e57475b17b8ada51c15176830b003,5cab2a32080ab63bcf2a3b4895a163f780b536f76ed6fc185ffa1c174f53e62a,Backdoor,1
316912,DDoS_UDP,8cfd14f0cba85fa33f0e1167e61e7541a20f573b201b1ebff9f8142dc54840bf,7e30316152defb0bc1fb0f45519afeade70b2abd363d33c4a117432ab7f5f06a,DDoS_ICMP,0
317037,Backdoor,8e50b6bc1f4b4ca24e452204e4e8eb47760f0d1845e83b378d8838a02ef42c64,799635b400ddd6d31ea9d96d23a8445df6032e2bb8ead17f5cc2a379144523e2,Backdoor,1
317065,DDoS_ICMP,667ccf32e970cc5952f12d570bb0b4add04de15adf695bbedcd063ce76558eb6,2e63ff883ecb59fcbc9b8d8df0f96c9458bad7734e41df8a5f8c160e4d8fe0e3,DDoS_ICMP,1
317114,Port_Scanning,22f773e3d171685764960377033c61ed6ee7f23d141800e1735d0173e351e290,ebec25c97cb2e2f3a4a9ad71a07e360c9859ce5d6d22aa42bb2b67d3f69c503a,Port_Scanning,1
317156,DDoS_HTTP,3c3b01cbcd532ef79aa284c7cdacda585959da10d61c11ef037f47871d4d2cf1,cc3df15eb264b74db278e230dca74c705f84764cfbda494219661c4ecc74165e,DDoS_HTTP,1
317181,DDoS_TCP,e21fa5be44c223085cd83d04ae4efef5dfdebc09ef9e0277a19ce13d40769e1b,a8eb07dfb2e4a59b8665f377d3bec24f66264580a1bf41bb619bbf245fd43eaf,DDoS_TCP,1
317270,Uploading,f220dd4149c4a1465ec0eeefdfc73c93fba5889688dc46154f573f12cb673fcc,832c38a6f26bccb1ef03eddcefd172ee8fcabed397c061538f7c8941f2a75e34,Uploading,1
317442,XSS,a622254a5edad33518aad44870d724166522db0f4a5497d4e2b03edf1a83b32a,ca04b12cd487ee402c8d9c207993e9f04e5ce8e60020f69efcbb2cd096ce531c,XSS,1
317650,DDoS_ICMP,e2eae99f95904bb29e588c11d65d79d053ef81329c9b8eec79d8a40973666bdc,51db47dfbad771087955c6b0db394db6ab734a4ad46c9c8d84560cb99ef56967,DDoS_ICMP,1
317664,SQL_injection,8c4fd04c88e8457b7d666ca38915d6128521bfe10f571e22ae7fe0a17fa2b08b,3235599a758296207ade2f5ae033eb957ff20a14ce0e47fca03e239a0d5e27f7,SQL_injection,1
317836,Fingerprinting,17195da2140559a7f64f6a5bb5c380d91cfc0e072cb27b4f851ffe96a98f302a,e8f0bb058137c5a25af3cd5263c6bf16011afb4cca61e79064f75247ab567137,Ransomware,0
317869,Normal,4b469af1f96b6a115c1ecf260855ce9a24f55a677ac2cdd379f24af67e255b23,c4e275e38bd53374a21bcf74a05721de0cbe5b1c87e51036d7484f72586beafb,Normal,1
317877,Normal,9861a162cefb686e75424d21136bf085e15bd006ffe63cc3b2811576b71a37fb,b72c02f166bdbb78873c684ac6d5a0d812a44fce655e34aa5047fd1ab9d3e9cb,Normal,1
318182,Ransomware,552a2b0ccca176bff3e57d283a5a851555506ee28ae7fc6982e4335be42272c8,238218b039283f5a45ee0d38f4ad7e90ea8db0b682a1f59d4cc6831d5db1ceda,Ransomware,1
318511,DDoS_HTTP,d7a49e0fab977ab6e4989987ea3dff1b908996c3d22bdaa0cc226fb8433fe8ae,38e1c6a23c87159d2c0d82769eb14743dc5c748cf9acce77816bab3930a71240,DDoS_HTTP,1
318548,DDoS_HTTP,72d187137e0f45c265170ba3bab5fb5728d7339704d1d4e1a54736b2e7d59cca,9ee6e197c8890a2b1d5b7018be0ca4817ce0823657b5f5f9bd836608ddd92470,DDoS_HTTP,1
318564,DDoS_ICMP,0c6a45e46cd8b90074561a7109067573671d7c7bf5e135f479caf9e72ff30657,e224fa4291f3f73a4470587a3154159876e0a2ee39a459d00d45f20d6f96c7f3,DDoS_ICMP,1
318684,Fingerprinting,188e21c2470d0446dce09a2532bbdec28655a39ced914771792cd1ec052228dc,e361ae3bbbd3c4ff174de1d64c1dbfde83e84408d4ac8f377e1306311c7a25ed,Fingerprinting,1
318687,Uploading,6cbab3ca1486e7284bec9e1d1f9697612cace8d0055ebde6874a349e5d13246c,355cb721130ad1c84b3af13e19a1cf44f48b4a978048bd617b8a8a5d1d8bf32e,XSS,0
318705,DDoS_ICMP,ff9362ad69fff7ae9aa588ffe5fed46838e6522b55d80daecf32b654c17ce9cd,6a8e1ab456d693d27398b252a4be694766a7f5c45db4cf90932298f4df43dce8,DDoS_ICMP,1
318794,Normal,e2ec623f2ff1e375608af9b21fca17acb9de733fd1db0e3ceb060bd89abb4955,5e40cc36701d4c58f78dff09dcf88bb8ddcb6c6d15f40315524a8bd9fcfd2efa,Normal,1
318957,Backdoor,af17716d00332d27f75bd5542d7ef09040c281aee5562399d63fcdc099ed3b64,fa6df089bd19511426edc1bae8aa476babc04f3bf650f9efe875f1dea44bd299,Backdoor,1
318966,DDoS_UDP,534c43df9106d781ce602372bc5a58d4836ab36325b103474b49d9581c52319d,65f58b2b57001bc811d03c15e7afd84194921d17151f9f79c1b25f34ab2fb516,DDoS_UDP,1
319191,DDoS_UDP,f9cc08866121925497f3afcdad4e9dda39538ab9f96a615eb938b4932a4935e4,1617ae3a4599ee9be0853ca590b1b32e87d74e270110a7bf2b2156fcf7372ebe,DDoS_UDP,1
319342,Normal,1b7b6eb34f90b01f4fa148984b9de7e3eb74c9d6a9613b13ac5496fa86617ff3,21ec079bb5afdb5f3565c31a86d9f4118ea267f2889779043054519b031f2997,Normal,1
319508,XSS,54261309046377d4390aec36cd0f08d2f4f4aee598c098bb5e4232822f6976f9,fe13288b95346bb246cb0c1cdcfa32d0460bb3f9859f027d952212e6e77b3004,XSS,1
319521,Vulnerability_scanner,08d17db2454db9997183277003351418051668e0c0e52f8264f39b53e6fcab68,739089f2700cbd133d717a47e2dcedfa8bba56d4a2f65d3c816cc2386f2f9854,Vulnerability_scanner,1
319618,MITM,ecff1d62df66a2c543a0757196c5d8d9d5db0f65e09a972554cc974f636e0f95,89cc3112f38bc350efe19d00e845c613de608b2596c6d481137593aef6feea38,MITM,1
319752,DDoS_ICMP,92ec8687a3bf2de7796126b4f0e9aba962e2cf479195d3ae795808db0341c550,dd15e2366c0b90bb2eb36443cbf3d1fd602451d5961fef341e82c4f18938782b,DDoS_ICMP,1
319791,Ransomware,d0d4ad54ac7cc738bd49cd97ebd3e49ed9826bfb7eed2732ee9624113556c842,8b8769b55133d61bc6ab7eb3ee94ef210ee970dc3d028235e3e664094e54a086,Ransomware,1
319814,Port_Scanning,c35353f3125bd82f3019dc77ea5fe4165ff21186c11c06d6c0217d0bc944546b,423b44893268208762808d9180c4b80e0807e43867a3d24ebadf1d9e8262c2bb,Port_Scanning,1
319818,Password,a38d8fb62e3ae5555ba0bd53b1ec98007b914986029e0535d432929db46cf8fb,589849ab99158f630c270bb172b9643d0d49e205802a1f62ffac0334b6d7cd67,Password,1
320011,Port_Scanning,d51c6dc01439a7670d4ee2ae449c90093515640c88adb3f67ccea032a2d56203,2b739f8d80d2170db8159e0bbd21faad124779ca992c629ca2466a29f47c72d5,Port_Scanning,1
320051,DDoS_ICMP,cee981ff8f67f27751dbc3d4b78975a3568e48e9e0f5947f50b62644c37b112d,a50fd77fb8376a5598efc59234c64dcde900f48e82e6aa4062705c44ca418e84,DDoS_ICMP,1
320111,DDoS_HTTP,8c912ac9d0b694d7799f6696fc35c4c948c9426244f6bd64d83e7af8ad5f8658,d2877dc33d8e65e454c825eee7f9e4edf12229df889ef074d5e9a23de3b3ca6f,DDoS_HTTP,1
320151,Backdoor,5600ab25f66d7ce9f4da8b5d77b9652c65f22ff370f1e15e99f2decf07a42135,db5a4a14bb1a41e3c6589f81be0ce01b9581d7aa558baadb59a86949230486c8,Port_Scanning,0
320263,DDoS_UDP,6b4ada5cf613cfc74486171211a5348795c5740109bee0c36671cc0a0fbd1a01,acc585d7b83bdd0c59359b22253db2d0ce3727bea62b05937a0a0fcce818a8f6,DDoS_UDP,1
320280,DDoS_HTTP,308f3c8449682bc6cc9ed812df57c382497444be32e2213a1049e7034f763256,1e94bbdf4416f645f95695d228faea7cd4b5670f660a93534a5ee502e020df11,Password,0
320282,Vulnerability_scanner,3cc3c87ebacce3859851e5946b5c7a37f23c565e5c39e81d7698a7bd4612489a,21078b02a1bdffce4c89b42a9462549f47b3db6f2f8adc9694c56e36bb185f7e,Vulnerability_scanner,1
320592,DDoS_ICMP,c75cb068b282f0484f5eeaf94b274a16c8ed00c4510c0956b358ab994340467c,7faf4b49c4dda4fd8e3f6662ad2157782a5bcc4cadead9ce439df248c6c3a449,DDoS_ICMP,1
320709,XSS,6ddd698010ce806e99bdd713ac44bfd473c6f017de247a1d4f800ac17e69ce22,a31e50b2da53b6c5695e859f17010044ac90b4b54fca00dcdf02d27afdf0fef8,XSS,1
320725,DDoS_HTTP,9e8de24fbcd38329c78c8e380e5b02b7ffff661e2dcaac103834c9fd82df5654,9e0c0e8d176626866465d42daa073c79b0812290ca67496c67975bdc96ffa17a,Password,0
320759,DDoS_ICMP,ba72b07ef212b227a4817409fa5d82027bfbe429f14e643b865c94245eee301d,e38669d590d394fd9de43ee91573938e5cfd8f31669c4c16c0a769ca9787ebae,DDoS_ICMP,1
320781,MITM,2c16fbcdf9ae764396db726e85d88d51220c895d6cd2d13557118654b1435d79,f16f93b86149b5877d6393eab597213a591e2c77ae1c20e329fcee0d15aabffc,MITM,1
320788,DDoS_TCP,d730fe1ac240d89eaf02eeeac8b58535bf3b915a1c3e7a0f9bdd0a2266c68b3c,9178452d8718e41bdfa5d78c2db98b6f67f0bdd2d72f47e424c49e628c0c6155,DDoS_TCP,1
320790,Backdoor,a97be70230a6940a31fe8f65666e703576b3a871fa1e33194f1e666f9d197d4b,89cb9efa53a291ac21d4f3eef774db2187a27fafa53e6b08fe92ff861ac04077,Backdoor,1
321097,Password,894d60011bb02f13ed9e956a3d16d6a81147707b3ce8e5dc8cb1956e17a5c1da,17d201b17998e3c178bfad0230c1f1d7d3e566a9225936bbe4ed1f3ff7e16c40,Password,1
321131,MITM,bae42f1c3f3e5950c0743d0d59f28114d7ed491ee31a25135a6d1499d6732e14,30a4cdbdeb117e033080216cfb416bfe482ec31c27d733981afeee213a506e0c,MITM,1
321226,Uploading,c1769488b6c296151cb99cd7b887b2970bf1114947379645484ae731288a7f43,8ade247fef7731c80e13b2a40d0bd975c4cb81b426822bd9ee7f39e9ab8fd3fe,Uploading,1
321246,DDoS_UDP,7becece20597e1f2cfe6b7e7491f8defc5fa7894580fbca08f61ba6ae7f5dfd4,988809e3efefbf432c65ee98e7f6e1f0301727a158a18da4baee9c4c882b05f8,DDoS_UDP,1
321273,Backdoor,92b0ad7258bd3687b7c6b2ee6c7d8a7e453c24dbe08b6d5700c3b5b727a0cd3b,fa6df089bd19511426edc1bae8aa476babc04f3bf650f9efe875f1dea44bd299,Backdoor,1
321448,DDoS_HTTP,a37b152e17d8713ad5ba1287c225674cb0d0db8d2a6b154db5a5a3091d7820f7,4b1aaa4c38aa82d2027789f64fee56c113fa0dd28933229ce79add71e7dd59ba,XSS,0
321823,DDoS_TCP,7abecb6f28a0bc1b7baee4e68e09fb55db267d87018f020b1d5661882c8ee000,ef9febd7ac74fb236a7d240aaae23cf49c71cb7241fe0c49f2a7202f3c98ab67,DDoS_TCP,1
321880,DDoS_HTTP,fcc439e4632f39db5c3d26fae02e93cdd168370e90d99bfe32a073ea82ca5bde,1f1ae7f071c5e99495ef1e608217e29d4ed2f5c1785e23b00cc146fbdca02e80,DDoS_HTTP,1
321889,DDoS_ICMP,3bf9e85db4573e1f4847d8b34389914060cf3a8abdca0691a78b6eb7ea82158a,f8e86f9890c214a4e9a7e3f4a62555ec68da8a75aac06cf0dabc340e0f753fcf,DDoS_ICMP,1
321927,Uploading,bcd0b1bf1cc7f0f739dbd0fe06a677183a29e1bf5c8341ac9ac5be8d96879058,d05e2e64484bf46c065a886a9aa46893d82923a53c92c2ed5923c8112cd26d12,XSS,0
321947,DDoS_TCP,d1e70ca38cbf995a976e0da96696086fd572a8d5d72d16e1c0e65e3282e24252,f53ddf4672f196a61e485611c97f0b24988382ce4c9d5f1c6dae82a96bb390ca,DDoS_TCP,1
321987,Ransomware,e78f20b9cb7475a542c5d440d477cad9fd44566c2ebedfb7371f7e0da03e9b3a,15d67b93aeb11dbc8f6289f3d603abf0f5e49547624ebc1efc11203638afe585,Ransomware,1
322012,DDoS_TCP,93b57104edc164681e6cc892818f0733d6193597380b27331480b7fdf8650aac,4ac3713c703e5be258e2608021ce3efb0a43c0dc461033c5978bbc2817f3cf90,DDoS_TCP,1
322022,Ransomware,4289f9677f958e1d733fbabf270f763558a9ab7d1944ac7b45dcff6bbad0fb71,238218b039283f5a45ee0d38f4ad7e90ea8db0b682a1f59d4cc6831d5db1ceda,Ransomware,1
322076,Password,0eecfc71b7b48e5236129b3ed88becd74e37f0de2f5fa5a806f8d6a00881ac5a,52bb0645a0fe16a629ef2ad1940da04ee9e5ce21e61b3775e37924dcd09a923e,Password,1
322122,MITM,d22cdda13141a716124a7a6d66fee5b39009cecb533a43ee1b7da2fbeda32293,d1ca59a4b2348861eb2e088f5e445ef8c2c3a9548766140cec48b5647c15361a,MITM,1
322293,DDoS_TCP,2583cf1a11346046625f9293ddcfde08ee369cb00d86f3d19bfd611ed4dbf3f4,e7e3cf728778a9493f5d06f3d0a23943c5abec7af4dbb3498553d55962083ccc,DDoS_TCP,1
322327,Uploading,307c809c4c878e1f08e403b5cafaec418d8da0b677d8c16c4b284088902768a2,7acb13f406cb0cae38d45c710abcbde888c89518abb96c9f55900d77b72b0976,Uploading,1
322363,MITM,bae42f1c3f3e5950c0743d0d59f28114d7ed491ee31a25135a6d1499d6732e14,30a4cdbdeb117e033080216cfb416bfe482ec31c27d733981afeee213a506e0c,MITM,1
322468,Ransomware,e221111a79db172766e2374c6e30231a169e064f4e9c8688f67d7e5b19c9d56b,c9eeb6265a99aad8b7c87ef3f8a2c2be32e4bf5441b37bd864a7a8c7fd2ff36c,Ransomware,1
322547,MITM,bae42f1c3f3e5950c0743d0d59f28114d7ed491ee31a25135a6d1499d6732e14,30a4cdbdeb117e033080216cfb416bfe482ec31c27d733981afeee213a506e0c,MITM,1
322567,Password,aef50a85801668cc78553e30f4f46af4a3dbc2c74cdc9a0610987b9dd0885b3a,e642efe73787de8c94c689fdbd1c5ff3d4fbac0fbb466913f57c46fc8d46e6cd,Password,1
322627,DDoS_TCP,b604a94ef1b0b792284c7491a1203da201be4eab7474c054474bc573d492667a,6a47b932289d91203736906bcf17ba8a44916a921ce2075df18d0bb8d3c8138b,DDoS_TCP,1
322709,Normal,2a9c9f17a84119baed3807531022e3097297f260f1a67cfe1c05c6bc50d76dbd,0fbf914af228e92e64bad2aea06394b8eeb2ca3cab22d2b4b6dc7855d2d69479,Normal,1
322890,SQL_injection,a481b8d5ba575e0eca9184b8ad58bbf047bd8f4194211962a503ff21226e3d36,ddb94eef803409dce9ffe54a10009a0f1e6d4e16f3b32547dc54d6ffcad32fe0,SQL_injection,1
322976,Ransomware,aabaa5f63e392cd00897e44efe3c9246e70aa6697fee526177d6bcbfbe38473f,8b8769b55133d61bc6ab7eb3ee94ef210ee970dc3d028235e3e664094e54a086,Ransomware,1
323008,Fingerprinting,cec45a900031baf020719672da94ededfecca3d44946a5decafd8105c1633c99,db5a4a14bb1a41e3c6589f81be0ce01b9581d7aa558baadb59a86949230486c8,Port_Scanning,0
323077,MITM,2c16fbcdf9ae764396db726e85d88d51220c895d6cd2d13557118654b1435d79,f16f93b86149b5877d6393eab597213a591e2c77ae1c20e329fcee0d15aabffc,MITM,1
323163,Password,3fbd764b3239ee5a9b25d3a220ec6901efe2957e17023885366edef658a20768,4ba1db1b11c40c84c0ab3d80ed2c984dfec42b3f692c55d4b4dc215471d12270,Password,1
323312,DDoS_UDP,c4b5613361dae24dbe4ebc750374ca9e403af437e80c331ff11508c86863a004,e733f8c5a85d465b1470f5e767ffdbfe4f7debf971300ccaff3a7bc4f2b67779,DDoS_UDP,1
323323,SQL_injection,9779c078c378b4bd153fe8479a5661ab32c668ef8f5258ab8f7273603c1b1f22,3fda088814a3f78ae4310dab8bb90a77b22256e0e7fabe8817bf6e22cc10434e,SQL_injection,1
323478,Uploading,f3b1ec4037be95d398a0176112890a8a53b04fc44c7a398968969f64c322fb41,6224ef3d6c1798ed51d219517426abc1f79de78cb1895c8fa259306f9c121a81,XSS,0
323679,Ransomware,0ef4dc08c8103bd612ffa11efb755c1741423f101fd09d3a517f63c9bf79eb30,db5a4a14bb1a41e3c6589f81be0ce01b9581d7aa558baadb59a86949230486c8,Port_Scanning,0
323823,Ransomware,57bbebcbb3102eb2d3daf15fdb8e007100fefeb4ac67c53cb2bec820cdeea6ac,8b8769b55133d61bc6ab7eb3ee94ef210ee970dc3d028235e3e664094e54a086,Ransomware,1
323917,Uploading,064bbe577b1ac71a4b13098d4886ed1d4329b00bc2d76f8a12bea4b175103f30,d047acc8b37cff8256076cf8ad16a33c62e75203de6f94555a05a382e571bc4c,Uploading,1
324136,DDoS_HTTP,4d4183cfd25ce154f038ca35f51d78048f5de67e3109c50862c972148818080d,ee36b35877fcb095343e2aa7182393d35bd143cf70f7e19e89135f7dfce78a26,DDoS_HTTP,1
324271,DDoS_TCP,e6320ab10b613aee1af9b2a430e5a568ee1477613cfca44477e35b7ee0539063,4f1747edcd8b403f365829ae15abf357a9a8f663574755552113186f89c14c1d,DDoS_TCP,1
324301,Fingerprinting,f195a13fd5ad90bed85f05a560afa61c0aa22405a975ade320b35aa5270510ae,0c9b8ee6d7462f93ca1089c93bac8ac8e610de7b1e2e6ea1cc85817e83a18a12,Fingerprinting,1
324406,Vulnerability_scanner,1be2d5c11fcb9d1bd6a83074705adc558a3eb37ea3879cb51bad83f735f15074,80cfdabbd5c2def6ba475ef040bd797439f5639f29a5147bd0143484ae2ab842,Vulnerability_scanner,1
324539,DDoS_ICMP,b1070dba360cd568a0f049fa879530824e62a2a3bfdd0248509bacfae3faab89,9de8f327719b34a70a340afa5a0ba6aae6718757d0da5c607d4059bee983a48d,DDoS_ICMP,1
324556,Vulnerability_scanner,bda71c03e87f7ee2304b5182e69957848978919840a04e112e1135471e758a28,e152236972f4c9eccf886d442c6cbd1d9f1056794eae7b517d47ccdecd45caf3,Vulnerability_scanner,1
324564,DDoS_HTTP,3b621b2e9dfd3935032fea9ac6ff75c64cbafe864d0d240797a3662afe483fa0,0a0dffae84208378d0b77c1f002b91abfd02a4d2d2c05426f6419a801013c314,DDoS_HTTP,1
324569,Uploading,6c1e80ec5811d951075094d0a84948eb72bdf71321a6514b8f9de17b435d9891,10ab87a050240d0a0eac565edf18509ad745b629cd3354ed79223d9d43fc83a6,Uploading,1
324576,Ransomware,8328f441c57270372017570448eb72c390975d3b28d97fd51fe6457b14cfb779,15d67b93aeb11dbc8f6289f3d603abf0f5e49547624ebc1efc11203638afe585,Ransomware,1
324621,DDoS_UDP,ecdb193a038e06cb27284a42ad1d82b8fb211f6f8d639976fcf59c3d5786d310,0e65b90aa5912b00da453e3eb2306c919d5e3838983e7069bcc643158e47acc2,DDoS_UDP,1
324623,XSS,fe26b7dd0d35dc102a5958685c95eb6ecf0daf3c162efd84322f45e3090883ff,2897d951fb9aa03cd53c339ba90d9d5f0f65599e36e6cc8e0f84c3ec431a757a,XSS,1
324628,Port_Scanning,3a0a8ff0498e8687a622724911a5c375ffc1ea7d82a9048d2220d329c1b44aa3,641d123e57571a2857fc1cd7f603fee48cea7bd4d7accb2733599909e35214f7,Port_Scanning,1
324886,Ransomware,d43bc9082a1b22fc7a1a6aa625082af73b49a84c0c705f627bfeb46ef0f92967,8b8769b55133d61bc6ab7eb3ee94ef210ee970dc3d028235e3e664094e54a086,Ransomware,1
324944,Uploading,f50b415dd9eda2b93c09a2eaac9f4edc9a328286a243ef55854d1dd80d7adc26,ccb1995db64e1a3e20432c1cf38cfac1669257e52ab5ab86398f2456972d06ae,Uploading,1
324978,Uploading,a9f863db8581e1570329d30529bd55244f69520a110e6d3d9a2f37b1428654f0,3d551ff71f8106bf38c9c67183fbbe474a265a34417cb1791fb4cc4ffedd4b7a,Uploading,1
325334,SQL_injection,13652f7489eba8ac347bfccf7bef69ee29058f8b602d59a9a17b3ffef2dadcc9,c99c10eedd6e815815fbe956115033c5d06c0c9d6b1aeda44eca9b98384509eb,SQL_injection,1
325498,Port_Scanning,89dc3b2fa6d4cac89590bd47f0d882a17b37ecb2fdf9510b2c55ce070ef8e46a,90d7f7cbd366217e0376c5457b03bcfc1646107f6980874b2fe251920e373c5d,Port_Scanning,1
325596,Vulnerability_scanner,d184e1ef5add5f0d593183795c64c622eaa2032b0054be44c1ac603655d58fb4,c7a9828694a5983ff990897fdecf6ddfaee712b742d87068bced90ee097c5d0f,Vulnerability_scanner,1
325686,XSS,53c63d900d91d420048cfb9f104084dc7e9be1b64fc393aee9ef9536c0e18abb,5992e792e75bffea4dca96d7ae9b95d9f2c3aadb6efc682148f74ceaccac531e,XSS,1
325966,Port_Scanning,bbc6c61c9e1405908378c8543edcb4e83ea75b29f3e6695d063f378853b97e8a,2215979a7aa8a9bb9ed0ce028eb6f19211b7fd515625bfc3869e45d484eb8556,Port_Scanning,1
326060,DDoS_TCP,0eae64e7de57ccd7f2465adf880ee79b1d2c906dc70df50eabf6ec806771162c,727c7be9087f10cdb942561308e3b321c8220ff8091d177cf77249e358878d2b,DDoS_TCP,1
326275,Port_Scanning,7f541089e40b6fd70c0b8df8934d2fa4b7e1cf4768af98d8f72af0742160bea8,ca69602b2a113ffa4298fbcda43d72118c3a5196f66df9a132b0483198187b73,Port_Scanning,1
326319,Normal,559dfb36c1a0e3d8be9d7c33a111adb6c8ceb57b7f9c7c53def5f4a34ff7570b,9cc155313a6d2071d366daf688c3be7d2f8b769c3a17ff9ccec5cceab1a0fd49,Normal,1
326410,MITM,2c16fbcdf9ae764396db726e85d88d51220c895d6cd2d13557118654b1435d79,f16f93b86149b5877d6393eab597213a591e2c77ae1c20e329fcee0d15aabffc,MITM,1
326519,Ransomware,e768a244baac6775ab976ea7ccdcc070fe366065e4bf2f1da5114058e771ad9e,8b8769b55133d61bc6ab7eb3ee94ef210ee970dc3d028235e3e664094e54a086,Ransomware,1
326580,Password,f695be00cd900672fa91c146db4403c0fba60c49bb6162f788746e5df26905b4,a1da1c0976b136cb4c3a88e772451ee1f23eb376b15b99403c5662b45dcee7df,Password,1
326682,DDoS_UDP,c8d1e1cfecbcfebd5d18597f1ceebc9bb500057677e8e6302440bbcffeb938d1,de146dd2f0047c1daccc7474d1659bb33398a5509d59c59b44caa679097608cc,DDoS_ICMP,0
326696,MITM,bae42f1c3f3e5950c0743d0d59f28114d7ed491ee31a25135a6d1499d6732e14,30a4cdbdeb117e033080216cfb416bfe482ec31c27d733981afeee213a506e0c,MITM,1
326714,DDoS_UDP,05fc68681b908f601ea2019bbb5839d8caa0444767e9f094088eb25524ecd9aa,8e0619e923ea96b8b12695f77afc9242f65d7dcd0a9f375bc4a6ec318e9a3bf7,DDoS_UDP,1
326736,Port_Scanning,58c5ba2fa623cdd203f9ae79bba8e7d5c8effc3c4fa103544fe7e561618d941c,e90771d265f5b77249ac21bf9bc45f58098d10fba86cb6e01e7e49d1ea7aeddf,Port_Scanning,1
326743,XSS,985ff9bbb4bae0cd33cb2f6cc3553c7016822d06678ee3a1e2931571de75d757,58ae4cedc0ca39c48622426b2ebbb488957680e59824713d6ba035ff87ff56af,XSS,1
326833,DDoS_HTTP,4eb753001f93599fdfa4e5f2afcd87ed39660e318bf72b59053ffa42b6b0a0c2,223247e74d17bce607a69b2eca0db8964869829dc87232ab761839ebd9ef5526,DDoS_HTTP,1
326838,DDoS_TCP,7d591ce309f3ff6ea01b16a8ee8cc04ff2e85ac5061ac2e0d3a7664c343e2c37,8b7ed0624177443f0ece9dede459c4414c5358f66cbdbd65891d14443c26db86,DDoS_TCP,1
326860,XSS,ee2c0425cf991e019caa407050142d3922c37c4050fab183f4bec7c95138e4ed,56eac5468551125b8cedf00570e55e6715d2caea0e2a71c1e8023bf458855f64,XSS,1
326913,Port_Scanning,fe42be4cfb72599f515ca04e023a5eea119ecfd976b30e564ca43074b662c22f,56db3915ae1ae74034445abc53bd521238c35df718caa7a6074286f5d684668d,Port_Scanning,1
327104,Backdoor,e98da0dc063d5f03176daeb2ce2dece3470389c3affb4b33c87e57fcf3128e1d,fa6df089bd19511426edc1bae8aa476babc04f3bf650f9efe875f1dea44bd299,Backdoor,1
327260,DDoS_TCP,34723f31cbba9ad3ce3100193a74d6ffb20cec4bef43c16246cda7e664a51fc7,6958d54471a950e2fb4ba0bea84650d5532721fc12ada51cadd569c388c13c76,DDoS_TCP,1
327269,Vulnerability_scanner,538cdc4f9c1c20952993360e69dbcc676a511951a62bc5beb09c51dbd6c15832,1365b4c3cb76ea3a6802cf559f7c9e37c656ce2e6d8ccbdad6392ddeca5828ca,Vulnerability_scanner,1
327610,DDoS_HTTP,93c25d0a162b7403fb5117651a1acda8e7817ef0c755e5a8dc37dafc08aad7a2,bf078e24e53c7cb80e2d670e529bbcaa99791c6c8fdd2d092c552f50bcf1b0fc,DDoS_HTTP,1
327615,SQL_injection,c802e0d4163746898d5469e07d6f0b3ffc3b20fbeb957f83ca711c85ba64a74f,a46e15b2963444531e197780895e2cfb1956bf0247a3101a7009f2dcf5638b85,SQL_injection,1
327726,MITM,b7943beb7e7610efea48f37fe56359f1973c4552a6b58eb64f4dda41863ea665,174cea6a1e97255ff9aa6d1fa4a18a1aa4f3cc532136bc6e88d8cf01e50c7ce8,MITM,1
327754,Password,4f67dd54eb22bb42447bd0978b57da197519fba62d5d1e2ea81052563bfbe1c7,1d49df30df42d33d3db8222c8ea6460afd10608ddd5cca3e4eaa1077c47553ef,DDoS_HTTP,0
327776,DDoS_TCP,30f06e6185449c5bb4b1f1a9610ebffa4e978e992dd8e180c2d7e85ab1c6917b,1224ac0ff08c017ca8103b12549e300084067d299b3b67eca137e38635bf858e,DDoS_TCP,1
327788,Fingerprinting,ee43c77f106420ed91deed8a251285b628fe7b5c3926c543ea77a1287c4e407a,967bc85a742814435bb10f3c0ac396ee426c44c42ed1658b06584e50a2af3bf6,Fingerprinting,1
327912,Ransomware,0c92e547442be2ceea7c4e2eb90fd04a07518ef98391980428eff24e13348321,238218b039283f5a45ee0d38f4ad7e90ea8db0b682a1f59d4cc6831d5db1ceda,Ransomware,1
328059,XSS,694380023f7fa2394a5319a87b0a0ea39f96932c82651840abff3571203d024c,4233522723557c4d559633a8a7257bad8ad19d8425803a2eac668d1bfa4bb910,XSS,1
328113,Ransomware,a8aca0af5573d16f1066cdbb2491056932a79342f0333be366207d409873a3cf,34d4cbd1377c91064c6c76667e18b2f148d8a2d01be67049e74f51758f721fa3,Ransomware,1
328142,DDoS_HTTP,76e6cb12f64f888c57d318cbdf54fc463e2bb4381703b79e36d1075f7d94d8d5,04e60d21e2fc273b72cbf372f794a32a57a1b2e00da1f4810d15a0b7f2bdf856,DDoS_HTTP,1
328178,XSS,5881a763892519abe27a6f60b8ca965c5a413a859d124e31ec83700458029f6c,41c6311d45bc4e142030e164386e86217de787c5d5cc77c4d0dd51692e1b82ae,XSS,1
328332,MITM,d22cdda13141a716124a7a6d66fee5b39009cecb533a43ee1b7da2fbeda32293,d1ca59a4b2348861eb2e088f5e445ef8c2c3a9548766140cec48b5647c15361a,MITM,1
328337,Ransomware,1194ee549954ada316bca839b5f73da06394e43249ed4bcc919ae26c42558aa3,1fad6001e7aad4663c746a5dfd17af7041f5f8b88c1722b1a89132248d6b1814,Ransomware,1
328356,Vulnerability_scanner,99e162d0d0cd4b4b2597138189fcd8ad5c50be9aad2288b889b3dca191545d99,172f58540e08b7b4f65afce9b67edc6419e3b0b4e577b92cd0fbedd4d63eb61e,Vulnerability_scanner,1
328591,Port_Scanning,50d8583bd951825e5dcbecbe51e7ff674b214db028aeaf321e4b50154825e69c,c1a9b1ca5d00c6a4d272c31704ab38f043a3f663472334131a0babf36dcd36df,Port_Scanning,1
328681,DDoS_UDP,1c77ba908400613631351c1bcc57bcac3c70543bf9605c44be0dcdf85f716480,293e49f599dd7e608b4f2145d4886c250f9c60b4efcd77fb88508708ea155f15,DDoS_ICMP,0
328773,DDoS_TCP,c3a80df0d286a6378a224de24d83673ab23f8680e8fef75af9eeb69145a98a99,9d8495c15c9c39412a02a67a0ecb0cacf33af7e606ad357d1c184559777c65ee,DDoS_TCP,1
328906,Vulnerability_scanner,afdc799d36f54344ec76086052c796dfefe4afe9203d24d83d7459d403131e41,431b2579906df90ad1f1f67b683ba25e74df27aaea829a75622b7012a6eb22a8,Vulnerability_scanner,1
329013,DDoS_ICMP,e45ad7f4b54b80f8623df0b1ef258059c7c71d098117d14d1e7bcd8e8ef09268,fe84722211a783aeb6326e774feb0970d3de88bf3f2c245b6ec6547994d65437,DDoS_ICMP,1
329087,Port_Scanning,2e0b8cae9816b3f8b8bb71b5f1ae09cd20d753f0e11e4ee1f456a5e7f00d0d9d,db5a4a14bb1a41e3c6589f81be0ce01b9581d7aa558baadb59a86949230486c8,Port_Scanning,1
329198,SQL_injection,c13a23001497f7f57e6e1e504ab27fac95693ef5c5edeaff4bd2a0652ff95d8f,b25f804d9c1b0c5ca6ac5e4eb932ba9277e5fd973d7180d0cc87fd52c211117b,SQL_injection,1
329490,MITM,d22cdda13141a716124a7a6d66fee5b39009cecb533a43ee1b7da2fbeda32293,d1ca59a4b2348861eb2e088f5e445ef8c2c3a9548766140cec48b5647c15361a,MITM,1
329692,DDoS_ICMP,71379ded142c515561b9484b6565dd4e544d25eb0fb9a7f644c66ac7fc3ff92c,1b32305afb420b9acbe10f55890fff9fab1b21f2166b21ae06d1709cb92715b8,DDoS_ICMP,1
329722,Uploading,70ce4d8786bdbf136b6b8ecb8cf4d6873a80f290010933da5be00f55e41cfb48,a67b9d2aaf1608b791b04ecb48194b8eb6ad6a5bc02cd53bd6d8b8aa1f2d2e64,Uploading,1
329737,Backdoor,0f6d4d4c565698bf70838ab23c00ec0ae936dc00459a7e031d9dae0dc76d2b4f,80e4dbe30bb48c790a09a45c13cd33a219df29e71ff5d3fbdea0d9817146f9b4,Backdoor,1
329985,Normal,52b30cf64ae67fa9a3318a66f43d27d289e59c7db6876c1c96a75937de30ff6b,33b820e041a53802e0fa2498265168c49bc292903b966c40510119c028068275,Normal,1
329991,Uploading,1a0fb55c0fedcce217fb03c07e9b3b4f2ba5fc1188b7c1c7d8de7b80edac80f3,52bcd384734436829beae4c81e51ff3d1b9da35b96b34b70faf911a964a4a34b,XSS,0
330041,DDoS_UDP,1780edabbe5f72bf845ebc134b2f401157859ea1c7d3d2fa0ffef6d0b4fa38b9,b3368f2acbaecb5281d995b5764ab37e111474aed775df018f13562488ef2c54,DDoS_UDP,1
330181,Password,31b4f1af45bf02474bbc9083217a5a91e8e0554ad0dae2582f15fd31fb3ad9b5,5a3e6e313b758c0dff0011f2a41a1fc8309e36e6ad38106b3fb7b407e9e71ad1,Password,1
330232,XSS,38fce6c3be7aee20b0eb02d69194579c3d3ed8ce59f0bb87a9a8a7bff140a3b7,2897d951fb9aa03cd53c339ba90d9d5f0f65599e36e6cc8e0f84c3ec431a757a,XSS,1
330303,Password,d0226ce7cf37a3a80fc6eeef35a797bfbfba23484358279138e7883f44043f87,1e9358185bced356cbd89e8c0475f7811572d05f50f626c3cff44a890a3237e1,Password,1
330343,Port_Scanning,99ae69d1a8ab7e24050ea99fa5a087c7d7a7ab1dc0533a82aa8a43a92ac0defc,f16d5b81cfc5bd8782d6d76965fa1ceec9f40d22d0e02248ed6ac6a15b7f44a6,Port_Scanning,1
330428,DDoS_ICMP,81d84289e0e43ba3868fe18c35ba3fe9fa7d8f1a5fcf599ddd94e2671a946d1b,d2f748a2ab22169faa6b98e939bb4a38cd38a355f66f630bd08e538c3e695a01,DDoS_ICMP,1
330492,Uploading,7698683eef8a6b54bdd8b6aefd6d2a7a202320f4846f7838623584655d3d978b,5b8743047b44ef4f578df28f6df7a8c9cba342e1acf4b59faae5025d0b76e25f,Uploading,1
330583,Vulnerability_scanner,bc7c9715f224acf04bf269f69e8250a62ea7b72f3dd91f2c42018e4eb622f728,f83fe03ad3b6a4f5e26be6d14148a3b595bd15a11ba431f3bfed3de6095cd631,Vulnerability_scanner,1
330593,DDoS_HTTP,dce01f0cde02b758e89b09873f369f1c2a4a6a7a5e10a7345673d39fbd112d8e,d21779d2bc870551a6694b6d28a6db47682400748754e88973b0f6960a518ec3,Password,0
330838,MITM,bae42f1c3f3e5950c0743d0d59f28114d7ed491ee31a25135a6d1499d6732e14,30a4cdbdeb117e033080216cfb416bfe482ec31c27d733981afeee213a506e0c,MITM,1
330953,Password,cd638e87980778f5f073af4104e8766007274d8984e50abf850ef0f012d9dc28,baf456f23d71d062cb86cb26af16358befe21e7b7d090f02c94187885fa80168,Password,1
331022,SQL_injection,7b0ea1612638c922ca0c3718e27851696a79ca08002e317ab7da174850d9b0b2,061ff530629a6756751da848d4dabf0a26c000bda0a09bc22e5ed9e83a23c4a7,SQL_injection,1
331099,DDoS_TCP,d6946996c81c835b9220ce6d7d42d303b3c94f5f38aff2147881e273238dcc08,acf8692cdde4487e1ead3070ab6fea8aa2f2c1c8c923c221b7fdd7cfdb8848a3,DDoS_TCP,1
331394,DDoS_UDP,041863c210f821dd47a45a4a7ec261ce4ebbdfe8f88360bc71d747019c2b8b43,c03b24d9ddb47844ce19e2228c4a11e5fc9ac3726fc621cebebc66185c6ba24d,DDoS_UDP,1
331522,XSS,ba3757dee635250953493edb7fcf7e852ee7193b695ba074c081ed9e14425362,616a47b13541598d0dff41997861d3d01823edec0bc7d674ea27b7160205df13,XSS,1
331548,DDoS_TCP,e7960ba29a037a5673dd1577c399780ef37090997abdf98bea23ef2015e8cb95,eab32843a708fea2a308e3227679d63ba3b6563204998bb2c1f4dc4f1ab75a90,DDoS_TCP,1
331682,Uploading,d9b6eead1d87bd23aceb3733c8ce904a51bf449749d521d7798f6a0f6172b4d0,1fed704f6e5a66e909319dd93b654e762df346fc7a774a4603ab83a7e2b7f66d,Uploading,1
331800,Normal,339ab91e5df6d8cc84edd5ee7fe8872886b8cf8c19fd40a15294508ff2e18a1b,bcfa8855dd4754b298734e08d059f0f443001c68c92da71aaef1c85a2a758ec2,Normal,1
332159,DDoS_TCP,8b61c80d35af8e9d442d2bea0fbda3d23c96d6af75d7c077220b935d3827310b,d951cb42651c09432cf82654fba76dab46cb4f5efdfed449c8123663aae08e9d,DDoS_TCP,1
332206,Uploading,4d7e8d0c4a3a9eb2bbc7f4a3b407145e3d827bb9dfe806d1d703544cec73349a,3c6574ee0c7a62d5c8e2b05acaa8dbf8a8173e08d4466a69dba241b65ac2bf2e,Uploading,1
332213,Normal,6264fd9acf5b2b2d0fb4eb35774aab27980161da0b2ec797f327d0f3745d77c6,fc3d53cbdccaeb786bc700dcdd055d9a7b60b97115a78a8f97a8d0b712b4824c,Normal,1
332306,Backdoor,bf6549b58d1f025daa92f5c6fbdd5447869cde2394e168d7577f00c6f8a901b5,799635b400ddd6d31ea9d96d23a8445df6032e2bb8ead17f5cc2a379144523e2,Backdoor,1
332321,DDoS_ICMP,67bcaf4ec04289eb974fafe312014d088c4751ee424e92b1a9ff3dba3297271f,bcc7469f1a9930e62ae73eff997f2181021726d37bc77433c30ed40611837165,DDoS_ICMP,1
332399,XSS,e292b51099169e4ea0c2a44a27e2d1c172b6526523ef717057a9bd89ea686a5c,89d8dd6cad352ff275722fa9b8c23de5d67428a02dd6a30e4c74921b5c752c0d,XSS,1
332526,MITM,8d39180ba1d621bba9a957706aa19e23d46ad5964f5d4bef74decff89ac86e6f,1fba60ec9d788c6d958cbd16d73d5a37c81a8557b2e18ea7b9f9cb4389513c1f,MITM,1
332616,Uploading,98cef969da82403ae5a8f55a1f5f1d0663b1eb129d772383fc75d46be2c8b07d,4f7c3ae715adac7fd1ab63156fd538d22325dc4a9c47773996d350645f0feea5,Uploading,1
332633,Ransomware,4677f7bf724fd48fc07d34c594d089203617cb49af9e02dbe5135ac68a8da2bd,8b8769b55133d61bc6ab7eb3ee94ef210ee970dc3d028235e3e664094e54a086,Ransomware,1
332784,DDoS_UDP,d0a55dee03fd91d8d00296e1dac78f4dbec59747fc8e5f7fb93f54babe2916fa,f44348bd3abe39291d47891b0ce49ef1bc265da70f08a5a0106b0d9e5d470f95,DDoS_UDP,1
332836,Uploading,088526ef737d821ee410e3438b0af8db5998f43e8524e1d105f9f21192202290,7d2ab76a5160af13de3e5675894909cc25de8bcf42097d63ae9ec86e5aa0c2a7,Uploading,1
